ProviderNumber,HospitalName,Address1,Address2,Address3,City,State,ZipCode,CountyName,PhoneNumber,HospitalType,HospitalOwner,EmergencyService,Condition,MeasureCode,MeasureName,Score,Sample,Stateavg
0.9999999948367703,0.9999999942408381,0.9999999918927075,1.0,1.0,0.9999999999856755,0.9999999997894095,0.9999999997283737,0.9999999999820375,0.9999999953218436,0.9999999999881198,0.9999999761165558,0.999999946431403,0.9994327777623223,0.9557234090842968,7.815670003624595e-10,0.9999999996346958,0.9999999999887025,0.9547160638308577
0.9999999896469235,0.9999999884849019,0.9999999837887688,1.0,1.0,0.9999999999640607,0.9999999999853912,0.9999999996381064,0.9999999999807586,0.9999999906455629,0.9999999999975984,0.999999990124195,0.9999999861139913,0.9999751495714443,0.9931160880677409,0.9959089036068757,0.9999999968713525,0.9999999999823929,0.9936647818304517
0.9999999934672844,0.9999999912483305,0.9999999876746274,1.0,1.0,0.9999999999805169,0.9999999999899103,0.9999999993585789,0.99999999997749,0.9999999927412803,0.9999999999958504,0.9999999826347052,0.9999999860806527,0.9999699949932526,0.989736236098763,0.9932104933018648,0.9999999952517414,0.9999999999821512,0.9784245554123884
0.9999999921655417,0.9999999914987115,0.9999999888591732,1.0,1.0,1.1418156837854406e-16,0.9999999996276472,0.9999999992500648,0.9999999993011954,0.999999992645698,0.9999999998295978,0.9999999714209769,0.9999992546287978,0.9999878858921876,0.9961654317956569,0.9973949161893251,0.9999999973079668,0.99999999992599,0.9960776560806083
0.9999999896734978,0.9999999885225038,0.9999999838389189,1.0,1.0,0.9999999999874235,0.9999999999437534,0.9999999996408775,0.9999999999845954,0.9999999906817011,0.9999999999959358,0.9999999835792723,0.9999999798402686,0.9999656888668922,0.9985793846371332,0.9984562254829171,0.9999999999845954,0.9999999825051307,0.9986586771310237
0.999999989647023,0.9999999884925189,0.999999983827067,1.0,1.0,0.9999999999851354,0.9999999999936904,0.9999999996386322,0.999999999966164,0.9999999906540183,0.9999999999907487,0.9999999758587709,0.9999999861446868,0.9999701301468976,0.9891398017119885,0.9916343558300798,0.9999999966948679,0.9999999999975273,0.9889351692395676
0.9999999896574253,0.999999988505465,0.9999999838150446,1.0,1.0,0.9999999999866419,0.9999999999724309,0.9999999996398259,0.9999999999527489,0.9999999943364629,0.9999999999992326,0.9999999826475376,0.9999999852507389,0.9999701301468976,0.9876226743888086,0.9940722181234246,0.9999999993371631,0.9999999999818244,0.990325865971759
0.9999999922006709,0.9999999915537502,0.9999999888089804,1.0,1.0,3.8536279324573093e-16,0.9999999996464908,0.9999999992568434,0.9999999987427515,0.9999999926410653,0.999999999693685,0.9999999597118867,0.9999994199270197,0.9999884907499089,0.9952493080957926,0.9966066808309973,0.9999999983253361,0.999999999919993,0.99458893124818
0.999999984043541,0.9999999897648594,0.9999999892814345,1.0,1.0,0.9999999104662619,0.9999999985911359,0.999999980086159,0.9999999952885049,0.9999999906591058,0.9999999979953743,0.9999999866452357,0.9999999989548486,0.9998953050308914,0.9987928926498704,0.9986671576365359,0.814440580998659,0.00017645177067645036,0.9980613530971498
0.9999999904898403,0.9999999916246055,0.9999999922180934,1.0,1.0,0.9999999448759966,0.9999999991136265,0.9999999816232761,0.9999999962630427,0.9999999921361536,0.9999999973893807,0.9999999870052819,0.9999999984144523,0.9999697520013099,0.9986706829319782,0.9986584619849637,0.3078194648280917,0.0010255437493617264,0.9987478005543186
0.9999998787828804,0.9999999208825475,0.9999999171627428,1.0,1.0,5.047069567644291e-12,0.9999999776608209,0.9999998694097713,0.9999999613772993,0.9999999181536942,0.9999999804783644,0.9999995534809047,0.9999999501829122,0.9999720535059956,0.9986768749622964,0.9988346282353665,4.8979965125280755e-06,0.21301833478636076,0.9988275498471976
0.9999999665101178,0.9999999746166995,0.9999999749134648,1.0,1.0,0.9999997308430658,0.9999999999644588,0.9999999654271228,0.9999999930022058,0.9999999747227836,0.999999999860819,0.9999999737023733,0.9999999996806963,0.9999683043437739,0.9986745233979974,0.9986386893146886,0.2169273686383732,0.15820520296928217,0.9985842796055799
0.9999999835216473,0.9999999893343842,0.9999999896406139,1.0,1.0,0.9999999605857689,0.9999999949842079,0.9999999848104582,0.9999999714136583,0.999999989171883,0.9999999967260892,0.9999999933591256,0.9999999995171862,0.9998580827026242,0.9989419777673798,0.9988977124680448,0.00036834287584614053,0.07034607593675819,0.9989064540645402
1.6823563255639819e-12,0.9999994799965537,0.9999995748340548,1.0,1.0,0.9999933318106923,0.9999999998365183,0.99999780885416,0.9999998938055,0.9999995932039785,0.9999999996894076,0.9999996424426527,0.9999999789671679,0.9999984207798001,0.9996977640070716,0.9996754723094116,0.9999981977936767,0.9999982946458819,0.9996007807299103
0.9999998832862997,0.9999999573972086,0.9999999688959355,1.0,1.0,0.9999995697164155,0.99999999988529,0.9999998714117536,0.9999999812807518,0.9999999632065916,0.9999999999730137,0.9999999741343121,0.9999999987716849,0.9999960144080107,0.9989858957533055,0.9988677010762408,0.9999888387994821,0.99999664363502,0.998888528969335
0.9999999855452445,0.9999999887687637,0.9999999874951159,1.0,1.0,0.9999999756211938,0.9999998749955318,0.9999999847025693,0.9999999781639136,0.9999999878714477,0.9999999283151508,0.9999999913356278,0.9999999951273538,0.9999547922577658,0.998863183147489,0.9988684221941638,0.0001784337739574743,0.0040022294050875585,0.9990756304003888
0.9999999936787135,0.9999999940754664,0.999999993666819,1.0,1.0,0.9999999864884758,0.9999999957524609,0.9999999932391718,0.9999999846918686,0.9999999937283662,6.694971549598869e-07,0.9999999945648456,0.9999999965889971,0.9999485172013554,0.9998243761655544,0.9997968585174735,0.9847370680881194,0.6718793134953343,0.9998315467488567
0.9999999900527571,0.9999999912047884,0.9999999911602516,1.0,1.0,0.9999999669906293,0.9999999529860741,0.9999999814841802,0.9999999921547699,0.9999999913952992,0.9999999752489973,0.9999999873538884,0.9999999983992609,0.999958812440652,0.999658466272207,0.9996322004597737,0.43135045337055494,5.405099779749219e-06,0.9996191737087707
0.9999999574432233,0.999999964563117,0.9999999649539155,1.0,1.0,0.9999998064473391,0.9999999979116296,0.999999955788213,0.9999999797575045,0.9999999647319704,0.9999999986705178,0.9999999855041751,0.9999999988256434,0.9999693595517992,0.9997161965213613,0.999758552841642,0.8716571959904131,0.0035493064715654533,0.9997170060571715
0.9999999827654735,0.9999999784115378,0.9999999813184959,1.0,1.0,0.99999998831359,0.9999999153173357,0.9999999801536037,0.9999999673137557,0.9999999598485241,0.999999999892296,0.9999999881393934,0.9999999799040753,0.9984476151097539,0.999153021796646,0.9990321071384566,0.14445409936492298,0.0013895208259359167,0.9989818159614182
0.9999999908556846,0.9999999854875058,0.9999999882929985,1.0,1.0,0.9999999951647852,0.9999999007189949,0.9999999879983649,0.9999999884883978,0.999999975633273,0.999999999828944,0.9999999810177516,0.9999998098967392,0.9987926220863483,0.9984186303222428,0.9984164986127296,0.9512855787579434,0.00011644893497731162,0.9986498593612216
0.9999999944590457,0.9999999917870072,0.9999999936301976,1.0,1.0,0.9999999960882066,0.9999677726570061,0.9999999936382836,0.9999999920061954,0.9999999893218502,0.9999999769045335,0.9999999896742368,0.9999988441541917,5.0338119495468665e-08,0.987671572109239,0.9900936204810974,0.10455286704444022,0.021714416969955876,0.9892900720074461
0.9999999165996236,0.9999999057592435,0.999999929999677,1.0,1.0,0.9999999935619713,0.9999758945931339,0.999999938212371,0.9999999923684727,0.9999998924199703,0.9999999176259456,9.530396157035311e-12,0.9999917843705766,6.35806993243294e-08,0.9986037590879572,0.9985458117889546,0.6277669998273984,0.0005332574532619183,0.9985530199517859
0.9999999899924178,0.9999999853864808,0.9999999881895009,1.0,1.0,0.9999999950754842,0.999999254040341,0.9999999879436673,0.9999999875212496,0.9999999756518466,0.9999999997876756,0.9999999783289301,0.9999999753194405,0.9986948941087358,0.9985607874200532,0.9985588319921546,0.9643038774668478,9.594214503891568e-05,0.9986821914726624
0.9999990146382652,0.9999985611810991,0.9999989663020245,1.0,1.0,0.9999985216152099,0.9999999456234165,0.9999988393903209,0.9999918639460939,4.791363450599223e-10,0.9999999995960424,0.9999997708215439,1.2316622937031328e-06,0.9999833355868177,0.9998853326299839,0.9998782983530711,0.9915305441243363,0.9999976877645355,0.9998527440897007
0.9999999925678368,0.9999999896009656,0.9999999934950382,1.0,1.0,0.9999999940950063,0.9999968790142151,0.9999999917910857,0.9999999900396689,0.9999999757302763,0.9999999996492336,0.9999999800283066,0.9999999474654843,0.9989319817560557,0.9989628822489578,0.9989241410256454,5.060901435129524e-05,9.344872146997195e-06,0.9987888159837885
0.9999998505636368,1.985568577561896e-11,0.999999845255386,1.0,1.0,0.9999999328995012,0.9995961475568126,0.9999998472151905,0.9999998184301996,0.9999997645138159,0.9999999894075559,0.9999996235203098,0.9999932187655243,0.9999962536541293,0.999134334246695,0.9990258408107063,0.00036014907063495994,0.001398956826373931,0.9991875947794872
0.9999998356565947,0.999999829792657,0.9999998666071496,1.0,1.0,0.9999999989285016,0.9999971821210264,0.9999999136044873,0.9999999987823713,0.9999997953726517,0.9999999022436348,9.285705110405154e-13,0.9999935556705452,0.9999903683754499,0.9998920176587641,0.9998884599548563,0.9988904435329071,0.007371486151674359,0.9998912049095667
0.9999999737915606,0.9999999601737679,0.9999999760703847,1.0,1.0,0.9999999987815613,0.9999935444832072,0.9999999858107743,0.9999999966587866,0.9999999592818947,0.9999999993391526,0.9999999114500508,0.9999995757790762,0.99994469864659,0.9995255959179601,0.9994150220852179,0.0005108780872997196,0.14960542691387876,0.9994174711830558
0.9999999104363054,0.9999998647343155,0.9999999225638335,1.0,1.0,0.9999999989039878,0.9999993478009794,0.9999999395031712,0.9999999953584792,0.999999868108924,0.9999999999625545,0.9999998517926766,0.9999999597476554,0.9999754075517366,0.9997058913673571,0.9997000142564745,0.6917857628527623,0.10569921306910085,0.9996492626307223
0.9999999840324849,0.999999977325999,0.9999999852832816,1.0,1.0,0.9999999980601332,0.9999978993146821,0.9999999836649354,0.9999999924986015,0.9999999707630427,0.9999999986030873,0.9999999673504197,0.9999999183257592,0.999992645475318,0.9989859059510794,0.9990971537775559,0.003610818523331064,0.0008379966414558298,0.9977123595528138
0.999999882150142,0.9999998886100974,0.9999999105600108,1.0,1.0,0.9999999957963867,0.9999978181368974,0.9999999152979379,0.9999999963397671,0.9999998481776773,0.9999999967645153,1.0951073360087721e-12,0.9999851528516792,0.9999947995548489,0.9989943189646946,0.999235633459379,0.0009195956375040735,0.9152515056345222,0.9993594807098405
0.9999999758460806,0.9999999772350637,0.9999999806853881,1.0,1.0,0.9999999994734736,0.9999991721436902,0.9999999805275908,0.9999999989089049,0.9999999637895918,0.9999999997260005,0.9999999271973392,0.9999998970190145,0.9999741172810694,0.9964883897939989,0.996908127748846,0.926543506321351,0.04238388310312954,0.9971788140092345
0.9999999778676173,0.9999999781234837,0.9999999777793821,1.0,1.0,0.999999998092065,0.9999966732442459,0.9999999774230591,0.9999999954094961,0.9999999610988092,0.9999999996398401,0.9999999417003824,0.999999251827883,0.9999930979360576,0.9976393520339959,0.9977495887052287,0.00013500145406249053,0.3036054846018775,0.998109049869206
0.9999999722471817,0.9999999696866416,0.9999999773635583,1.0,1.0,0.9999999991751879,0.9999995072145047,0.9999999840003115,0.9999999978780779,0.9999999588177397,0.9999999997662314,0.9999999341451393,0.9999999260965949,0.9999574926863126,0.9987295699255493,0.9986456741914624,3.1761724033614236e-06,0.28236054921701587,0.9988379391494882
0.999999978389923,0.9999999748997798,0.999999980165484,1.0,1.0,0.9999999984310791,0.9999995450850504,0.9999999797172168,0.9999999932635718,0.9999999666317058,0.9999999994648335,0.9999999911302383,0.999999654921001,0.9999754431063503,0.9990421606656892,0.9988681685942242,7.569043997472126e-08,0.11168453903999437,0.9990752955467541
0.9999998371932,0.9999998044914854,0.9999998502981781,1.0,1.0,0.9999999890059429,0.9999878815265665,0.999999897982354,0.9999999816727441,6.51006191472392e-12,0.9999999929568589,0.9999998237042589,0.999999709763912,0.9999763363865297,0.9993450586897865,0.9993535949360555,4.5941545974355196e-05,0.24325248340123767,0.9993458565560466
0.9999999743274518,0.9999999678119315,0.9999999810558082,1.0,1.0,0.9999999980998382,0.9999977691361168,0.9999999783821497,0.9999999938152514,0.9999999564289662,0.9999999957217797,0.9999999452816597,0.9999999541316253,0.9999868478090869,0.9983835120239151,0.9983879630204099,6.764911729160876e-05,0.005105019950616308,0.9987996015005797
0.9999999760701573,0.9999999702594242,0.9999999793414676,1.0,1.0,0.9999999990289439,0.9999999138425475,0.9999999800098467,0.9999999976620161,0.9999999717524735,0.9999999994891766,0.9999999748162626,0.999999927062265,0.9999912422185363,0.9984867155525373,0.9989003895500597,0.036001372060332826,0.01388249541907391,0.9979989494930699
0.9999999884901883,0.999999986342175,0.9999999898975461,1.0,1.0,0.9999999990450874,0.9999923365368253,0.9999999905822677,0.9999999987473417,0.9999999822981496,1.961764798647462e-09,0.9999999797696406,0.9999276106385045,0.9999946359179913,0.9991544350410441,0.9991459596637697,0.000412480543962493,0.006456864759314174,0.998881246558682
0.999999983787234,0.9999999790868801,0.9999999849096357,1.0,1.0,0.9999999988691286,0.9999998288023026,0.999999986005122,0.9999999968663503,0.9999999746057856,0.9999999965226608,0.999999935666866,0.9999999688631936,0.9999513702628421,0.996640284934935,0.9966299383099748,0.012728430754309817,0.0003397786867572829,0.9973809719312671
0.9999999761366215,0.9999999694242808,0.9999999775224783,1.0,1.0,0.9999999981752837,0.9999997881795165,0.999999979179208,0.9999999956709759,0.9999999583945547,0.999999984831405,0.99999996679307,0.9999999430230292,0.9999840706588248,0.9977364332259502,0.9975253422659358,0.00031247527127172605,0.0011199916817652574,0.9978842352372007
0.9999999548727214,0.9999999518983186,0.9999999603529668,1.0,1.0,0.9999999967994881,0.0014728685248694181,0.9999999674140417,0.9999999934744609,0.999999941796661,0.9999997984085018,2.917885983456032e-10,0.9999915455205004,0.9999843867446446,0.9996389137181759,0.9994177517896194,0.03372230752833293,0.0715994845658563,0.999462692073926
0.9999999884126965,0.9999999863362917,0.9999999894064616,1.0,1.0,0.9999999989477716,0.9999971225889981,0.9999999934389906,0.9999999985491287,0.9999999815100014,0.9999998320877806,0.9999999558360609,1.6494275246193744e-06,0.9999792559692021,0.999353117491404,0.9993416670861859,0.006401054415326451,0.05165053580597885,0.9983013236593906
0.9999992900653003,0.9999995950412707,0.9999994967781577,1.0,1.0,0.9999994204409407,0.9997898212146586,1.5929968714496813e-11,0.999999967217733,0.9999989960974099,0.999999995507821,0.9999999939528267,0.9999992489030497,0.9999467346338609,0.9993748558843922,0.9992744092690173,6.891642090891257e-05,3.396015958412093e-06,0.99930579486866
5.952630459385398e-12,0.9999997172430258,0.9999996604241952,1.0,1.0,0.999999599943303,0.9999789273366999,0.9999993568093481,0.9999999792249386,0.9999993087178726,0.9999999985573993,0.9999999898274013,0.9999959909598388,0.9999957797324962,0.9995992393286333,0.999642305066909,1.2839426041333094e-05,0.7663901517083972,0.9996305160455339
0.999999664953392,0.9999999728768079,0.9999997680601481,1.0,1.0,0.9999997229646553,1.2445271329108282e-05,0.9999995678276232,0.9999999992642898,0.9999995358002222,0.9999999997433378,0.9999999993402895,0.9999999063958613,0.9999796169767332,0.9990538597967766,0.9992183381080443,0.8033462158407084,0.33449866337659334,0.9991908992378782
0.9999998592966748,0.9999999211797675,0.9999999386229509,1.0,1.0,0.9999998782063745,0.9999999015708503,0.999999799945647,0.9999999903675701,0.9999996553670226,0.9999999999984368,0.9999999982723297,0.9999999957693718,0.999996399496796,0.9945181525592051,0.9957922817742051,0.9990437590761355,0.9999985070356193,0.9964460462509714
0.9999997940744051,0.9999999236178526,0.9999999041480028,1.0,1.0,0.9999998826215161,0.9999946549260872,0.9999998103889889,0.9999999976084554,0.9999997857288835,0.9999999999887166,0.9999999992886615,0.9999999950020994,0.9999773608611995,0.9986168087084633,0.998743455364574,0.8120290315643515,0.17051010094090224,0.9986131214190185
0.9999998612481517,0.9999999224991032,0.9999999403840878,1.0,1.0,0.9999998833527497,0.9999998938665072,0.9999998028911871,0.9999999940745995,0.9999996657133883,0.9999999999965895,0.9999999985851531,0.999999924323123,0.9999963994968102,0.9993310153729359,0.9992972471455982,0.9999990029784837,0.9999998132098431,0.9991293504266883
0.9999999144264288,0.9999999497594714,0.9999999914259236,1.0,1.0,0.9999999287674396,9.921250464260665e-07,0.9999998878088184,0.9999999991950262,0.9999998133678393,0.9999999999824638,0.9999999992163993,0.9999999838674827,0.9999957769044627,0.9993635400424201,0.9993401802460055,0.9999860732558293,0.9999994451501925,0.9993398002131885
0.9999999668661138,0.9999999776143372,0.9999999697125906,1.0,1.0,0.9999999689356122,0.9932883312550301,0.9999999569912613,0.9999999984225668,0.9999999492717406,0.9999999961055438,0.9999999993635812,2.751364185178851e-06,0.9999946561211142,0.9994515906234277,0.9994925782856557,0.18154947561318555,0.027610332560931462,0.9994572515864307
0.9999999497042764,0.999999961070757,0.9999999386926409,1.0,1.0,0.9999998461080798,0.9999947863089944,0.9999999090138842,0.9999999740110899,0.9999998844760892,0.9999999979808508,0.999999999749008,0.9999999710145038,0.9999707957448427,0.9994630451770797,0.9996450952172615,0.37906725138611946,0.004161176495302803,0.9996961839979686
0.9999998960160835,0.9999999273209879,0.9999999076197995,1.0,1.0,0.9999998941752523,0.9998469648868441,0.999999857618572,0.9999999969142834,0.9999998154802399,0.9999999996122143,0.9999999993127631,0.99999996377909,0.9999838448192672,0.99969430431981,0.9996789415327803,0.024940513523842904,0.015964171132647285,0.9996698993565973
0.9999998528302536,0.9999998986813717,0.9999998733093572,1.0,1.0,0.9999998576668179,0.9999070048163785,0.9999998010013286,0.9999999978568752,0.9999997419464015,0.999999999768079,0.9999999994402629,0.9999999361729713,0.9999933094278076,0.9981671942669651,0.9977528262305635,0.002244769329603771,0.0036030086162987312,0.9973126528905873
0.9999999490291471,0.999999962536365,0.9999999257157014,1.0,1.0,0.9999999729736833,0.9999428378241337,0.9999999266034251,0.9999999978377475,0.9999998222525067,0.9999999962548288,0.999999999080643,0.9999999758211405,0.9999814327205847,0.9991354444577887,0.9992757747508826,0.9675371641093202,5.895310290842781e-05,0.9991157735813238
0.9999996843943891,0.9999997588942058,0.9999995408306492,1.0,1.0,4.62982547726559e-12,0.9990105323056429,0.9999995674474688,0.9999999863136112,0.9999989941008011,0.999999863443828,0.9999999902545939,0.999996984081307,0.9998255828564059,0.982604425173808,0.9828226934430268,0.9632867604421077,0.00014434737272178604,1.6516008462916098e-07
0.9999952900840088,0.9999963151233651,5.182146290827744e-11,1.0,1.0,0.9999932851066755,0.9996306436162415,0.9999940168501033,0.999999779727584,4.398577481770131e-08,0.9999999378447504,0.9999998286492234,0.9999979531889154,0.9999947324889328,0.9994350277250519,0.9995152362197649,0.887967671178932,0.04325159103879645,0.9995767954762629
0.9999999594131603,0.9999999712978824,0.999999956647245,1.0,1.0,0.999999947320633,0.9995945255707658,0.9999999432452301,0.9999999958953937,0.9999998975075126,0.9999999994583817,0.999999999398824,0.9999996682647048,0.9999674601312952,0.9993199525219197,0.9992938787535275,0.13024344411010022,0.0004987106230799524,0.999374451382505
0.9999999405266085,0.9999999552427437,0.9999999335744456,1.0,1.0,0.999999923902425,0.9999863620374349,0.999999913220581,0.9999999956856699,0.9999998432138834,0.9999999996359321,0.9999999993719513,0.9999999514551104,0.9999832645080664,0.9990538560214584,0.9990573696664253,0.06724516409959531,7.280900281497558e-05,0.9991091641355899
0.9999996121271308,0.9999997087796257,0.9999993518459402,1.0,1.0,0.9999995688846262,0.9999126017326743,0.9999994797510897,0.999999984378164,5.737634150467569e-09,0.9999999918805572,0.9999999967135836,0.9999960691848692,0.9999935366948707,0.9998144755638498,0.9997059752284834,0.00023444590629432099,0.0023484576220021256,0.9998156512849969
0.999999902344816,0.99999993227816,0.9999999146637074,1.0,1.0,0.9999999052207659,0.9998039662964752,0.999999851009687,0.9999999984396908,0.9999998081373505,0.9999999986038689,0.9999999993154063,0.9999999400189116,0.9999812123578008,0.9991517070877075,0.9989079806961904,3.4326197248893646e-09,0.04867225178766811,0.9990224099975226
0.9999999586742812,0.9999999704290876,0.9999999650890892,1.0,1.0,0.9999999514817558,0.9998728328838589,0.9999999363980286,0.9999999956150561,0.9999999178387106,0.9999999929337379,0.9999999995591082,0.9999999823970145,0.9999629884234585,0.9990728688377997,0.9990215147222603,0.038079847195651904,6.806354087823472e-07,0.9985908540153696
0.9999983536546092,0.9999988130118507,0.9999985595115677,1.0,1.0,0.9999983816216393,0.9999123839880031,1.3938663407999903e-11,0.9999999814050684,0.9999970195441187,0.9999999883421965,0.9999999956826856,0.9999970767329482,0.9999879350217584,0.9996208683839828,0.9996625213540192,0.21769133510160862,2.8865513941611375e-06,0.9995696665951292
0.9999998908168866,0.9999999228756907,0.9999999096443345,1.0,1.0,0.999999898563649,0.9999951986585687,0.9999998315497294,0.9999999972747277,0.999999780575915,0.9999999973089332,0.9999999997814087,0.9999998872667171,0.9999805639247578,0.997378385156444,0.9971867764847581,0.004256429542785457,9.455673236547127e-05,0.9972621375235009
0.9999992386965374,0.9999994138959365,0.9999995287929666,1.0,1.0,0.9999992155812785,0.9999993143476267,0.9999988186076096,0.999999910511083,1.1514004447964662e-12,0.9999999995411599,0.9999999907528122,0.9999999614244509,0.9999417305756432,0.9997958291432981,0.9998711177536695,0.9999914590674114,0.9999996396079008,0.99989888077519
0.9999998220917251,0.9999998745605517,0.9999998428437475,1.0,1.0,0.9999997878106027,0.9999935543623023,0.9999997252294812,0.9999999959755003,0.9999996421259781,0.9999999952332531,0.9999999994196003,0.99999998598625,0.9999691128611818,0.9995081602112045,0.9994559450740459,0.7808403677366845,1.320206428950725e-06,0.9995189566083161
0.9999999335822758,0.9999999500606847,0.9999999349348792,1.0,1.0,0.999999896396707,0.9976095689381382,0.9999998959725415,7.775648251610456e-14,0.999999875418532,0.9999999852660723,0.9999999896338495,0.9999987811222052,0.9999751641915068,0.9986848245739264,0.9990446584646346,0.015931699717404105,0.04942316941453485,0.9991281695305052
0.9999999792040344,0.9999999850737711,0.9999999812839777,1.0,1.0,0.9999999784182169,0.9999849006575484,0.9999999687056663,0.9999999970984136,0.9999999582173027,0.9999999704273823,0.9999999995617372,0.9999999305686511,0.9999651930505095,0.999377899458999,0.9993148558958019,1.1932327981016135e-06,0.023765193596633486,0.9987409094690854
0.999999996679236,0.9999999972267518,0.9999999972402379,1.0,1.0,0.9999999910796334,0.999987199114947,0.9999999945020904,0.9999999857145384,0.9999999977332408,0.9999999928585767,0.999999999730747,0.999999652806597,0.9981757703976696,0.9818209089462838,0.9814856098409664,0.3926172579101612,0.00016188425562815376,4.216510255289392e-07
0.9999999796642387,0.9999999797828567,0.9999999803764015,1.0,1.0,0.9999997397012719,0.9999979162725875,5.069406249562825e-10,0.99999983331557,0.9999999826685555,0.9999999982810125,0.9999999979228988,0.999998973765657,0.999923069290184,0.9994409991404978,0.9995193056586281,0.9503430440493386,0.0006756859682292771,0.999518063482037
0.9999999873834328,0.9999999900846462,0.9999999900303324,1.0,1.0,0.9999999773726106,0.9999954509614938,0.9999999802842299,0.9999999666749211,0.9999999931905991,0.9999999994842882,0.999999999896204,0.9999997083718027,0.9998074721456852,0.9994817163688025,0.9994965439039908,0.00325415230262789,0.0001727565759799308,0.9995733693995943
0.9999998173856451,0.9999998321715678,0.9999998358573656,1.0,1.0,0.999999314608282,0.999999420425124,0.9999996980563169,3.988228481736165e-12,0.9999998653522033,0.9999999996381774,0.9999999965937435,0.9999995556568131,0.9999622741086849,0.9996178458582974,0.9996200691225129,0.9751803480763583,0.0001495353130748361,0.9997065288687391
0.9999999982046432,0.9999999985789287,0.9999999985761576,1.0,1.0,0.9999999955722104,0.9998713032127134,0.9999999969918464,0.9999999958976248,0.9999999987670378,0.9999999683169568,0.9999999998342163,0.9999998521187162,7.098309816590334e-09,0.998429176354101,0.9983564796753908,0.9877049755366653,0.0005904386013524806,0.9983814613643278
0.9999998082623491,0.9999998257962527,0.9999998287260615,1.0,1.0,0.9999994965572785,0.9999999936320593,0.9999996421458733,0.9999977858880768,0.999999887520196,0.9999999999934205,0.999999999746251,0.999999776244078,0.9999939261089145,0.9994267587824385,0.999414005217482,0.9981103737833701,0.9999763853412695,0.9993149834507794
0.9999999927376281,0.9999999939662133,0.9999999941546066,1.0,1.0,0.9999999689290325,0.9999972436946977,0.9999999873891882,0.9999999628878847,0.9999999961830498,0.9999999997967423,0.9999999986607264,0.999999964755262,0.9999166079437032,0.9981789649084175,0.9970877133807392,0.004747038471916199,1.3502420677210781e-06,0.9989892761372157
0.9999999936936633,0.9999999950538695,0.9999999949901054,1.0,1.0,0.9999999811212918,0.9998805298496145,0.9999999911548941,0.9999999808408406,0.9999999952490556,0.9999999976267163,0.9999999996966125,0.9999998693812217,0.9999708914713711,0.999492328040365,0.999505792152285,1.0254723305505505e-05,0.001829830111094036,0.9995254423565105
0.999999929250566,0.999999940600107,0.9999999408345577,1.0,1.0,0.9999997636971893,0.9999965695700588,0.9999999062146587,1.196470608547936e-11,0.9999999450350872,0.9999999838817788,0.9999999939237655,0.9999992464136509,0.99998894505579,0.9996028642256224,0.9995946099059495,0.01558191162543708,0.188494834972906,0.999602413045904
0.9999999873016493,0.9999999899870603,0.9999999900831541,1.0,1.0,0.9999999808039493,0.9999643647665641,0.9999999830517796,0.9999999787099373,0.9999999911970293,0.9999999981092174,0.999999999892296,0.9999999197234819,0.9999811888690637,0.9996150427763302,0.9996259225221378,6.081430715059193e-05,0.371458403908921,0.9996232872130745
0.999999854662871,0.9999998716969655,0.9999998734471315,1.0,1.0,7.979490476407954e-12,0.9999811048371745,0.9999997938370839,0.9999988080635943,0.9999998810768105,0.9999999986113438,0.9999999966141361,0.9999990745738804,0.999993371249403,0.9998480206908594,0.9998421921502936,0.9726325990086206,0.004253183908823563,0.999849194858728
0.9999999927163686,0.9999999942221082,0.9999999942685066,1.0,1.0,0.9999999855565705,0.9999970290166341,0.999999990319779,0.9999999905670337,0.9999999945256804,0.9999999982409236,0.999999999671772,0.9999997346883088,0.9999903316274437,0.9987589111402441,0.9987372261810649,0.0006607334290939518,0.0002731697142649651,0.9987150517579945
6.144262421833197e-12,0.9999999356301451,0.9999999345228923,1.0,1.0,0.999999891939075,0.9999972944828179,0.9999999005255852,0.9999998880692039,0.9999999362977995,0.999999996545185,0.9999999970130063,0.9999992467280232,0.9999952783485697,0.999732002916814,0.9996548216931522,0.22629313407334672,0.02103067968018244,0.9996997244890278
0.9999999841246565,0.9999999881337943,0.9999999882026601,1.0,1.0,0.9999999587422659,0.999996319638208,0.9999999808477187,0.9999999062774991,0.9999999889765264,0.999999999829953,0.9999999996387601,0.9999998349943547,0.9999793876365853,0.9997009084187874,0.9997299358772734,0.6589878262590534,0.16038877278507138,0.9997362808061672
0.9999999976972022,0.9999999983154028,0.9999999982944985,1.0,1.0,0.9999999961256095,7.191835443575439e-05,0.9999999967505034,0.9999999959533598,0.9999999983477608,0.9999999951848652,0.9999999997791633,0.9999997866348538,0.9999844314580324,0.9995162364126304,0.9995935284601738,0.9830808609382532,0.005214594449675529,0.9996709562680478
0.9999999917187666,0.9999999942760526,0.999999994281069,1.0,1.0,0.9999999799073154,0.9999995245940732,0.999999990255077,0.9999999825936643,0.9999999944913612,0.9999999997486243,0.9999999996893792,0.9999998925073103,0.9999938138901775,0.9986451124418995,0.9986845183021859,0.0003410203629387939,0.07579309192628828,0.9985498316376923
0.999999988984385,0.9999999925797028,0.9999999926174469,1.0,1.0,0.9999999811690403,0.9999997716730439,0.9999999869934159,0.9999999758110366,0.9999999926790367,0.999999999842828,0.9999999998172768,0.9999996456482083,0.9999880746272648,0.9993412685775691,0.9990350341656645,0.004169523461136585,0.9658039330576794,0.9994113434797801
0.9999999969388541,0.9999999972656327,0.9999999972653769,1.0,1.0,0.9999999873321316,0.9999946734975288,0.9999999934444191,0.9999999876596491,0.999999997438124,0.9999999991557189,0.9999999997390887,0.9999999550783241,0.9999277200253817,0.9988797445460075,0.998820064569209,0.8722570032771112,0.012590636771809221,0.9989392228767795
0.9999999947658865,0.9999999958714058,0.9999999958920683,1.0,1.0,0.9999999773497453,0.9999970023860408,0.9999999921890322,0.9999999670192642,0.9999999960088531,0.9999999812576734,0.9999999993444817,0.999999959939502,0.9999755960386738,0.9992904951297161,0.9993128275702782,0.32845296250782013,0.00014892280987110346,0.9993457341329368
0.9999999444354317,0.9999999548567058,0.999999954229055,1.0,1.0,9.11942038325665e-12,0.9999977905880365,0.9999999185077149,0.9999996568650594,0.9999999567675825,0.9999999651468563,0.9999999950040462,0.999999508800549,0.9999815332655932,0.9994669944311911,0.9994855273708839,0.7364334578021416,0.000168388166347983,0.999125479936926
0.9999999927106417,0.9999999940972516,0.9999999942838685,1.0,1.0,0.9999999790065319,0.999998628370082,0.9999999886911156,0.9999999800787978,0.9999999945688957,0.9999999778806344,0.9999999986915499,0.9999999494933163,0.9999755069407116,0.9987778236506415,0.9988802151933667,0.05873780801800455,0.00015224373663206994,0.998990355440273
0.9999999936274123,0.9999999947908408,0.9999999948258137,1.0,1.0,0.9999999707270466,0.9999989957850841,0.999999990227238,0.9999999768534881,0.9999999952807742,0.9999999915900021,0.9999999990428137,0.9999999469486923,0.999917891171607,0.9974254284242182,0.996413076340718,0.0009163744961569096,0.00011937195458362412,0.9974107730480656
0.9999999865658397,0.9999999886811538,0.99999998890155,1.0,1.0,0.9999999460934264,0.9999996149088051,0.999999978736682,0.9999999079195064,0.9999999895709096,0.9999999903890712,0.9999999993304272,0.9999999277494167,0.9999695045779633,0.9994868627104866,0.9994655229173033,0.8965650635981406,0.0001398154999629333,0.9994682448030782
0.9999999951062791,0.9999999974466931,0.9999999974393603,1.0,1.0,0.9999999805827147,0.9999947507834646,0.9999999926996425,0.9999999925686326,0.9999999975472775,0.9999999994918625,0.9999999995433911,0.9999999759297967,0.9999780217921848,0.9988274212825771,0.9989201734424451,0.6444194424187415,0.287631926600352,0.9989000369539942
0.9999995247439835,0.9999995913654782,0.9999995919237372,1.0,1.0,1.0031339910252602e-10,0.9999940360163107,1.6728960117998328e-08,0.9999988461162396,0.9999996035446022,0.9999983245238407,0.9999999604949616,0.9999978613747221,0.9999765246535778,0.9994647679637626,0.9993811580620042,0.03096373820135879,0.36070940123066797,0.9993908507185351
0.9999999642127768,0.9999999648612039,1.2505165235761646e-11,1.0,1.0,0.9999999622805981,0.9999802842924008,0.9999999620721248,0.9999999983782858,0.9999999545924549,0.9999986226038794,0.999999985536988,0.999999999998721,0.9999204211726472,0.9388263873204444,1.0966574637140136e-06,0.0001794841865395834,0.06974626447567324,0.9560761653789386
0.9999999940853571,0.9999999936758855,0.9999999920673447,1.0,1.0,0.9999999932982179,0.99999981068628,0.999999993090711,0.999999998620993,0.99999999108843,0.9999999922686841,0.9999999994370228,0.9999999999999147,0.9999954806778337,0.9988190229176563,0.9984360063903106,0.00012544578274217624,0.6173752740326459,0.998222814407646
0.9999999898643354,0.9999999907477816,0.9999999832487847,1.0,1.0,0.9999999887861152,0.999999973818618,0.9999999885762919,0.9999999992145662,0.9999999862952934,0.9999999996433075,0.9999999990403126,0.9999999999999432,0.9999974136233812,0.9854943453608433,0.9791815700763961,0.9997607258036968,0.9997367963972742,0.9849141593148348
0.9999999961948448,0.9999999953042363,0.9999999914528531,1.0,1.0,0.9999999949714892,0.9999999451527388,0.999999994322721,0.9999999995000763,0.9999999930650604,0.9999999940068137,0.9999999991306369,0.9999999999999859,0.9999482750095176,5.830187193929018e-09,0.9258878019771694,0.9999551543601728,0.9999806614100984,0.9338625376718003
0.9999999970885797,0.9999999972535109,0.9999999958313596,1.0,1.0,0.9999999973978647,7.762365625041925e-06,0.9999999971266504,0.9999999995684733,0.9999999969550118,1.4286919454538662e-07,0.9999999987601313,0.9999999999997585,0.999981235457893,0.9988781766655309,0.9986424724492534,0.7200588788124486,0.9881037288694771,0.9987791019039416
0.9999999898650459,0.9999999907696094,0.9999999860673655,1.0,1.0,0.9999999910234437,0.9999999969671621,0.9999999885998677,0.9999999992886899,0.9999999862766346,0.9999999969094234,0.999999999418293,0.9999999999998579,0.9999972039177589,0.999510533923162,0.999335789604005,0.9999998177177953,0.9999988541396363,0.9991050549144751
0.9999999897295738,0.9999999917037458,0.999999982966415,1.0,1.0,0.9999999899072806,0.9999999716575592,0.9999999886583312,0.9999999993228245,0.9999999860662286,0.9999999996418723,0.9999999994810055,0.9999999999999717,0.9999972058540961,0.9988548112745425,0.9985946435307976,0.9999997797970609,0.9999998701629464,0.998805998104518
0.9999999748715712,0.999999982550847,0.9999999606607027,1.0,1.0,0.9999999725657607,0.99993066251702,0.9999999736531184,0.9999999920341055,1.6333991578401772e-11,0.9999998053613458,0.9999999527828164,0.9999999999828049,0.9999176838129642,5.558051567142898e-05,0.9794590847222925,0.016227729201309868,0.0600083377872755,0.9848573555905928
0.9999999984739958,0.9999999988267946,0.9999999972838226,1.0,1.0,0.9999999983866701,0.9999996060051539,0.9999999984452616,0.9999999994696793,0.9999999988857411,0.9999999946876842,0.9999999989803428,0.9999999999999005,0.9999415476283591,0.9991744230835065,0.9990747158852867,0.1120650794452662,0.37863940868451207,0.9990244279188877
0.9999999970851549,0.999999997400792,0.9999999949803425,1.0,1.0,0.9999999970000887,0.9999862860322294,0.9999999977756745,0.9999999994523563,0.9999999958414919,0.9999999873217292,0.9999999978609537,0.9999999999996874,0.9999585687547258,0.9994672071126378,0.9992810755780684,2.785831369237454e-06,0.005382081755588648,0.9993058605517745
0.9999999886655219,0.9999999899190187,0.9999999795823984,1.0,1.0,0.9999999881808465,0.9999994502581535,0.999999990072098,0.9999999996154116,0.9999999929092099,0.9999999993261213,0.9999999929198112,0.9999999999999005,0.9999625425482612,0.9997765137881001,0.9996695716296743,0.9906453726255495,0.042180581458802026,0.9997048028551114
0.9999999981273932,0.9999999980360316,0.9999999959176621,1.0,1.0,0.9999999978844586,0.9999991047627674,0.999999997850722,0.9999999985164011,0.9999999974131981,0.999999994457852,0.9999999931338409,0.9999999999999147,0.999990147011243,0.9989683306187641,0.9988114271002491,0.9272210786867471,0.031208623355329857,0.9984093722818425
0.9999999572803101,0.999999954821875,1.4589358155353036e-11,1.0,1.0,0.9999999633420636,0.999994317422664,0.9999999515744958,0.9999999955052489,0.9999999424123603,0.9999998378419112,0.9999999575097301,0.999999999991033,0.9999770460956979,0.9994950200579125,0.999459222493964,0.00032748236804250737,0.0037969071474505548,0.9993681563387079
0.9999999952363084,0.999999992634102,0.9999999828908559,1.0,1.0,0.9999999919423886,0.9999992918979878,0.9999999920502917,0.9999999995029754,0.9999999914660976,0.9999999981893666,0.9999999980954897,0.9999999999998437,0.9999518059995868,0.9995939113582066,0.9996121937551234,0.9516693938962614,0.0022756836870223857,0.999589435351407
0.9999999984905658,0.99999999811169,0.9999999960333242,1.0,1.0,0.9999999979939816,0.9999686509284185,0.999999997986052,0.9999999994062847,0.9999999979958574,0.999999832201027,0.9999999972072687,0.9999999999990052,0.9997613529129045,4.0524281232110344e-07,0.9851968978797891,0.058570524665236504,0.0017913882889661822,0.9886540903343337
0.9999999979962126,0.9999999978972199,0.9999999961432168,1.0,1.0,0.9999999984726743,0.9999996825616868,0.9999999977149941,0.9999999997302922,0.9999999972019255,0.9999999874441557,0.9999999969977438,0.9999999999999717,0.9999746948700147,0.9994752897935003,0.9992391982228302,0.7958645857791392,0.008178209206956822,0.9993734641244107
0.9999999961692937,0.9999999952371895,0.9999999906013245,1.0,1.0,0.9999999949510682,0.9999998205409659,0.9999999948901889,0.9999999989784669,0.9999999936370757,0.9999999615582035,0.999999996462421,0.9999999999994743,0.9999725163721251,0.9995014833662628,0.9991966300425872,0.02652757817357332,0.0005710162480236209,0.9990748725483485
0.9999999987048228,0.9999999992302406,0.9999999977120951,1.0,1.0,0.9999999987077502,0.9999888214085887,0.9999999986954151,0.9999999998055671,0.9999999984802486,0.9999997957685944,0.9999999955577864,0.9999999999998295,0.9991932250079151,0.9785917568171003,8.351639628920558e-07,0.017322976399878842,0.00014752566204285147,0.9828989399812924
0.9999999982390763,0.9999999985291482,0.9999999968114253,1.0,1.0,0.9999999981636307,0.9999992073048405,0.9999999982493791,0.9999999997563691,0.9999999979718126,0.9999999913463001,0.9999999987108055,0.9999999999999717,0.999980426482894,0.9980286253155172,0.9983364623381022,0.1425521866194958,0.011331778114716588,0.9987687085727246
0.9999999941093877,0.9999999956301054,0.9999999899922899,1.0,1.0,0.9999999942384507,0.9999978235011707,0.9999999942622538,0.9999999997071144,0.9999999936907359,0.9999988463594722,2.411271033897537e-11,0.9999999999972431,0.9999785784771645,0.9993368947153736,0.9994903528421301,0.14224662455622863,0.1119382598044696,0.9988493496765504
0.9999999963426945,0.9999999968769374,0.9999999935940879,1.0,1.0,0.9999999964015417,0.9999993380633103,0.9999999964243643,0.999999999344368,0.9999999957471176,0.9999997335006938,0.999999993820211,0.99999999999892,0.9999765400883354,0.998333215981464,0.9986302898354794,0.00019613633720582424,9.466540938739422e-07,0.9986705650277171
0.999999993094349,0.9999999939447265,0.9999999890357004,1.0,1.0,0.9999999935809712,0.999999855347692,0.9999999926153295,0.9999999991787406,0.9999999913206638,0.999999980911028,0.9999999977564188,0.9999999999999717,0.9999744068556918,0.9991423477012314,0.9992231931904682,0.9999643752406708,1.3312329071569215e-11,0.9992469770176178
0.999999994034397,0.9999999953322033,0.9999999894148318,1.0,1.0,0.9999999936037086,0.999999907995435,0.999999994222975,0.9999999996763194,0.9999999976251389,0.9999999955756921,0.9999999766987034,0.9999999999999005,0.9999669070242567,0.9991352559627916,0.9992000675695925,0.6547708530639338,7.89881186221496e-05,0.9991939139843821
0.9999999981522194,0.999999998417465,0.9999999967492103,1.0,1.0,0.9999999980440749,0.9999935873412492,0.9999999981494199,0.9999999994649329,0.9999999978700204,0.999999986089776,0.9999999874387414,0.9999999999999291,0.9999506250215036,0.9971810910704875,0.997709584994079,0.015082487091127807,0.00012639230211646473,0.9950747811436066
0.9999999974868105,0.9999999983148343,0.9999999954375484,1.0,1.0,0.9999999974988613,0.9999998910497598,0.9999999976121786,0.9999999996483524,0.9999999972022097,0.9999999862375263,0.9999999977049187,0.9999999999999574,0.999989279901377,0.9980970934807345,0.998220553903607,0.1278074117180558,0.0697735548098674,0.9986379664099101
0.999999999905441,0.9999999998678107,0.999999999895067,1.0,1.0,0.9999999998970566,0.0036289535698693547,0.9999999998307915,0.999999999825846,0.9999999999053274,0.9999999299920884,0.999999999990564,0.9999999403683422,0.9999844933166376,0.9505309703530634,1.214325943234952e-05,0.1492225546579996,0.9825188400111132,0.8484747420775691
0.9999999995925464,0.99999999936162,0.9999999995560104,1.0,1.0,0.999999999507267,0.9985431421262104,0.9999999991634354,0.9999999991203482,0.9999999995584972,0.9999999867994093,0.9999999999795791,0.9999998254525775,0.9999670184214418,3.547400217363324e-07,0.9814256327834366,6.837065922622812e-09,0.9808062627866702,0.9803467272599617
0.9999999925650515,0.9999999852254008,0.9999999901748141,1.0,1.0,0.9999999862537551,0.9999931329876995,0.9999999800538435,0.9999999764024213,0.9999999933113061,0.9999999999766089,0.9999999996519051,0.9999999419355294,0.9999980046537059,0.9857353736892448,0.9821294871757221,0.991856176289799,0.9486785686927237,0.9867568715128021
0.9999999924582142,0.9999999849778478,0.9999999900207542,1.0,1.0,0.9999999861293106,0.9999992625722476,0.9999999798116337,0.9999999762662387,0.999999997687553,0.9999999999957226,0.9999999988069703,0.999999964262458,0.9999978428692163,0.9925869243633461,0.9943804955165837,0.9955951183692944,0.999656935668787,0.9946912193745715
0.9999999995502549,0.999999999347807,0.9999999995313402,1.0,1.0,0.999999999447681,0.9999900550020991,0.999999999119467,0.9999999987917079,0.9999999995710027,0.9999999995866062,0.9999999998123174,0.9999999845262126,0.9999990229401248,0.995212995484859,0.9953629828488738,0.0007245577890605619,0.9471805030139364,0.9927082918231279
0.9999999924849591,0.9999999850192581,0.999999990091098,1.0,1.0,0.9999999875630438,0.9999992048515942,0.9999999799027821,0.9999999781566377,0.9999999930554396,0.9999999999867271,0.9999999997302496,0.999999935573728,0.9999978428692305,0.9993471511111379,0.9993374295555403,0.9999942893676549,0.9999584609886504,0.9992101791559104
0.9999999924667266,0.9999999849981267,0.999999990104982,1.0,1.0,0.9999999878125295,0.9999925661749723,0.9999999803637822,0.999999979442592,0.9999999931170437,0.9999999999945715,0.9999999998039328,0.9999999420718684,0.9999978443630724,0.9987797274574655,0.9987229150607069,0.9999990964523807,0.9999971833803604,0.9988241179285298
0.9999999970800816,0.999999995255081,0.9999999966183283,1.0,1.0,0.9999999961661389,0.9999402119527111,0.999999993713857,0.999999995532889,0.999999996586027,0.999999993626517,0.9999999999224656,0.9999999369705839,0.9998874444599644,0.9992976450267756,0.9993125628507594,6.791572592851688e-09,0.00046946384525464773,0.9993427009216966
0.9999999989777991,0.9999999985539888,0.9999999989634745,1.0,1.0,0.9999999988603037,0.9995438056198783,0.9999999981558433,0.999999999108809,0.9999999990015738,0.9999995746428477,0.9999999999386661,0.9999997651821807,2.829247333759392e-09,0.9985191689492363,0.9984625498734553,4.094380368126395e-05,0.004599947152528878,0.9984527912569146
0.9999999982610036,0.9999999963097254,0.99999999742235,1.0,1.0,0.9999999968964631,0.9999427484919815,0.999999995085645,0.9999999955427513,0.9999999973411918,0.999999997097632,0.9999999998021282,0.9999997378094097,0.99994910946366,0.9990686318085634,0.9990730033001542,1.1665477461019639e-05,0.00022523401528654882,0.9990790698308935
0.9999999985529088,0.9999999978274446,0.9999999984669757,1.0,1.0,0.9999999982881748,0.999993612029666,0.9999999972092156,0.9999999976041779,0.9999999984747207,0.99999999920162,0.9999999999001546,0.9999999617423335,0.9993092215314574,0.9993336054351304,0.9991738723655496,5.3491666447650016e-05,0.000796713469214888,0.9991584763955462
0.9999999981860839,0.9999999969438848,0.9999999982321556,1.0,1.0,0.9999999977571578,0.999913996029144,0.9999999965112495,0.9999999972964418,0.9999999981453982,0.9999999955897608,0.9999999997531007,0.9999997612463717,0.9999896381190571,0.9992704425376824,0.9993010444002586,4.041871567521395e-06,0.006650947097969911,0.9992518622790135
0.9999999728782858,5.337211407359001e-12,0.9999999731951026,1.0,1.0,0.999999965702657,0.9999938400587649,0.999999956678253,0.9999999522953272,0.9999999709197742,0.9999999967149479,0.9999999965893239,0.9999997794298809,0.9999878719307037,0.9990291608445634,0.9985217853445117,0.006479611367498368,0.41706789772630914,0.9989631742056769
0.9999999979430498,0.9999999966462242,0.9999999980727808,1.0,1.0,0.999999997778744,0.9998951140438606,0.9999999966942,0.9999999969544008,0.9999999979502691,0.9999999974985343,0.9999999998707096,0.9999998418552974,0.9999659284083937,0.9991056471477295,0.9991551237149657,3.2961834657755436e-08,0.005034934981259878,0.9991140951728358
0.9999999975999004,0.9999999962556388,0.9999999976282369,1.0,1.0,0.999999996588045,0.9999801082979465,0.9999999956634015,0.9999999954913222,0.9999999975164258,0.9999999980385752,0.9999999995735038,0.9999999565476411,0.9999847201945282,0.9991395980078829,0.999318930088152,0.23815494326746095,3.9282013232547026e-06,0.9993925463024488
0.9999999983085531,0.999999997215781,0.9999999984099618,1.0,1.0,0.9999999979786766,0.9999206806426786,0.9999999968733563,0.999999997312159,0.999999998274177,0.9999999925744733,0.9999999999056258,0.9999997319607634,0.9999850657944517,0.9991946334901399,0.9992183249366575,7.954988756650398e-08,2.7380000937351876e-05,0.9991420176845998
0.9999999982607336,0.9999999956712885,0.9999999990780993,1.0,1.0,0.9999999978756762,0.9999863936327793,0.9999999967565146,0.9999999971064994,0.9999999982295124,0.9999999976680272,0.9999999999318447,0.9999999266976999,0.9999696798879679,0.9990827430621633,0.9990231978172709,3.0957449456266385e-07,0.24162155150405348,0.9990273391600635
0.9999999799007926,0.9999999740655743,0.9999999826371353,1.0,1.0,0.9999999724805666,0.9999814437360379,0.9999999453086319,2.810416286692141e-13,0.9999999840343181,0.9999999988373817,0.9999999951197368,0.9999998549581582,0.9998771725174533,0.9990162714955789,0.9989351393512074,0.8937072157401164,0.9690993504960677,0.9989738277130167
0.9999999779582683,0.9999999713489278,0.9999999798173322,1.0,1.0,0.9999999704318161,0.9999972376542912,1.0223336659540284e-12,0.9999999166302196,0.9999999786416826,0.9999999949145321,0.999999996284629,0.9999998622044142,0.9999700033063958,0.9986918432249391,0.9987113186120731,0.9174810337146124,0.9206905550655141,0.9986652882996261
0.9999999982546228,0.9999999976368485,0.999999998348045,1.0,1.0,0.9999999977948449,0.9999992512380477,0.9999999900867779,0.9999999931095972,0.9999999983351842,0.9999999999027409,0.9999999997665441,0.9999999884011715,0.9999207705694548,0.9973746867299752,0.9974748199446526,0.8499514957110346,0.4744332814345361,0.9971174628134067
0.9999999812878004,0.9999999761424622,0.9999999846294403,1.0,1.0,0.9999999742814086,0.9999972844082587,1.0223336765390247e-12,0.9999999218279245,0.9999999818078893,0.999999993200504,0.999999994633953,0.9999997956419616,0.9999649188889048,0.9939854930797475,0.9962014332948808,0.8022605523619563,0.32645693198057535,0.9960401329879973
0.999999997142993,0.9999999954457054,0.9999999969056433,1.0,1.0,0.9999999963804101,2.510902111417776e-05,0.9999999932553864,0.999999993873857,0.9999999975828047,0.999999998686164,0.9999999999674998,0.9999999788930157,0.9997414871798104,0.9999171331916045,0.9999176839286168,0.9999991675430292,0.9999903060876444,0.9999212793161846
0.9999999981465778,0.999999997496019,0.9999999983635918,1.0,1.0,0.9999999966979659,0.9999996598000547,0.9999999944110699,0.9999999920869415,0.9999999981553458,0.9999999980526298,0.999999999703789,0.9999999885389458,0.999960957320312,0.9990057968064903,0.9989569718372748,0.998139842768463,0.7253984450294453,0.9989600390602796
0.9999999982042455,0.9999999975623552,0.9999999982713207,1.0,1.0,0.9999999969173673,0.9999995901778919,0.999999995834827,0.9999999928177773,0.9999999982003517,0.9999999999193534,0.9999999996951487,0.999999987798205,0.999960957320312,0.9957260245936643,0.995264545898113,0.8380286046189777,0.8866462142416068,0.9961245009896422
0.9999999981781685,0.9999999975681108,0.9999999982501607,1.0,1.0,0.9999999969519139,0.9999996995161976,0.9999999945896861,0.9999999923138178,0.9999999981634035,0.9999999982070449,0.9999999996811937,0.9999999869797166,0.9999639091586441,0.9963635317996111,0.9964806751083657,0.8387626633503721,0.88664628974293,0.9952526777025659
0.9999999951198221,0.9999999941267533,0.999999992603506,1.0,1.0,0.9999999852496871,0.999999954290119,0.9999999879012621,0.9999999730871569,0.9999999938814598,0.999999999975131,0.9999999917847334,0.9999998250226565,0.9999665845082089,0.9950550194489044,0.9938395476643775,0.9998816646204582,0.007516776005223913,0.9940449478698333
0.999999995401197,0.9999999953340223,0.9999999944275971,1.0,1.0,0.9999999905505775,0.9999994108764159,0.999999989019699,0.9999999796838497,0.9999999942659202,0.9999999997763069,0.9999999961043075,0.9999997466070492,0.9998955362217511,0.9568861211046903,1.0603472375970667e-08,0.9999883817678827,0.957622924750867,0.9679492541890721
0.9999999892849588,0.9999999899158071,0.9999999877673532,1.0,1.0,0.9999999756434196,0.9999999390448712,0.9999999779944208,0.999999940516064,0.9999999885513234,0.9999999999383533,0.9999999928923132,0.9999999398229723,0.9999947762927247,0.9987385426704567,0.9992989837530489,0.999990348971539,0.9780340885082173,0.9987579409768683
0.9999999868199013,0.9999999869143182,0.9999999846471896,1.0,1.0,0.9999999665451476,0.9999999912095917,0.9999999730758167,0.9999999177011211,0.9999999860493604,0.999999999990564,0.9999999878024398,0.9999999593912614,0.9999805487330811,0.9981308388840807,0.998638721121977,0.9999795081728514,0.003977995157176175,0.9981143541787877
0.9999999934591842,0.9999999934387064,0.9999999876508953,1.0,1.0,0.9999999798139643,0.9999999947896044,0.9999999867083745,0.9999999355857788,0.999999993370878,0.9999999999866134,0.999999992177493,0.999999943823683,0.9999893166401786,0.9981900789981233,0.9987123926883488,0.9999939322937534,0.40237572495436813,0.99809466737832
0.9999998783096306,0.9999998700949475,0.9999998407839555,1.0,1.0,0.999999882434956,0.9999999682112991,1.2363777750138504e-10,0.9999980444986043,0.9999998654839521,0.9999999999577653,0.9999996379609771,0.9999972498233677,0.9999979317707429,0.9996585506521216,0.9996492789776449,0.9992346646476162,0.9999804417722381,0.9995819831161403
0.9999999854502876,0.9999999837207414,0.9999999792793661,1.0,1.0,0.999999982460537,0.9999999240883597,0.9999999415362755,0.9999997580041518,0.9999999833427753,0.9999999999967173,0.9999999713640197,0.9999998421214383,0.9999948174358483,0.9992076220026732,0.9991514350524149,0.994079535707118,0.9999968780630856,0.999198518158982
0.999999991836802,0.9999999923622057,0.999999989920454,1.0,1.0,0.999999984688259,0.9999998196971681,0.999999986867593,0.9999999815505165,0.9999999924561679,0.9999999995494591,0.9999999911572673,0.9999999027941348,0.9999559030568924,0.9988323733919742,0.9989136970988678,0.0002535347381307167,0.008912210450582301,0.9988651935099224
0.9999999906080178,0.999999990529787,0.9999999883346932,1.0,1.0,0.9999999761789841,0.9999998808420898,0.9999999855598533,0.9999999501566363,0.9999999917402534,0.999999998124963,0.999999995991118,0.9999999724648778,0.9999785777159764,0.9995098303836405,0.9995251465657468,0.0002329422073097783,0.0015957654454204402,0.9991540094084876
0.9999999891350201,0.9999999897807329,0.9999999889379866,1.0,1.0,0.9999999651377329,0.999999951974233,0.9999999826192012,0.9999999405989701,0.9999999896196671,0.9999999998328519,0.9999999932641829,0.9999999265888874,0.9999713686553957,0.9970969809464609,0.9967509670911139,0.9999014457235567,0.12855426435433853,0.9967673065750989
0.9999999896531905,0.9999999901374396,0.9999999885949508,1.0,1.0,0.9999999580189192,0.9999999619182781,0.9999999832501489,0.9999999315251269,0.9999999903270266,0.9999999999414939,0.9999999977217443,0.9999999266387817,0.9999718700872313,0.9997665180060678,0.9997332556191281,0.9999997206970299,0.02097744386656409,0.9997522914590862
0.9999999914679735,0.9999999914320058,0.9999999889460868,1.0,1.0,0.9999999787346642,0.9999997396971649,0.9999999850976736,0.9999999725543636,0.9999999919103858,0.9999999991710808,0.9999999949828152,0.9999999790373979,0.9999780056276077,0.9967275176886901,0.9968973324130526,0.0015991573978460358,0.012902492762389854,0.996387083548244
0.9999999930691673,0.999999993635413,0.9999999914443266,1.0,1.0,0.9999999764179538,0.9999999790754972,0.9999999897519417,0.9999999702968698,0.9999999934956919,0.9999999999418919,0.9999999979125535,0.9999998665253093,0.9999727948541183,0.9984627978709519,0.99829745812276,0.9994357580603233,0.2371999247343671,0.9983320720655903
0.9999999417539573,0.999999944990323,0.9999999314601122,1.0,1.0,0.9999999018832049,0.9999582204704902,2.7262125150878293e-08,0.9999998854018837,0.9999999428391265,0.9999997180521774,3.1394872750910873e-09,0.00010348172599881374,0.9999722351196672,0.9999025509088136,0.9999080492450652,0.9995885637317167,0.029205608149224283,0.9999068520283989
0.999999993980751,0.9999999945632113,0.9999999922421524,1.0,1.0,0.9999999882658984,0.9999991911678879,0.9999999892593935,0.9999999836342968,0.9999999941163652,0.9999999944987793,0.9999999919845949,0.9999988281107807,0.9999755826400265,0.9988334550319826,0.9987371033162614,2.445241787214686e-09,0.007145523015210021,0.998930475745328
0.9999999860248466,0.9999999859722238,0.9999999823258607,1.0,1.0,0.9999999726801154,0.9999994641043501,0.9999999736842828,0.999999964120662,0.9999999859596188,0.9999999985630553,3.047922037324367e-12,0.9999995382997682,0.9999407889123209,0.9983071065914267,0.9983770781984563,0.9971269295352058,0.0005806318554658634,0.9984271979384634
0.9999999946734449,0.999999995483492,0.9999999930823834,1.0,1.0,0.9999999888858896,0.9999999429818746,0.9999999905128477,0.9999999863743342,0.9999999948482811,0.9999999997308464,0.9999999935821792,0.9999997567800575,0.9999927205708365,0.9936203660553675,0.9934027873820612,0.0022957341576915528,0.6782303435591952,0.9935818104758267
0.9999999367684487,0.9999999442377161,4.7077044475319745e-12,1.0,1.0,0.9999998732777523,0.9999983839238936,0.9999999134472157,0.9999992877056038,0.9999999388817306,0.9999999971762891,0.9999999560992175,0.9999959361349948,0.9999557002440193,0.9997609168052373,0.9997540794465654,4.101952576954953e-06,0.9603598370276154,0.9997578587591046
0.9999999897786723,0.9999999896309221,0.9999999866715116,1.0,1.0,0.9999999840951832,0.9999996938587018,0.9999999843540197,0.9999999793562468,0.9999999898610811,0.9999999902664599,2.7268103492044556e-14,0.9999996583927826,0.9999594586985481,0.9977797019203186,0.9979262040619301,0.9977940531004275,0.23580890553006714,0.9978658311834306
0.9999999933226463,0.9999999935253073,0.9999999904948284,1.0,1.0,0.9999999907478668,0.9999996366899871,0.9999999901597506,0.9999999810101203,0.9999999938386851,0.9999999977574988,0.9999999963763174,0.9999997552223634,0.9999625827851025,0.9984402982617573,0.9985426131716941,3.1079356546960804e-10,0.007366859660089563,0.9978113292430003
0.9999999873963078,0.9999999867192885,0.9999999825525949,1.0,1.0,0.9999999845441467,0.9999990067633279,0.9999999719611883,0.9999999789767177,0.9999999874600008,0.9999999278393146,1.0022776826634196e-10,0.999993932645811,0.9999818720855341,0.998294374382529,0.9983631440327858,8.062390472245456e-06,0.14388134508275077,0.9984918017472669
0.9999999907615945,0.9999999894361197,0.9999999849727603,1.0,1.0,0.9999999893321388,2.5570561104673496e-07,0.9999999768261464,0.9999999172282975,0.9999999897191004,0.9999999993638227,0.9999999782153001,0.999999939713975,0.999890528003312,0.9999186185413392,0.999921697549429,0.9992659485312718,0.9999878774453721,0.9999232643799827
0.9999999893918102,0.9999999900512365,0.9999999855379827,1.0,1.0,0.9999999648968874,0.9999999279808831,0.99999998354555,0.9999999530095647,0.9999999905268312,0.9999999931820868,0.9999999980493328,0.9999999390964424,0.9999745519084368,0.9994133115794445,0.9993345839063558,0.9999849714920499,9.847941496104108e-07,0.9994336415048742
0.9999999955294357,0.9999999955245614,0.9999999938802803,1.0,1.0,0.9999999934275651,0.9999997196834409,0.9999999930820566,0.9999999902205589,0.9999999956224032,0.9999999993201243,0.9999999988816484,0.9999998843012815,0.9999823907876683,0.9983583700305699,0.9982829683294205,8.32230192854339e-06,0.3054108078190804,0.9983494326127225
0.9999999955090858,0.9999999955208524,0.9999999938396656,1.0,1.0,0.9999999923060302,0.9999998486960608,0.9999999930616356,0.9999999968113117,0.9999999955888229,0.9999999835899447,0.9999999985456753,0.9999998790324229,0.9999837221659765,0.9983862212079575,0.9984555479947274,2.466157866215429e-06,0.3054181559799327,0.9982484722492322
0.999999973636577,0.9999999524178816,0.9999999548374074,1.0,1.0,0.9999999570896999,0.9999999251684699,0.9999999886325953,0.9999999977936797,0.9999999745922995,0.9999999999857893,0.9999999992561613,0.9999999973193213,0.9999637227189198,0.9982678534577756,0.9978947010966116,0.9968430937639452,0.005070798370257024,0.9978788228001576
0.9999999902781839,0.9999999513261327,0.9999999552514122,1.0,1.0,0.9999999578113413,0.999999728723489,0.9999999743106688,0.9999999980516492,0.9999999746906386,0.9999999999498073,0.9999999993004849,0.9999999954130488,0.9999753542577535,0.9986256325032236,0.998567465595389,0.9970741846735917,3.680800953809726e-08,0.99873975514703
0.9999996779645195,4.2014610875972054e-12,0.9999994820267438,1.0,1.0,0.9999995501593322,0.9999825702267775,0.9999997060050283,0.9999999916245771,0.9999997150667761,0.9999999979620355,0.9999999860253156,0.9999998812590789,0.9999966163726388,0.9990910043474001,0.9992242349157836,2.7377075866613094e-06,0.7244032156855216,0.9992226207180505
0.9999999690894162,0.9999999121605366,0.9999999469383468,1.0,1.0,0.99999995116474,0.9999999266990641,0.9999999705141964,0.9999999987381756,0.9999999713700025,0.9999999999955662,0.9999999992273132,0.9999999993365947,0.9999830223890263,0.9984692344130194,0.998459979829825,0.9939955855688046,0.06126947911832851,0.9984126782108136
0.9999999758544224,0.999999956523241,0.9999999607828735,1.0,1.0,0.9999999643045647,0.9999973141542542,0.9999999771286102,0.9999999972811936,0.9999999780344527,0.9999999999286615,0.9999999995043254,0.9999999988242934,0.9999742045695006,0.9995215049871682,0.999524530363496,1.1290900731620402e-05,0.02223888704831111,0.9995406429177797
0.9999998881034095,0.9999997839768419,0.9999996580996412,1.0,1.0,0.9999998274538918,0.999999994167638,0.9999998941000342,0.9999999962268761,0.999999932170328,0.9999999999972148,0.9999999988446859,0.9999999965002787,0.9999954638923891,0.9995769043337722,0.9995333865360043,0.9999889147807517,0.9999945940909388,0.9994225556539755
0.9999985806417852,0.9999973890708823,9.62461556309425e-13,1.0,1.0,0.9999979217549675,0.9999996722749782,0.9999986692222551,0.9999999728154454,0.9999991142005287,0.9999999999807159,0.9999999882800809,0.9999999680652399,0.9999982054580459,0.9993898962192886,0.9993374531804439,0.999994713264661,0.9999998126875658,0.9993758602905287
0.9999999689487288,0.9999999558702807,0.9999999585143806,1.0,1.0,0.9999999580786048,0.9999704528169507,0.9999999821280741,0.999999999252239,0.9999999740039418,0.9999999998508288,0.9999999991999573,0.9999999925392445,0.9998788211964426,0.9991158539591336,0.9987971930740003,0.023280925473562097,0.0008194120311747401,0.9989969547824206
0.9999999914786885,0.9999999876240367,0.9999999885424132,1.0,1.0,0.9999999878527178,0.999906513879103,0.9999999918675259,0.999999999269548,0.9999999926501176,0.9999999644567772,0.999999999644487,0.9999999705113543,0.9995944773854736,3.656992484552126e-07,0.983143510768964,0.0004142101871510533,0.0023453111184843496,0.9855929090905062
0.9999999376034217,0.999999910133131,0.9999999179041373,1.0,1.0,0.9999999112486546,0.9999118831422315,0.9999999434406152,0.9999999987497007,0.9999999499840029,0.9999999984483878,0.9999999996503561,0.9999999960425897,0.9999937588219655,0.9994492847373754,0.9994066455773593,0.00017071691417897637,0.0009082704520137807,0.9993884828397094
0.9999999704788398,0.9999999564971073,0.9999999599658631,1.0,1.0,0.9999999439021127,0.9999993187353672,0.9999999714879952,0.9999999974006074,0.9999999739455494,0.9999999999845244,0.9999999988614547,0.9999999984476347,0.9999648679284373,0.9997093059321821,0.9996221104153932,0.9997120264288705,0.05246402620117474,0.9995787970165187
0.9999997088521295,0.9999995859695479,0.999999662032295,1.0,1.0,9.93150664376109e-12,0.9999689100663767,0.9999997203791048,0.9999999747837055,0.9999998023572854,0.9999999851252853,0.9999999904221967,0.9999999606337732,0.9999955812657217,0.9996106540961304,0.9997146380515762,0.04237149213498571,0.0030414516933385117,0.9996094847010034
0.9999999811389417,0.9999999724192752,0.999999977579677,1.0,1.0,0.9999999787307277,0.9999990826720848,0.999999981690465,0.9999999978679455,0.9999999860661007,0.9999999997807123,0.9999999995746975,0.9999999928782871,0.999968579817757,0.9986205788565858,0.9986322862234484,0.07263126379870646,0.00018291752872122684,0.9973878690820009
0.999999952316743,0.999999936244594,0.9999999869388888,1.0,1.0,0.9999999355337813,1.2765635661526314e-05,0.9999999551912435,0.9999999990726423,0.9999999899461899,0.9999999978581969,0.9999999995168736,0.9999999902664457,0.999976457661375,0.999543260167633,0.9996505651935298,0.033550886760027265,0.08211178028707278,0.9996498089314841
0.9999998366159836,0.9999997643098618,0.9999998536203628,1.0,1.0,0.9999998241798536,0.9999875748802216,0.9999998513128472,0.9999999989986037,0.9999999220691822,0.9999999991417781,0.9999999997433946,0.9999999954183921,0.9999739725629309,0.9993648591855063,0.9992613961812986,0.8869538223216599,0.005397799614418159,0.9993809023290852
0.9999999694691445,0.9999999548461898,0.9999999631502029,1.0,1.0,0.9999999509644238,0.9999985015194427,0.9999999820977765,0.9999999988953904,0.9999999794407162,0.9999999997337313,0.9999999994183213,0.9999999967182448,0.9999813353394319,0.9990902697975733,0.9990468434587513,0.745916728052276,6.557217826251272e-05,0.9991185161773414
0.9999999542611147,0.9999999303588563,0.9999999430729519,1.0,1.0,0.9999999239460097,0.9999998274861931,0.99999995508344,0.9999999983669029,0.9999999860014556,0.999999999930509,0.9999999996892797,0.9999999897330981,0.9999813922827292,0.9991072578917989,0.9988692727921433,0.19965542806428221,0.055607028273570835,0.9987430862212812
0.9999999681335799,0.9999999539310676,0.9999999581728085,1.0,1.0,0.9999999529308934,0.9999952198657661,0.9999999730404032,0.9999999988795878,0.9999999765062743,0.9999999997719868,0.9999999993179784,0.9999999989883152,0.9999867829563189,0.9987059820148911,0.998055472798062,0.00045605242645412665,0.2248010196654374,0.9982793037324172
0.9999999760067201,0.9999999652267355,0.999999969188139,1.0,1.0,0.9999999645642113,0.9999389665587155,0.999999979611687,0.9999999986153796,0.9999999815597109,0.9999999789978065,0.9999999995482369,0.9999999907903289,0.9999921913321173,0.9988505637070678,0.9986735108872401,3.459627019056782e-09,9.735974980520419e-05,0.9990889763481805
0.9999999743023696,0.9999999628898885,0.9999999659166441,1.0,1.0,0.9999999586525101,0.9999996215273803,0.9999999907492595,0.9999999971464888,0.9999999798876191,0.9999999995492743,0.9999999996643822,0.999999991854395,0.9999610725235182,0.9990020608753881,0.9991090477429101,0.003925648044504128,1.777277020186796e-05,0.9988811258551435
0.9999999702254034,0.9999999563068523,0.9999999627269468,1.0,1.0,0.9999999432506445,0.9999998360754737,0.999999973660167,0.9999999965656343,0.9999999757744437,0.999999999414854,0.9999999995038422,0.9999999967952818,0.99995964232792,0.9949139061702601,0.9950125080369412,0.7323374577017926,1.1388095918815144e-05,0.9954288528057053
0.9999999353647716,0.9999999042803627,0.9999998489295877,1.0,1.0,0.9999999128043452,0.9999998167772359,0.9999999460198852,0.9999999987600036,0.9999999864675716,0.9999999997204725,0.9999999993029007,0.9999999951816251,0.99835041448444,1.3214524410899268e-09,0.9957317836564324,0.9995451743326906,0.9999868436692777,0.9967099237982902
0.999999967065549,0.9999999531453636,0.9999999555518296,1.0,1.0,0.9999999357048089,0.9999998582387336,0.9999999693742586,0.9999999967915018,0.9999999716412025,0.9999999984430588,0.9999999997557013,0.9999999995774687,0.9999529129165837,0.9994575350636261,0.9993840674832422,0.9993623970696682,0.0006712878354434556,0.9995048665536925
0.9999999890728618,0.9999999841421217,0.9999999855529468,1.0,1.0,0.9999999834898718,0.9999739069128946,0.9999999906255824,0.9999999984249115,0.9999999915510643,0.9999999994385433,0.9999999991846096,0.999999998292438,0.9999864203691727,0.9970977573049324,0.9974790953026154,0.0036732148621584832,0.023891322577421263,0.9980245207426103
0.9999999943199499,0.9999999918361767,0.9999999925197046,1.0,1.0,0.9999999915447689,0.9999871664075494,0.9999999952402591,0.999999999533202,0.9999999955801685,0.9999998844350483,0.9999999998324826,0.9999999851913232,0.9996812462245788,0.9864869104987007,0.9838534983778369,0.0028586802374899727,0.04326202069644743,1.8264845417470474e-07
0.9999992416624115,0.999999399714336,0.9999995401472069,1.0,1.0,0.9999999997384919,0.9999999996793036,0.9999877149868173,0.9999999997207426,0.9999992330172305,0.9999999992757439,0.9999992329897751,0.9999999846879464,0.9999214202565271,0.9988790145368402,0.9985718267440723,0.012662225750204684,8.08136229346816e-07,0.9981830386114032
0.9999992155012714,0.9999993790543239,0.9999998981305874,1.0,1.0,0.9999999998215117,0.9999999992681268,0.9999754422349764,0.9999999995248886,0.9999991937428074,0.9999999993653291,0.9999995890613028,0.9999999654865668,0.9999425379069529,0.9988436354934163,0.9992409821988948,0.06445441810462085,8.231095119674452e-07,0.9992242966456008
0.9999905814712545,0.9999922368324471,0.9999939974323231,1.0,1.0,0.9999999975534025,0.9999999917546348,6.345766028231961e-12,0.999999995568274,0.9999903258246678,0.9999999971048653,0.9999958508505631,0.9999994038279781,0.9999400753524816,0.9997770437253674,0.9997703469522509,0.023550896173287754,8.752454614670502e-05,0.9997537423979485
0.9999996531208841,0.999999724842605,0.9999997825808672,1.0,1.0,0.9999999996202433,0.9999999999684377,0.9999852519946986,0.9999999993090398,0.9999996489551157,0.9999999999317312,0.9999998935624377,0.9999999934448313,0.9999548275617316,0.9992538994132928,0.999331943287207,0.6990093406215352,0.0004661322144236136,0.9992730135843475
0.9999992403751222,0.9999993985683593,0.9999995393755579,1.0,1.0,0.9999999997094875,0.9999999994853113,0.9999877134022839,0.9999999996988009,0.9999992134796083,0.9999999955033873,0.9999995670781147,0.9999999911883038,0.999938747065278,0.9990109079088603,0.9989128857994499,0.021450928638420973,1.3764869806172372e-06,0.9990201565804895
0.9999942072544122,0.9999954149337736,0.999996044387196,1.0,1.0,0.9999999985687822,0.9999999975147205,0.999953271471546,0.9999999984872971,0.9999942110294472,3.84082503439903e-08,0.9999999720490256,0.9999994628329767,2.0114518638171584e-12,0.9997540758662254,0.9997517849121298,0.9999668900928111,0.9867982635116053,0.9997064214480417
0.9999992390447456,0.9999993978611422,0.9999995394172383,1.0,1.0,0.9999999993856791,0.9999999985669774,0.9999836226847681,0.9999999986015524,0.9999992124854178,0.9999999993727897,0.9999998456670176,0.9999999896030972,0.9998947956617782,0.9989496852756361,0.9984303338398012,0.0008018519245600315,9.937424427922009e-06,0.9981646602764723
0.9999989706398407,0.9999991855077517,0.9999992881147483,1.0,1.0,0.999999998756536,0.9999999886928209,0.9999646416047214,0.9999999989349675,0.9999989338584356,0.9999999995124114,0.9999995728708686,0.9999999953359834,0.999987821252541,0.9954379979350443,0.9975578547224808,0.006899263713718816,0.00039713282437188984,0.9976343660523227
0.999999266200603,0.9999995650590372,0.9999996159897392,1.0,1.0,0.999999999585782,0.9999999993162874,0.9999734820509495,0.9999999993229949,0.9999994492944306,0.9999999990088924,0.9999996555428393,0.9999999922990669,0.9999801171669777,0.9996650001933414,0.9995352551360677,0.6892705149279832,1.680752992827048e-05,0.9992192502153833
0.999999175812802,0.9999995114931209,0.999999562484131,1.0,1.0,0.9999999997191793,0.9999999982126725,0.9999469732597128,0.9999999995402079,0.9999994018416856,0.9999999997783107,0.9999989769060965,0.9999999970956425,0.9999798594450404,0.9992026689632981,0.9989367297609331,0.5679697372684632,0.005044765806937295,0.9991263874451507
0.9999997151788713,0.999999774449148,0.9999998024273022,1.0,1.0,0.9999999980075814,0.9999999996520472,0.9999929164181717,0.9999999986934256,0.9999997046560775,0.9999999999539996,0.9999999394687668,0.9999999857969614,0.9999862065065949,0.9990850809004523,0.9993994675275093,0.9978288630476136,0.23664321185478654,0.9994185942788674
0.999999319396612,0.9999994614465239,0.9999995302746181,1.0,1.0,0.9999999991659793,0.9999999992710116,0.9999831588000961,0.9999999993395364,0.9999992950214177,0.999999999660446,0.9999998905507883,0.9999999865629691,0.999985893215748,0.9993639062700456,0.9995512102471514,0.024327270232471797,0.29189877200409214,0.9993902764462693
0.9999995584936963,0.9999996504323193,0.9999996965759442,1.0,1.0,0.9999999993708428,0.9999999996554578,0.9999925124741872,0.9999999993104041,0.9999995409579642,0.9999999996858407,0.9999999088932483,0.9999999929428897,0.999992654945703,0.9980953890299171,0.9981365239785833,0.2596150755494616,0.08038121693935973,0.9966286550719033
0.999999716150055,0.9999997621629574,0.9999997807598034,1.0,1.0,1.1480065983934084e-14,0.9999999888659091,0.9999991022330101,0.9999999563364536,0.9999997103432314,0.9999999984635792,0.9999998201581966,0.9999992813504999,0.9999728541699355,0.999600712465933,0.9996853721121344,0.9693580868673553,0.6559923346090588,0.9996977549009226
0.9999990130312891,0.9999992192006808,0.9999993223355995,1.0,1.0,0.9999999993283524,0.999999977387532,0.9999873673688724,0.9999999989586854,0.9999989737514605,0.9999999951808577,0.9999998576298696,0.9999999584523502,0.9999889450853624,0.9987987835525045,0.9989639644290925,4.248332658241647e-08,0.0001199081459754639,0.998852081191349
0.9999993201952757,0.9999994621629494,0.9999995309344704,1.0,1.0,0.9999999993874554,0.9999999993587494,0.9999747404728161,0.9999999986508072,0.9999992956053129,0.9999999992441673,0.9999998881972579,0.9999999746813589,0.9999884505104476,0.9990349653032686,0.9992398207819374,0.06668118884273543,0.0006354825466392415,0.9990330716246267
0.9999996593005717,0.9999997305069792,0.9999997648772015,1.0,1.0,0.9999999992709833,0.9999999933746438,0.9999943843356159,0.9999999988072403,0.9999996469493395,0.9999999491514173,0.9999998439425022,0.9999999542624647,0.9998018860930965,0.9828584298531987,2.8063334342216956e-08,0.03371309144226081,0.029167495173548327,0.985427132188666
0.9999997402770386,0.9999998172640855,0.9999998401544716,1.0,1.0,0.9999999988432648,0.999999998584599,0.9999961157649273,0.9999999989267395,0.9999997316425825,0.9999999994364971,0.9999999389748827,0.9999999973616128,0.9999696491085456,0.9992306746519621,0.9981571147866726,0.00573038424155031,0.0030818419169352193,0.9992224779735587
0.9999992628210084,0.9999994255970763,0.999999461971572,1.0,1.0,3.7173546885742244e-14,0.9999999363973465,0.9999899934263552,0.9999999766971971,0.9999992017623132,0.9999999650235061,0.9999996315564172,0.9999995161431378,0.9999792929975877,0.9995202739454567,0.9996028582550869,0.05371671808848014,3.915346806657199e-06,0.9996019930858359
7.333603118135487e-11,0.9999987445987337,0.9999988535166189,1.0,1.0,0.9999999947578574,0.9999991899722445,0.9999890507786677,0.9999999875671507,0.9999983475894122,2.9026548195926183e-07,0.9999892775203312,0.999999227564615,0.9998983465467106,0.9969044001688261,0.9973789295831385,0.9884796981021264,0.0022526977982985506,1.7271627491799967e-05
0.9999988810042746,0.9999992130030193,0.9999993165850958,1.0,1.0,0.9999999977042934,0.9999999978694093,0.9999868967014164,0.9999999993583515,0.9999988380342658,0.9999999418651289,0.9999999125083757,0.9999999700246894,0.9999702001073492,0.9983075636038122,0.9986886627506252,3.3595705914452794e-06,1.669239564476732e-07,0.9983865891477928
0.9999988860597663,0.9999992166653384,0.9999993198767538,1.0,1.0,0.9999999993846984,0.9999999902690321,0.9999869014862764,0.9999999992842419,0.9999988427682229,0.9999999844853849,0.9999999055971119,0.9999998135144527,0.9999478643842928,0.9988200525927923,0.998683870828312,5.9280865552396785e-08,7.26350672434323e-08,0.9988838288005264
0.9999988876639284,0.9999991423955789,0.9999991806478139,1.0,1.0,0.9999997746377544,0.9999996573626523,0.999997629116987,5.376562833843491e-13,0.999998879932081,0.999999210236566,7.906698089257713e-11,0.9999989680794878,0.9999902699856028,0.9998623019875776,0.9998601988218421,0.9859955471897922,0.0018336549513692652,0.9998799974587621
0.9999861213426752,0.9999898336099807,0.9999911271928563,1.0,1.0,0.999999993243705,0.9999999283794834,0.9996857652751986,0.999999983328195,9.648739097877087e-12,0.9999999917531995,0.9999966226041628,0.9999998573465194,0.9999739826913403,0.9982048932854095,0.999026453710585,0.0018678896239894896,3.92023243842777e-06,0.9986375642930848
0.9999990777699129,0.9999993230208464,0.9999993470645592,1.0,1.0,0.9999999746571578,0.9999999356438586,0.9999922572115216,0.9999999968960368,0.999999102141876,0.9999996173561692,9.334271811053894e-13,0.9999999537580078,0.9999908032323779,0.9992247287554358,0.99931702925231,0.07722549838304155,0.0004573670872442823,0.9991754844264664
0.999999997119943,0.9999999960220692,0.9999999970643217,1.0,1.0,0.9999999938041101,0.9999989223579443,0.999999995569354,0.9999999691326457,0.9999999978059294,0.9999999974673557,0.9999999998174475,0.9999999603002587,0.999418373908215,0.9688975183271284,1.5605163938362087e-07,0.9715808490270486,0.0016837274030834508,0.954637578126467
0.9999999953518427,0.9999999935990617,0.9999999952746209,1.0,1.0,0.9999999898400774,0.9999996485415942,0.9999999937088689,0.9999998513574266,0.9999999945820833,0.9999999998306777,0.9999999996938556,0.9999999819886229,0.9997571995669244,0.9984520380218534,0.998918229020193,0.00022960950444272026,0.007624225222280993,0.9986480147550438
0.9999998011741326,0.999999760398396,0.9999998038622857,1.0,1.0,0.9999995843445516,0.9999803976439077,0.999999738315657,1.0300170800703605e-07,0.999999793637592,0.9999998086970306,3.4191261432240482e-12,0.9999939784888844,0.9999899394544257,0.9998129276403526,0.999860393836969,0.0025554220174897058,0.01617847649872002,0.9998176546194188
0.9999999926818647,0.9999999896441382,0.9999999928062665,1.0,1.0,0.9999999806359059,0.9999999961956832,0.9999999886757679,0.999999896547399,0.9999999916834811,0.9999999999657945,0.9999999996649082,0.9999999970097236,0.9999713694679634,0.999129736192236,0.9993234950678384,0.9997326627634936,0.019935494554446,0.9991719961596748
0.9999999697933794,0.99999995503842,0.9999999649586193,1.0,1.0,0.9999998667300591,0.9999998291634289,0.9999999553090656,2.340976916855107e-09,0.9999999624008645,0.9999999975934487,0.9999999953802502,0.9999999550792478,0.9999479987246432,0.9995975412554723,0.9995794026609116,0.003846325192733075,0.034333594652838396,0.9996146638036723
0.9999999932334732,0.9999999904660087,0.9999999932253872,1.0,1.0,0.999999981961935,0.9999999753874252,0.9999999896993473,0.9999999097947138,0.9999999921974735,0.9999999995967528,0.9999999997755112,0.9999999750083223,0.9999786960598973,0.9873596751502791,0.9901188273481094,0.7562308487234983,2.9363842655969553e-07,0.9877873854394139
0.9999999981069437,0.9999999973871782,0.9999999986372785,1.0,1.0,0.9999999956650357,0.9999893764519631,0.9999999974784403,0.999999988620644,0.9999999976780886,0.9999999568007506,0.9999999998622258,0.9999999515649888,5.846225092480653e-08,0.998074620183262,0.998320513436865,8.98702361969117e-06,0.12460598414279131,0.9980375678712233
0.9999999943123329,0.9999999923764024,0.9999999942062631,1.0,1.0,0.9999999838925364,0.9999997937821448,0.9999999924694408,0.9999999587611379,0.9999999907267921,0.9999999994114859,0.9999999997229878,0.9999999708854266,0.9996507416716701,0.9991449142102203,0.9991925806406821,0.00017521815240451746,0.3084693805803397,0.9991855241066301
0.9999999446582153,0.9999999287289424,0.9999999443395653,1.0,1.0,0.9999997986069137,0.9999999507736431,0.999999921358611,9.754074028129475e-10,0.9999999180942786,0.9999999954742408,0.9999999968145233,0.9999999634839731,0.9999792054175238,0.9996796618532835,0.9996916244028112,0.9955196741202263,0.48407068910766554,0.9996845961368492
0.9999988796632119,0.9999986765058059,0.9999990647862201,1.0,1.0,1.5421193271466233e-08,0.0033109086723549126,0.9999987039031895,0.9999969688734078,1.555589566728077e-08,0.9999966429992428,0.9999999891981873,0.9999944805292086,0.9999905340353437,0.9999367036319553,0.9999425389233116,0.7420106476686581,0.29758178293815873,0.999940787194316
0.9999999965417034,0.9999999954140862,0.999999996572072,1.0,1.0,0.9999999912022163,0.9999997921105507,0.999999995001872,0.9999999838990592,0.9999999959481728,0.9999999954827105,0.9999999995135626,0.9999999847081684,1.4127132938490232e-10,0.9990110913485547,0.9990950238549178,0.9996442429421118,0.8364444563699825,0.9990086919730312
0.999999993946915,0.9999999884369971,0.9999999933688316,1.0,1.0,0.9999999798955062,0.9999999221188491,0.9999999904982816,0.9999999703453146,0.9999999919100732,0.9999999962345784,0.9999999998512267,0.9999999927377986,0.999998626667084,0.9992642625999866,0.9993584098681481,0.7644007971330634,0.5124272296677654,0.9991793818926705
0.9999999956422699,0.9999999941007333,0.9999999954113151,1.0,1.0,0.9999999905836036,0.999999961024259,0.9999999943128871,0.9999999760381545,0.9999999943661778,0.9999999993127631,0.9999999997080522,0.9999999835982722,0.9999961591163364,0.9984200506732068,0.9979527819490788,0.0005784164083722573,0.005662452883750475,0.9983122444389328
0.9999999183631763,0.9999999008481858,0.9999999185552786,1.0,1.0,0.9999998069009353,0.9999994396709874,1.6661152163979326e-12,0.9999994364181671,0.9999999084317366,0.9999999941489791,0.9999999974177457,0.9999999329854911,0.9999981591125965,0.9996230523709365,0.9997001829201425,0.9653953949802893,0.08938801075839706,0.9997147550508988
0.999999993303888,0.9999999913943044,0.9999999932467888,1.0,1.0,0.9999999842415834,0.9999998659667942,0.9999999937420371,0.9999999654982907,0.9999999916075951,0.9999999972452686,0.9999999998223076,0.999999974482407,0.9999969445503109,0.9988207573003737,0.9990031693062168,0.0014750897129573153,0.0006871551078935237,0.998828411679052
0.9999999963369249,0.9999999952003408,0.9999999962897733,1.0,1.0,0.9999999869327497,0.9999998840227772,0.9999999942816232,0.9999999679128285,0.9999999954788167,0.9999999984960226,0.9999999996765611,0.9999999568970007,0.9999956972134414,0.9989901624701559,0.9991306420801177,0.0012112959060450537,0.0008608713457998085,0.9990387031607214
0.9999999963319653,0.9999999956957312,0.9999999962390121,1.0,1.0,0.9999999889317622,0.9999999777673739,0.99999999409485,0.9999999722342356,0.9999999953583939,0.9999999996222471,0.9999999997136371,0.9999999934129705,0.9999961880328708,0.9986622657014776,0.9980693633726121,0.17145668023755017,0.28962034943489906,0.9985837484464115
0.9999999965937861,0.9999999955238225,0.9999999965999679,1.0,1.0,0.9999999939402359,0.9999990743318697,0.9999999950148465,0.9999999811276725,0.9999999959738518,0.9999999973371417,0.9999999998465512,0.9999999838239548,1.528655688392856e-08,0.996381893230963,0.9967581471948224,0.9778685740189331,0.16400966734082317,0.9964950081198846
0.9999999956532265,0.9999999931025202,0.9999999957173743,1.0,1.0,0.9999999896576669,0.9999996341462024,0.9999999945077748,0.9999999687298958,0.9999999946866894,0.9999999395379878,0.9999999998791794,0.9999999677350365,0.9999041289888178,0.999356312386545,0.9993963952204751,1.1889717302909467e-08,0.05055688263040233,0.9993476628379206
0.99999985088385,0.9999997909309505,0.9999998513268022,1.0,1.0,0.9999997630106489,0.999968607136045,0.9999998349265832,8.583535752338829e-08,0.9999998419565498,0.999998200503426,6.216593113594257e-12,0.9999930943446015,0.9999741316394735,0.9996335151277094,0.9996453409647847,5.246222954193702e-07,0.08256118245418813,0.9995944126025007
0.9999999975947703,0.999999996782421,0.9999999977197832,1.0,1.0,0.9999999952054283,0.9999992715089359,0.9999999968147791,0.999999986888355,0.9999999970904555,0.9999997910194841,0.9999999999184439,0.9999997859644142,4.565951914282925e-10,0.9977031584239023,0.9980371775770562,0.4202811620477059,0.2830748307357088,0.9977193516075998
0.9999999634002713,0.9999999391758526,0.9999999633660372,1.0,1.0,0.9999999200257182,0.9999998643458333,0.9999999395538329,0.9999995956256208,0.9999999589387878,0.9999999998578915,0.9999999922569033,0.9999999887428431,0.9997186192974091,0.9997612187713583,0.9996693032651375,0.8911590045978037,0.9995021737311156,0.9997858322290853
0.999999982778448,0.9999999733170175,0.9999999829169186,1.0,1.0,0.9999999457700726,0.99999998871958,0.999999975680382,0.9999998549748276,0.999999980582061,0.9999999932969389,0.9999999999383107,0.9999999975880202,0.9999421708284555,0.99936555261502,0.9993621359293612,0.9960054492163631,0.016769303961849377,0.9993437454552376
0.99999999494068,0.9999999824582491,0.9999999944961077,1.0,1.0,0.9999999863739789,0.9999999284986698,0.9999999931762177,0.9999999604358587,0.9999999932535105,0.9999999985045633,0.9999999999487983,0.9999999972199732,0.9998303845620973,0.9976682483034272,0.9977891201351121,0.16289150125208748,0.39007763302507253,0.9978187981311392
0.9999999355115697,2.2023582740322243e-12,0.9999999301098537,1.0,1.0,0.9999997870323171,0.9999997624651228,0.9999999175823041,0.9999997171862961,0.9999999174806254,0.9999997485851285,0.9999999992473789,0.9999999506854221,0.999931312319495,0.9981695792689002,0.9981765254461076,0.26031509540339476,0.5218811525903789,0.9979250016411892
2.0324440613317464e-13,0.9999999896775479,0.9999999834163875,1.0,1.0,0.9999999872381552,0.9999997966464557,0.9999999859736591,0.999999974892177,0.9999999752605507,0.9999999715436307,0.9999999990341308,0.9999981823528721,0.9999742947671818,0.6572513347248086,0.5789716096858044,0.9999891656672172,0.9999727629326469,3.551344031968806e-08
0.9999999959610478,0.9999999983166674,0.9999999971366407,1.0,1.0,0.9999999973520773,0.9999999976638776,0.9999999973252615,0.9999999935631224,0.9999999954681443,0.9999999997838245,0.9999999996658033,0.9999999025376288,0.9999972619760026,0.8888670009509281,0.9140880870117669,0.9998119988913743,0.9999220341986212,0.8781015497018367
0.9999999935044458,0.9999999975126458,0.9999999955213782,1.0,1.0,0.9999999962310114,0.9999999976693489,0.9999999963782359,0.9999999921587773,0.9999999934259308,0.9999999997491216,0.99999999947795,0.9999999318548897,0.9999973304264351,0.9863529696789437,0.9829509104594218,0.9999818024398975,0.999998260859633,0.9875579291348352
0.9999997078633244,0.9999998523383592,0.9999997987928059,1.0,1.0,0.9999996823139917,0.9999999676785342,0.9999997557594057,0.9999991989001357,5.303356847457575e-12,0.9999999845178993,9.137859917087856e-14,0.9999958017267282,0.99999937855099,0.9987610503139172,0.9990558677070516,0.9999947704747033,0.999999124933253,0.9991170880139472
0.9999999967569267,0.999999998738744,0.9999999977394084,1.0,1.0,0.9999999985072492,0.9999999922905404,0.9999999982760955,0.9999999972885832,0.9999999966362338,0.9999999954709297,0.9999999998831157,0.9999998853876586,0.9999437644891797,0.26333833381561006,0.4012611999126079,0.9999756371019978,0.9999768901000596,1.8001040236934117e-08
0.9999999934097447,0.9999999974389625,0.9999999954521713,1.0,1.0,0.9999999968446646,0.9999999996823448,0.9999999963246183,0.9999999929863607,0.9999999930999338,0.9999999997410072,0.9999999995954312,0.9999999243886066,0.9999971139751702,0.9994021942709839,0.9993970208909195,0.9999999977131752,0.9999999836020808,0.9992968404432309
0.9999999933881726,0.9999999974314165,0.9999999954636395,1.0,1.0,0.9999999969616057,0.9999999974769765,0.9999999964882279,0.9999999935930363,0.9999999931784346,0.9999999997716031,0.999999999705949,0.9999999320149039,0.9999971159737648,0.9988585300062796,0.9988109386710331,0.9999999964161647,0.9999999726725695,0.9989322652410028
0.999999985870062,0.9999999939420122,0.9999999885942118,1.0,1.0,0.9999999906088562,0.9999999651941642,0.999999992625746,0.9999999814370002,0.9999999891827686,0.999999986320944,0.9999999991605648,0.9999999877955476,0.9999636693225912,0.9979948288522809,0.9972225200683968,0.2300368808318126,0.002566147864893577,0.9981985566508
0.9999999470645534,0.9999999743531734,0.9999999571190737,1.0,1.0,0.99999997096505,0.9999942376102995,0.9999999674746652,1.856215343089146e-11,0.9999999600857885,0.9999340515088694,0.9999999965657197,0.9999988130405992,0.9999961047689944,0.9997577864224868,0.9997580446375566,1.1648279251901071e-07,0.0005747316674871656,0.9997547797353268
6.402198587691234e-12,0.9999999856925968,0.999999976590772,1.0,1.0,0.9999999797048533,0.9999990270281289,0.9999999810009828,0.999999966647423,0.9999999778074343,0.999999554057851,0.9999999973313579,0.9999993265810326,0.9999791201352722,0.9996393348646201,0.9996418303288308,0.028866035959943328,0.015797147367378497,0.9996484264286192
0.9999999946429484,0.9999999984330117,0.9999999971778238,1.0,1.0,0.9999999980427958,0.9999997665983063,0.9999999978440997,0.9999999967901516,0.9999999973119743,0.9999997380540495,0.9999999997930615,0.9999998236844632,0.9999578262589999,0.9994547602297985,0.999448116365567,0.000889352819109494,1.9755657158495508e-07,0.9994532940588444
0.9999999957888407,0.9999999984563317,0.999999994684302,1.0,1.0,0.9999999978238067,0.9999999691359142,0.9999999977581383,0.9999999973216944,0.9999999972481818,0.9999999757771153,0.999999999711406,0.9999999896956667,0.9999676785099206,0.9984454466508389,0.9987995560337074,0.19319712840775816,0.035095640815165904,0.9985200594208966
0.9999999994536068,0.9999999997933742,0.999999999255138,1.0,1.0,0.9999999997126849,0.9999782148654712,0.9999999996255582,0.9999999996456809,0.9999999994659134,0.9996999758514693,0.9999999999834303,0.9999966063933415,1.3148161296633338e-06,0.9526781579975921,3.113091939197461e-05,4.3732029013167206e-07,0.5203754837752549,0.9572831421347361
0.9999999843361851,0.9999999919205039,0.9999999813135079,1.0,1.0,0.999999988865497,0.9999999888628538,0.9999999914773953,0.999999982271689,0.99999998509729,0.9999999969389961,0.9999999991830322,0.9999999208032794,0.9996890782463009,0.9996313269625977,0.9997617646545827,0.94642507882708,0.024658728042843244,0.9996983359566936
0.9999999964965839,0.9999999981784101,0.9999999942357648,1.0,1.0,0.9999999971275032,0.9999999388327457,0.9999999973749709,0.9999999956298781,0.999999996586766,0.9999999773433931,0.9999999994812185,0.9999999639656643,0.9999555362429856,0.9985847440007203,0.9990929857740545,0.09625780256337274,0.7086823303641595,0.9986513258746949
0.9999999783468926,0.999999989316649,0.9999999737804193,1.0,1.0,0.9999999850811891,0.9999999703681657,0.9999999875842748,0.9999999798590695,0.9999999790927065,0.9999999946841741,0.9999999995405632,0.9999999863747463,0.9997928618276433,0.9948055037478021,0.9954477485808216,0.043734820239685245,0.002117878623083065,0.9963069585741714
0.9999999758380799,0.9999999859821856,3.4725091149750363e-12,1.0,1.0,0.9999999802718949,0.9999998128725769,0.9999999798954351,0.9999999738435581,0.9999999765922215,0.9999998960877631,0.9999999978687981,0.9999996453119796,0.9999890736033104,0.9993046659174182,0.9992762193360546,0.8356695869725147,0.940900475933332,0.9993321119452409
0.9999998800697015,0.9999999095307329,0.9999998417893449,1.0,1.0,0.9999997909885897,0.9999999350519196,0.9999996495345631,0.9999995832328653,1.5468126651678688e-12,0.9999999860910692,0.9999999891455787,0.9999991138664176,0.999987644938839,0.9984377163207102,0.9978510576110204,0.999989892268469,0.04315059241389691,0.9982646764040073
0.9999999982721876,0.9999999990328662,0.9999999962202822,1.0,1.0,0.9999999989050111,0.9999999469279018,0.9999999990233875,0.9999999979542623,0.9999999981319405,0.9999982847898041,0.9999999998602362,0.9999999835848288,0.999990223715298,0.9984312276069032,0.9981940043224303,5.494751771261395e-05,0.08797376804829031,0.9981455354379074
0.9999999959720044,0.9999999983179891,0.9999999940006746,1.0,1.0,0.9999999976159161,0.9999999854576062,0.9999999973324237,0.9999999957692013,0.9999999956982891,0.9999998987361404,0.9999999998154294,0.999999984948005,0.9999845836277951,0.9992934307674131,0.9991909389115632,0.0005431056968856538,0.0545525356817313,0.9990052969997094
0.9999999904061526,0.9999999942020282,2.170318258257516e-12,1.0,1.0,0.9999999939475971,0.9999954106560844,0.9999999942098584,0.9999999911100305,0.9999999898174822,0.9998897392306424,0.9999999994833786,0.9999988792185406,0.9998579719775184,1.9608829479577624e-06,0.9752264738465202,0.003273833248990791,0.5346960626541046,0.9750373672069896
0.9999999944154753,0.9999999975413233,0.9999999950071016,1.0,1.0,0.9999999970631422,0.9999999914096521,0.9999999965702387,0.9999999944174506,0.999999993394468,0.9999999800897543,0.9999999997899351,0.9999999524029745,0.9998569210387519,0.9997898239162564,0.9997690763666758,0.9999999914004435,0.9999987766148118,0.9998040941024535
0.9999999876327196,0.9999999942047567,0.9999999863083106,1.0,1.0,0.999999991695674,0.9999999794803076,0.9999999925745727,0.9999999900810509,0.9999999867561514,1.4009639254876802e-06,0.999999999736886,0.9999999940537095,0.9999884045001831,0.9996606535999984,0.9996430148276396,0.33431556288466036,0.048774877940585236,0.9996388655794411
0.9999999709455243,0.999999982239345,0.9999999673634227,1.0,1.0,0.9999999798816932,0.9999995912154828,2.381064782010234e-12,0.9999999709022238,0.9999999697252099,0.9999995271846255,0.9999999974201331,0.9999994690863889,0.9999917940222256,0.998589935696886,0.9982494027167341,0.04150305831903381,0.15108795144693254,0.9983056828616352
0.9999999974474322,0.9999999985836325,0.9999999971432773,1.0,1.0,0.9999999984257643,0.9999999808770641,0.9999999958076559,0.9999999972844905,0.9999999973353512,0.9999976911641193,0.9999999997592397,0.9999999545688933,0.9999895720981018,0.9986267024730856,0.9980903433696101,0.010226099888479435,0.0197247149651276,0.9978839337439251
0.9999999969156904,0.9999999979902157,0.9999999968318464,1.0,1.0,0.999999995811038,0.9999980435323391,0.9999999963537364,0.999999997718149,0.9999999986487326,0.9999987373539923,0.9999999999610054,0.9999999892855557,0.9978684556918413,0.9838542787397881,0.9781639587556384,0.00850593538357565,0.15488912596732243,8.371704991853479e-07
0.9999999947407902,0.9999999973469756,0.9999999955141733,1.0,1.0,0.999999996026233,0.9999997139162656,0.9999999947258688,0.9999999908250176,0.9999999972613979,0.9999998849419067,0.9999999999302247,0.999999988101223,0.9999536298378401,0.9989109606054386,0.9987079465026169,0.48702423350108837,0.0023754395466366487,0.9993234476293608
0.9999999905293891,0.9999999938900573,0.9999999905787861,1.0,1.0,0.999999987013311,0.9999995868662667,0.9999999895139667,0.9999999849625711,0.9999999945479204,0.9999999386829918,0.9999999994946762,0.9999999829841075,0.9999566200657388,0.9980429726476072,0.9982944313302472,0.9566772949466343,0.004459946476125465,0.9984843627203869
0.9999999869213668,0.999999991436738,0.9999999870861843,1.0,1.0,0.9999999789162789,0.9999999406366289,0.9999999850865893,0.9999999739593908,0.9999999926815947,0.9999999879274101,0.9999999999134985,0.9999999974008632,0.9999605339378458,0.9992394906971275,0.9993124570303245,0.9775496898172585,0.001186236710635043,0.9994094713430404
1.931054088552611e-12,0.9999999668464744,0.9999999459644628,1.0,1.0,0.9999999137475337,0.9999875221608666,0.9999999396746252,0.9999999143775578,0.9999999661115033,0.9999992806030237,0.9999999986244319,0.9999999456916429,0.999982401565616,0.9992019061412217,0.9993285328100805,0.5390710089908524,0.0037274381184287967,0.9994169842635761
0.9999999596076217,0.9999999708867624,0.9999999591472752,1.0,1.0,0.9999999458815994,0.9999999954314661,0.9999999369286618,0.9999998994800643,0.9999999755920047,0.9999999988045261,0.9999999954602999,0.9999999840812424,0.9999962565339908,0.9995411625797896,0.99951721999592,0.9258814347029602,0.999992704192889,0.999429262063119
0.9999999289503191,0.9999999521518829,9.824774445322437e-12,1.0,1.0,0.9999998874024592,0.9999610631603648,0.9999999215191369,0.9999998740771696,0.9999999647293982,0.999999469556768,0.9999999988451833,0.9999999181557547,0.9999830752740245,0.9996231462486277,0.9996350460252246,0.003473011359627939,0.00012106901665980498,0.9996646091705078
0.9999999952693487,0.9999999965549194,0.999999995246455,1.0,1.0,0.9999999935012341,0.9998498997336953,0.9999999935799481,0.99999999346106,0.9999999967168663,0.9999992468757876,0.9999999998383232,0.999999968300117,0.9998899845690459,0.9991406779053694,0.9991669319291502,1.0595029685249538e-05,0.001784659089819742,0.9991887895545387
0.9999999903818947,0.9999999927989053,0.9999999903066198,1.0,1.0,0.9999999845127123,0.9999995810511447,0.9999999876339275,0.9999999844110479,0.9999999936931375,0.999999646509201,0.9999999998819931,0.999999990563552,0.9999018928328426,0.9989617202140485,0.999003151437526,0.9197616465908016,0.0009421712036919316,0.9989934650848596
0.9999999958331928,0.9999999973878175,0.9999999965305051,1.0,1.0,0.9999999907469431,2.570881184056502e-05,0.9999999955528126,0.9999999903858595,0.9999999978820995,0.9999866802374461,0.9999999999208455,0.9999999771631852,0.9997488964770005,0.999490468763057,0.999551118882681,0.9093319594398244,0.276855130316839,0.999540628086829
0.9999999956413604,0.9999999967736245,0.9999999956805398,1.0,1.0,0.9999999954943349,0.9999820293437657,0.9999999945822254,0.9999999969871568,0.9999999969021048,0.9999989510509795,0.9999999998887432,0.9999999834320905,5.960653930903813e-11,0.998072683000646,0.9981991228615287,0.9713625333308952,0.2589633575209434,0.9981657617517231
0.9999999977240749,0.9999999987235811,0.9999999980747134,1.0,1.0,0.999999997507615,0.999982545599057,0.9999999972962145,0.9999999986934541,0.999999998501508,9.983182618040938e-06,0.9999999999700862,0.9999999773469032,0.99999640822969,0.9994253792829949,0.999568636469812,0.999221198661705,0.0016239961705142442,0.9992631813071514
0.9999999957703524,0.9999999970499688,0.9999999957353795,1.0,1.0,0.9999999949029644,0.9999977988866173,0.9999999941797598,0.9999999948917236,0.999999996973017,0.9999993564758763,0.9999999999577227,0.9999999727907896,0.9995446137896857,0.9690209078665195,1.8216441274458895e-07,0.11764333682497095,0.08540221719989038,0.9665988946954933
0.9999999915360293,0.9999999940927325,0.9999999915553276,1.0,1.0,0.9999999871475468,0.9999989552998643,0.9999999911338479,0.9999999858379313,0.9999999940190635,0.9999998934260419,0.9999999999082264,0.9999999945476362,0.9999798901525304,0.9992778397940955,0.9996569010623824,0.7106258717368856,0.18338077758300975,0.9993798958944027
0.9999999175890543,0.9999999405477968,0.999999916479613,1.0,1.0,0.9999998674155481,0.9999266752112689,1.4934957291000455e-11,0.9999998688967737,0.9999999369406842,0.9999985073979814,0.9999999978463877,0.9999997881304038,0.9999971544225716,0.9993798542220177,0.9994982412826291,0.0005071990527166417,0.07099953811434077,0.9993420391313097
0.9999999972789625,0.9999999980385894,0.9999999972553866,1.0,1.0,0.9999999967899528,0.9999995361244285,0.999999991263934,0.9999999967934629,0.9999999979628598,0.9999999294420147,0.999999999912319,0.9999999955243625,0.9999763190685831,0.9986917519829871,0.9989736007783103,0.038328558581908215,0.6205486596846856,0.9985977665419097
0.9999999955043536,0.9999999973650376,0.9999999954811899,1.0,1.0,0.9999999885953345,0.9999993940976271,0.9999999927041757,0.9999999889527943,0.9999999966271959,0.9999997501097113,0.9999999998375985,0.9999999860361158,0.9999943756149324,0.9991414481399934,0.9987323824222666,0.003693063630471953,0.000723910791207937,0.9991575264871329
0.999999994883595,0.9999999963563938,0.9999999949474444,1.0,1.0,0.9999999929997473,0.9999948056188023,0.9999999923785482,0.9999999931977898,0.9999999962796836,0.9999997228693716,0.999999999895124,0.9999999953518853,0.9999834781459419,0.9990877261725222,0.9991033930928648,0.0007733077782845836,0.025103964405547286,0.999043332719588
0.9999999919462682,0.9999999942847922,0.99999999197685,1.0,1.0,0.9999999844758352,0.9999978046174588,0.9999999873688524,0.9999999841283513,0.9999999940150844,0.9999960063017025,0.9999999999286331,0.9999999978124806,0.9999867787438794,0.9987541012366076,0.9988319659531834,0.0006173412515399119,0.0006430995843695954,0.9988137483864151
0.9999999962048208,0.9999999973608739,0.9999999961903968,1.0,1.0,0.9999999921534198,0.9999997160952011,0.9999999945425061,0.9999999945069505,0.9999999972579873,0.9999990356795183,0.9999999998042597,0.9999999936958802,0.9999814199932385,0.9986201960492695,0.9987015451801347,0.03836183254882809,0.0005513750819935374,0.9977365001779133
0.9999999947349495,0.9999999962888354,0.9999999947957151,1.0,1.0,0.9999999894345849,0.9999996001953608,0.9999999916292098,0.9999999893211823,0.9999999961774507,0.9999966443847397,0.9999999998908181,0.9999999691559657,0.9999782428074108,0.9976337320576556,0.9979742571318558,6.068613144496184e-05,0.0019553535908709545,0.9976104239498769
0.9999999858124512,0.9999999896049304,0.999999985940761,1.0,1.0,0.9999999848998585,0.9999458245959825,2.800305404761342e-12,0.9999999859423668,0.9999999892530697,0.9999123746847017,0.9999999995519175,0.9999998115439332,0.9997072140369682,0.9678801698832263,1.4736126874942979e-06,0.22846210699548256,0.608944733083671,0.9677799661177674
0.9999999922770543,0.9999999945021899,0.9999999924185233,1.0,1.0,0.9999999867814183,0.9999997248562617,0.9999999890158052,0.9999999856137692,0.9999999946027601,0.999996779605722,0.9999999999202203,0.9999999948895494,0.9999790995302191,0.9994260131971908,0.9994095883803025,0.8799552964858394,0.0003605467514552976,0.9994140823231331
0.9999999955871034,0.9999999976059258,0.9999999963244478,1.0,1.0,0.9999999936686664,0.9999885051064018,0.9999999944432149,0.9999999940344538,0.999999997337966,0.9999997291783925,0.9999999999647997,0.9999999960731573,0.9999837452199279,0.9983826076627385,0.9984842637110466,0.9316243952465765,0.01256812468139707,0.9977424031190564
0.9999999952554363,0.9999999969052739,0.9999999952973725,1.0,1.0,0.9999999944687802,0.9999939470614563,0.9999999934826321,0.9999999976553796,0.9999999966503879,9.2599573161732e-05,0.9999999999706972,0.9999999446135648,0.9999975983761393,0.9992979404830534,0.999381286056733,0.013397434328075525,0.0006530222111765242,0.9991122292859669
0.9999999897295454,0.9999999891920625,0.999999982614199,1.0,1.0,0.9999999999952252,0.9999999999883898,0.9999999997395578,0.9999999999909193,0.9999999951218542,0.9999999999995453,0.9999999096977957,0.999999970130404,0.999982887243032,0.9907935736597221,0.9898493871317244,0.9999999944359247,0.999999999317467,0.9803959631967378
0.9999998711060355,0.9999998643601294,1.3328242404007768e-14,1.0,1.0,0.999999999926402,0.9999999998076987,0.9999999967074872,0.9999999998495639,0.9999998913855765,0.9999999999955662,0.9999996308302144,0.9999994845864869,0.999995042947199,0.9943916927388952,0.9964362138397036,0.9999999762873134,0.9999999957969551,0.9940511266211008
0.9999999897235626,0.999999989185966,0.9999999826254256,1.0,1.0,0.9999999999951116,0.9999999999826913,0.9999999999529763,0.9999999999904645,0.9999999913931249,0.9999999999993605,0.9999999435923302,0.9999999711837835,0.9999879692544282,0.9954688564993568,0.995224863989806,0.9999999999166534,0.9999999698563761,0.9955511858971646
0.9999999897010811,0.9999999891476535,0.999999982554826,1.0,1.0,0.999999999994401,0.9999999999976269,0.9999999997370566,0.9999999999899671,0.9999999913243444,0.9999999999996733,0.999999947895121,0.9999999822346413,0.9999869938012563,0.9973371846808559,0.998255092724517,0.9999999999646576,0.9999998046869414,0.9981511953375618
0.9999999897306681,0.9999999891916788,0.9999999826426065,1.0,1.0,0.9999999999952536,0.9999999999935909,0.9999999997393587,0.9999999999908198,0.9999999913532208,0.9999999999975132,0.9999999483013808,0.9999999829141759,0.9999866607813969,0.9878828459176667,0.9907414777616224,0.9999999984780034,0.999999999166775,0.9888306293327543
0.9999999896953967,0.999999989147753,0.9999999825933801,1.0,1.0,0.9999999999888588,0.999999999997442,0.9999999997365876,0.9999999999826343,0.9999999913111425,0.9999999999973711,0.9999999594494122,0.9999999682165998,0.9999869938012563,0.9984147378270393,0.9984875145223867,0.9999999999998437,0.9999984839273974,0.9982000678405297
0.9999999925588839,0.9999999920207615,0.9999999871960911,1.0,1.0,0.999999999984695,0.9999999999812559,0.9999999996047819,0.9999999999660787,0.9999999934657212,0.9999999999995879,0.9999999733795595,0.9999999712005239,0.9999870028081922,0.9973350004213387,0.9940623188449337,0.9999999999961631,0.9999990770213995,0.9972194052982835
0.9999999919751305,0.999999991364959,0.9999999878242108,1.0,1.0,0.9999999999821939,0.9999999999492957,0.9999999994642081,0.9999999999763532,0.9999999925805697,0.9999999999995879,0.9999999686097573,0.9999999769318041,0.998557174288741,0.983818528743822,0.9944648359759557,0.9999999531939363,0.9999999999628386,0.9941619400946551
0.9999999890816157,0.9999999884898189,0.9999999837667561,1.0,1.0,0.9999999999863576,0.9999999999906208,0.9999999996460076,0.9999999999810144,0.9999999901078668,0.9999999999988632,0.9999999738430181,0.9999999769842137,0.9987049647709189,0.995958786893266,0.9952298368574122,0.9999995407950084,0.9999999999641176,0.9948079597481692
0.9999999890834063,0.9999999884762475,0.9999999837672109,1.0,1.0,0.9999999999863292,0.9999999999510294,0.9999999996424407,0.9999999999808153,0.9999999901072131,0.9999999999991901,0.9999999629520325,0.9999999782993999,0.998859560765265,0.9975410039890524,0.9971785399294508,0.9999999344605635,0.9999999997177014,0.9968902936023081
0.9999999919545673,0.999999991349725,0.9999999878180007,1.0,1.0,0.9999999999835724,0.9999999999808153,0.9999999994636823,0.9999999999775184,0.9999999925698974,0.9999999999996163,0.9999999810882232,0.9999999769787994,0.9986700103696812,0.99263225543733,0.9969826748647393,0.9999998921540142,0.999999999723812,0.9966686710656255
0.9999999898990525,0.9999999892897763,0.9999999849282376,1.0,1.0,0.9999999999849223,0.999999999980787,0.9999999996234835,0.999999999991772,0.999999990811162,0.999999999998991,0.9999999734855156,0.9999999751746745,0.9986644163299424,0.9953113087853616,0.995917706156703,0.9999993822499594,0.9999999999869545,0.995479107429408
0.9999999923626178,0.999999991755118,0.9999999884024363,1.0,1.0,0.9999999999799911,0.9999999999913456,0.9999999994354596,0.9999999999759411,0.9999999929222839,0.9999999999995027,0.9999999856832461,0.9999999801332964,0.998406596442593,0.9945908414801716,0.9951501918648906,0.9999995490057239,0.9999999999865139,0.9854910732807459
0.9999999899094264,0.9999999893022108,0.9999999849406296,1.0,1.0,0.9999999999653966,0.9999999999755859,0.9999999987324628,0.9999999999823502,0.9999999908235965,0.9999999999993037,0.9999999879064917,0.9999999684502262,0.9984871928007707,0.9876307234904326,0.9902127204989776,0.9999996594216766,0.999999999987253,0.9894291395831671
0.9999999899035289,0.9999999892951054,0.9999999849343626,1.0,1.0,0.9999999999858034,0.9999999999636772,0.999999999623853,0.9999999999812702,0.9999999908150558,0.9999999999992468,0.9999999865842853,0.9999999736642455,0.9984076981506268,0.9934415401132739,0.9943064033903715,0.9999975410148316,0.9999999999889297,0.9938097892724972
0.9999999899239925,0.9999999893157964,0.9999999849788568,1.0,1.0,0.9999999999862155,0.9999999999908908,0.9999999996260557,0.9999999999639329,0.9999999908371394,0.9999999999995595,0.9999999856141671,0.9999999767650255,0.9981290401074062,0.9930241695143273,0.9937825387673493,0.9999997627243429,0.9999999999902656,0.9929955933066897
0.9999999923930717,0.9999999920815129,0.9999999888663497,1.0,1.0,0.9999999999832739,0.999999999990635,0.999999999804146,0.9999999999564295,0.9999999932045115,0.9999999999985221,0.9999999836040987,0.9999999683575288,0.9984842056272584,0.9930349581627309,0.984142480546052,0.9999996689593311,0.9999999999863576,0.9930218419080326
0.9999999819869745,0.9999999970687271,0.9999999775265426,1.0,1.0,5.969956390468751e-13,0.9999262072909565,0.9999999807825051,0.9999999497877794,0.9999999805542787,0.9999949246579452,0.9999999989548627,0.9999357709796992,0.9533393942042955,0.0023157137329406787,0.00259453001745357,0.9912027886518504,0.9874847274730992,0.002822145834229767
0.9999999945210193,0.9999999966528322,0.9999999935600955,1.0,1.0,0.9999999884301191,0.9992944960465128,0.999999994782698,4.6252137752228395e-12,0.9999999947315815,0.9999249128075784,0.9999999942389054,0.9987913206671043,0.9958280479043964,0.014982169810759767,0.01610931830228441,0.00011681215176761775,0.9987229980067035,0.017960538714791724
0.999999979385706,0.9999999848197663,0.9999999730869296,1.0,1.0,0.9999999487439353,0.9999997929279163,0.9999999774318983,0.9999999446990431,0.9999999825019474,0.999999996860396,2.854311213191166e-11,0.9999997248594449,0.9999810170196067,0.9996076267400702,0.9995724561882283,0.009062092631710168,4.813777697172865e-05,0.99953290212965
4.804937444655606e-12,0.9999999417588459,0.9999999006032475,1.0,1.0,0.9999996478490426,0.9999994145771334,0.9999999189764315,0.9999995044730474,0.9999999180651179,0.9999999974854178,0.999999948686765,0.9999983906323583,0.9999671301694937,0.9994946900769145,0.9994301388946625,0.0008441752403887182,1.2690545598261024e-06,0.9995293271305795
0.9999999969663237,0.9999999979089297,0.9999999961378166,1.0,1.0,0.9999999919624686,0.9999999972500434,0.9999999974038191,0.9999999860696819,0.999999997303391,0.9999999998337188,0.9999999926358784,0.9999999445793593,0.9998977805287302,0.9990804719209786,0.9991250500746562,0.0024027357142803654,0.0013246179982149395,0.9991173789326305
0.9999998743193794,0.9999999127922518,7.818840458858474e-13,1.0,1.0,0.9999995290085026,0.9999999675839467,0.9999998810295025,0.9999993186514947,0.9999998738686253,0.999999999227157,0.9999999757515642,0.9999992772934602,0.9999831521860636,0.9995642613921281,0.9995950831545278,0.9998983043417083,2.95214703708533e-07,0.9995721473518926
0.9999999971609128,0.9999999980653628,0.9999999964097555,1.0,1.0,0.9999999922666093,0.9999999921566741,0.9999999975345304,0.9999999852969951,0.9999999974788808,0.9999999999149766,0.999999996343604,0.9999999704463112,0.9998505539364899,0.998598799371649,0.9986320908409585,0.00048682329467882707,0.0011248547691565726,0.9986249135565871
0.9999999939087162,0.999999995618822,0.9999999926548783,1.0,1.0,0.9999999921506061,0.9999999896641897,0.9999999952404864,0.9999999863460404,0.999999994428194,0.9999999981235845,0.9999999939802252,2.1946085881846783e-08,0.9999944774024684,0.9993130862719124,0.9993879101616897,0.06416907607623032,0.3814545897987335,0.9993403573252174
0.9999999958901215,0.9999999970209502,0.9999999945690804,1.0,1.0,0.999999985989419,0.9999999951777171,0.9999999961462153,0.9999999638905599,0.9999999961824103,0.9999999999402577,0.9999999981379518,0.9999999171456188,0.9997537530290993,0.9992571667357849,0.999266181943911,0.005132453927640406,0.004545958019424706,0.9992526662737421
0.9999999965608027,0.999999997575543,0.999999995922977,1.0,1.0,0.9999999868098258,0.9999998338159483,0.9999999965909155,0.9999999792457575,0.9999999957502582,0.9999999996583853,0.9999999990639453,0.9999997564036263,0.9999489633867017,0.9994592008861565,0.9994955330983779,0.0067707911447899855,0.0007419489097795655,0.9994751048551751
0.9999998737724178,0.9999999040434535,0.9999998451376492,1.0,1.0,0.9999994339512778,0.9999996367294507,0.9999998670674675,0.9999992586967229,1.0610994195923918e-12,0.9999999935449183,0.999999993298971,0.9999983685579202,0.9999949007103041,0.9993564211649119,0.9994847548938218,0.9984984702539468,5.493946293194794e-05,0.9994326933313741
0.9999999960089953,0.9999999969472527,0.9999999958686773,1.0,1.0,0.9999999799866404,0.9999999459895166,0.9999999961960527,0.9999999786921736,0.9999999949832273,0.9999999990295692,0.999999999004558,0.9999996950737863,0.9999682420080469,0.999596105125153,0.9995559981386227,0.008549064776250516,0.0009460827354936965,0.9995897135626765
0.9999999916900323,0.9999999938513328,0.999999990051535,1.0,1.0,0.9999999653375091,0.9999999906850833,0.9999999912857335,0.9999999509208249,0.9999999883623049,0.9999999999654392,0.9999999992725322,0.9999999131789858,0.9999716156396744,0.9998136636503239,0.9997878125691089,0.9999917114426635,0.006003561607876545,0.9998065722128152
0.9999999400634342,0.9999999518755528,0.9999999276051197,1.0,1.0,0.9999998323859102,0.9999995573712667,0.9999999336799186,3.4689089820256705e-12,0.99999994995173,0.9999999773836808,0.9999999634190723,0.9999993573751671,0.9999936226120525,0.9994647240350331,0.999563261573424,0.4798772095649246,0.03203745231420298,0.9993479695634335
0.9999998633679846,0.9999998957778101,0.9999998187868209,1.0,1.0,0.9999994061325227,0.9999998285682926,6.974115452809314e-13,0.9999992803749681,0.9999998506874702,0.9999999990386784,0.9999999962279419,0.9999980994130638,0.9999613810529857,0.9993860208749101,0.9993082767819659,0.9744187926568497,0.002491962811041753,0.9992999024317553
0.9999999908451401,0.9999999934024545,0.9999999875763025,1.0,1.0,0.9999999583649819,0.9999999677613977,0.9999999911664333,0.9999999384696443,0.9999999902126008,0.9999999995612541,0.9999999993214318,0.9999998792149187,0.9999534198120642,0.9995747219636376,0.9996238862410041,0.9990647685746412,2.576146522064594e-06,0.9996345411141322
0.9999999960351432,0.999999996705384,0.9999999944847958,1.0,1.0,0.9999999908673233,0.9999996604193493,0.9999999950463662,0.9999999825699606,0.999999995739799,0.9999999821254024,0.9999999988210676,3.3089997563225645e-06,0.9999887208724253,0.9997644415655913,0.9997103677211274,0.8823391021336319,0.005688347772793762,0.9997760470679358
0.9999999961403035,0.9999999970424511,0.9999999951436253,1.0,1.0,0.9999999872581357,0.9999999663939583,0.9999999956089028,0.999999980908868,0.9999999961670057,0.9999999997517223,0.9999999952433286,0.9999999316947333,0.9999921481376816,0.9987251052375815,0.9988416672276186,0.005614112557946452,0.0011611416135720153,0.9985853248873202
0.9999999946697927,0.9999999967864285,0.9999999933543792,1.0,1.0,0.9999999754551968,0.9999999413183804,0.9999999941842505,0.9999999642849822,0.9999999949646111,0.9999999997803856,0.999999999436838,0.9999993164837014,0.9999835634538744,0.9990210963603052,0.9988050045155114,0.004548387071876417,0.00221259773160168,0.9987820383001549
0.9999999953390956,0.9999999967848937,0.9999999940413603,1.0,1.0,0.9999999786229811,0.9999999481017895,0.9999999958133828,0.9999999730762288,0.9999999956235684,0.9999999995805524,0.9999999988771009,0.9999999153966038,0.9999649653075743,0.9989275128603251,0.9988636426554001,1.988333996170629e-05,0.0010891267658099343,0.9989281211853596
0.9999992580909572,0.9999989966356455,0.9999987696669914,1.0,1.0,0.9999999606685471,0.9999998589424408,0.9999972259038085,0.9999999077962131,0.9999988804345904,0.9999999976287057,0.9999997074823741,0.9999991868748348,0.9999494305896635,0.9990030891082584,0.9992116039611317,0.8843257521302291,0.0007009068979237194,0.9991245620503855
0.9999804492587536,0.9999797228715674,0.9999715852927729,1.0,1.0,0.9999998835750217,0.9998395617432138,2.637429709863422e-08,0.9999998266675059,0.9999751069984735,0.9999986995661275,3.147532936753082e-08,0.000361248218665764,0.9999960018959146,0.9994751067927455,0.9994538764658404,0.995952052818832,0.7546439276390369,0.9994292048855007
0.9999992482089921,0.9999989662624756,0.9999987916239431,1.0,1.0,0.9999999682296311,0.9999998431902933,0.9999971993128154,0.9999999050182328,0.9999988017452001,0.9999999995851425,0.9999996872678941,0.9999997454170466,0.9999480639198038,0.999783212025532,0.9997391640528955,0.999796245482279,0.005657862642786813,0.9997667555999831
0.9999975190188134,0.9999959198135393,3.230500980937189e-11,1.0,1.0,0.9999998414439359,0.9999732498981653,0.9999939976677529,0.9999997638078635,0.9999966313373146,0.9999996442479138,0.9999981764075728,0.9999892211031766,0.9998693514037927,0.9817021037542355,0.981859297313372,0.8997613266123642,0.0016849455160721015,3.901114595151509e-08
0.9999994176074116,0.9999989843304362,0.9999988317551217,1.0,1.0,0.9999999664312902,0.999999868893491,0.9999985471377254,0.9999999502460226,0.9999990845243686,0.9999999992936637,0.9999996974280695,0.9999975307550888,0.9999811837002894,0.9988851106342256,0.9987378801073837,0.8745297472514377,0.0008989084596746457,0.9988368982298336
0.9999992386140718,0.9999986819917286,0.9999985741564292,1.0,1.0,0.9999999872411963,0.9999988695920331,0.9999982921873514,0.9999999736172076,0.9999989431403592,0.9999999643324606,0.9999990801127548,0.9999973105769796,0.9999917920969406,0.9990805455961257,0.9991212422593412,1.5428126477839715e-11,0.6336782391339421,0.9993316705781102
0.9999884851343838,8.691374637613993e-11,0.9999797732103834,1.0,1.0,0.9999999302243789,0.9999964449830496,0.9999758168366817,0.9999998180147596,0.9999852741980786,0.9999999881333396,0.9999948566560274,0.9999936790226341,0.999988010313855,0.9994401582193523,0.9993894446774763,0.9894037922527101,0.5715187162170209,0.9995182340262703
0.9999986622178336,0.999997143333049,0.9999975030453125,1.0,1.0,0.9999999920218273,0.9999999018794958,0.9999968170617629,0.9999999809988369,0.9999981785041959,0.999999998978737,0.9999987040488221,0.9999998022095068,0.999991353005495,0.9988828275058134,0.9988964462618644,0.7536774982665324,0.17448380075675907,0.9987864580803156
0.9999986549930875,0.9999971780544739,0.9999974901962024,1.0,1.0,0.9999999897747501,0.9999998990176573,0.9999967978221744,0.9999999789732928,0.9999981787411331,0.9999999988453538,0.9999974139404103,0.9999997241660264,0.9999929969504329,0.9989015700715245,0.998780907430451,0.9447881691294322,0.03808945403517272,0.9989364377650964
0.9999928806598083,0.9999906440572608,0.9999889973320166,1.0,1.0,0.9999998249589066,0.9999993348624453,3.865298579348979e-11,0.9999995685964586,0.9999949254636823,0.9999999976243714,0.9999923418505217,0.9999990198168093,0.9999921427225074,0.9986507401352165,0.9987583622984708,0.9883100730047564,0.03437556956175866,0.998824387432616
0.9999994099021344,0.9999991128502429,0.9999990513902285,1.0,1.0,0.9999999674799375,0.9999998077627809,0.9999983517088764,0.9999999137747759,0.999998998401712,0.9999999951570261,0.99999932836303,0.9999997707341471,0.999992709865835,0.997240212996743,0.9977578179259561,0.5842898392094807,0.00015397235690457848,0.9976629332876095
0.9999951765980566,0.9999932170319681,0.9999923503064839,1.0,1.0,0.9999998766746577,0.9999986943296191,0.9999868731740492,0.9999993530263358,2.4077082591378247e-11,0.999999991024339,0.999996085396037,0.9999982309669251,0.999993771230508,0.9984447987456256,0.9987266356977288,0.6562839137653741,0.00010823178111978845,0.9981156062110176
0.9999986476558057,0.9999975355697713,0.999997844688557,1.0,1.0,0.9999999899981732,0.9999998409368642,0.9999963804594211,0.999999974550477,0.9999981377082325,0.9999999483454061,0.9999983993603244,0.9999971510047286,0.9999886419146554,0.9978186593010231,0.9980191731549137,0.49354852946396977,0.0010415793763921357,0.9981640395582344
0.9999960442569967,0.999994181175002,0.9999936553433364,1.0,1.0,0.9999999897284654,0.99999964773699,0.999989577680579,0.9999999725873896,0.9999945416306457,0.9999999787011408,0.9999976059774363,0.9999999032089496,0.9999885096771854,0.9977741574633467,0.9977066016683482,0.07275012896999039,0.002980213868451626,0.998243790630186
0.999999410343168,0.9999991137618685,0.9999990067037277,1.0,1.0,0.9999999673485297,0.9999999154882923,0.999998184322166,0.9999999139259936,0.99999903114383,0.999999979284681,0.9999994628541793,0.9999997630898886,0.9999912373338535,0.9995630449044641,0.9995601238214428,0.9994854182152652,0.0002074186087029805,0.9996514394552868
0.9999991483621858,0.9999987555820339,0.9999987012368102,1.0,1.0,0.9999997558579153,0.9999723049404777,0.9999978013188993,3.443308879730003e-13,0.9999984549834123,0.999999762678385,0.9999998922025016,0.9999894086063809,0.9999181345958814,0.9708720642124148,5.1790584499471304e-08,0.9943686057210308,0.07889368946856509,0.9778357392726791
0.9999998032727201,0.9999997051635896,0.9999996680116806,1.0,1.0,0.99999998785394,0.9999982538553707,0.9999993960230972,0.9999999518733217,0.9999996661808541,0.9999999256931204,0.9999997965726445,0.9999977573293104,0.999902806949881,0.9484957545370355,0.9601117964210218,0.9923111710443716,0.07876864164588128,2.616939749236992e-08
0.7162195594920306,0.7083827831027778,0.2682102612531896,1.0,1.0,0.9999986473722142,0.9999991741854757,0.24517716165591644,0.9999988881503938,0.823800017190188,0.9999999635245593,0.9983314423881559,0.9999767067357439,0.9999999793124206,0.9993267446343329,0.9989035094223683,0.24452985485159875,8.685410345032828e-05,0.9981935525158484
0.799026364211063,0.7755482541088543,0.3578224700349148,1.0,1.0,0.9999994427102753,0.9999832540862273,0.414818287665331,0.9999984611593692,0.8207326794625449,0.9999987335118936,0.996287411219451,0.9992849056163577,0.9999997956605778,2.61562796995043e-08,0.9788046125711439,0.5639934679566847,7.4489141580833e-06,0.9786424097163368
0.9127466047572439,0.9103601517809349,3.5413468816984035e-05,1.0,1.0,0.9999965636524945,0.9999552057395883,0.7879223104606895,0.9999957058133874,0.9201027967482847,0.9999981118546151,0.9939688610165524,0.0025454561013883987,0.9999999155534917,0.999822898988782,0.9997495215241575,0.08005766408241571,0.03886753386115042,0.9997584897568047
0.5991791819439509,0.5855594199768446,0.17372155954351903,1.0,1.0,0.9999978336008032,0.999999871916921,0.23440957446192584,0.9999916398313948,0.626959794620735,0.9999999923161768,0.9989860784704361,0.9999660875312898,0.9999999894871224,0.9995083886449929,0.9993253564652693,0.5272562075770415,9.45549992239232e-05,0.9993577423162407
0.6502559129046551,0.6414635130859058,0.2108888033687486,1.0,1.0,0.9999990378663962,0.9999982439613078,0.19555600562009004,0.9999974076468512,0.6795926151409967,0.9999999411580252,0.9989036644796856,0.9999896104711882,0.999999976925395,0.9997320364859621,0.9994267682502338,0.597501833150731,0.0019282600719629098,0.9994688381845626
1.7731518210188844e-05,1.682810882218685e-05,1.8535015081668907e-05,1.0,1.0,1.5415993799724873e-05,0.9157611525060712,2.0083126422418145e-05,0.7751744593750972,1.7840646538088185e-05,0.8621381356885717,0.9068943304382334,0.9629728292506609,0.9999962337891627,0.9999908881282131,0.9999902100641719,0.9457163638423833,0.0007937292637339553,0.9999889655810681
0.9999999859459764,0.9999999892772281,0.9999999867259107,1.0,1.0,0.9999999662669701,0.9999998581486084,0.9999999810275713,0.999999992911171,0.9999999890785888,0.9999999999216983,0.9999999953821687,0.9999999250790694,0.9999739369795648,0.9974298351878045,0.9965090346481539,0.9966679948135408,1.9416565687942337e-08,0.9968926027251299
0.9999999842149949,0.9999999898492719,0.9999999877175726,1.0,1.0,0.9999999547818856,0.9999999460082891,0.999999979722958,0.9999999911801895,0.9999999882725491,0.9999999999846098,0.9999999940424688,0.99999997415236,0.9999628051784725,0.9981956254723243,0.9979869807021133,0.9999405028072156,7.44148914501866e-06,0.9983904735554081
0.9999999640977968,0.9999999751164385,0.9999999701882278,1.0,1.0,0.9999999668358873,1.8097764704383167e-06,0.9999999656311338,0.9999999877953912,0.9999999774433522,0.9999999947516472,9.591004677346214e-11,0.9999998544818247,0.9999978957061842,0.9992529468400827,0.9993757738805704,0.9999151622259606,0.008925001472021693,0.9992843196271074
0.9999999787504524,0.9999999871637756,0.9999999867053334,1.0,1.0,0.9999999631984345,0.9999999961182341,0.9999999764333868,0.9999999936789125,0.9999999867805657,0.9999999999940742,0.9999999930024758,0.9999999825930106,0.9999956863931869,0.9970189422175721,0.997307584260288,0.9999928219391716,0.7926646518773381,0.996940409928093
0.9999999772338132,0.9999999856703995,0.9999999818832779,1.0,1.0,0.9999999203931257,0.9999999934669007,0.9999999744291163,0.9999999861249337,0.9999999852887528,0.9999999999829613,0.999999996636575,0.9999999441623987,0.9999758134523917,0.9977824536376896,0.9980664867339691,0.9999610173329538,8.956624458111204e-05,0.9978879568927844
0.9999999854216243,0.99999999031742,0.9999999899065842,1.0,1.0,0.9999999838554603,0.9999999431894383,0.9999999847551921,0.9999999969016359,0.9999999902418041,0.9999999999025988,0.9999999850667509,0.9999999461590379,0.9999978703980698,0.9983709785924134,0.9985632073650877,0.0001948181439624933,0.16572530417414189,0.9983526386456478
2.5100254953765565e-12,0.9999994853901245,0.9999994541708828,1.0,1.0,0.9999993984513045,0.9999997422880731,0.9999980499020013,0.9999997985568773,0.9999995510011401,0.9999999999764668,0.9999993637041804,0.99999886729451,0.9999982631029688,0.9993717092740201,0.9993320600327688,0.9980779672142331,0.9999941541565022,0.9993870401588733
0.9999999867196153,0.9999999887744196,0.9999999811632565,1.0,1.0,0.9999999705461993,0.9999999187293047,0.9999999793272283,0.9999999956291533,0.9999999900345956,0.9999999998758399,0.9999999923038844,0.9999999467826953,0.9999757106867704,0.9981432443089542,0.998211345326803,2.13682640758547e-05,0.01915513314443418,0.998191544163311
0.9999999886878755,0.9999999918550914,0.9999999871122044,1.0,1.0,0.9999999649508318,0.9999999860575174,0.9999999784057255,0.9999999934812679,0.999999992534626,0.9999999998723155,0.9999999982502034,0.9999999013846028,0.9999911251443798,0.9992008617810387,0.9992684850118565,0.9972253670189738,0.23002523770918631,0.9992045620177236
0.9999998793649427,0.9999999045791316,1.7878647966915514e-11,1.0,1.0,0.9999997587681556,0.9999967466524766,0.9999998448604238,0.9999999414286709,0.9999999074296156,0.9999999890269465,0.9999998585942892,0.9999984470668132,0.9999967358151862,0.9997601660113953,0.9997350649467883,5.561929655443167e-05,0.04303347473329957,0.9997986712762464
0.9999999823844805,0.999999986994368,0.9999999810749929,1.0,1.0,0.9999999560852909,0.9999999901767468,0.9999999778055585,0.9999999913877532,0.999999987715171,0.9999999999804601,0.9999999982504592,0.9999999755982433,0.999943923411086,0.9996375220892927,0.9995742396211381,0.9999986789713433,0.03576575972394404,0.9996183299500432
0.9999999779673064,0.9999999836310709,0.9999999785157886,1.0,1.0,0.9999999261006877,0.9999996585621902,0.9999999720360511,0.9999999945721499,0.9999999865278114,0.9999999991051993,0.9999999988532409,0.9999997316892651,0.9996706173764017,0.9985266480196043,0.9984980886326582,9.318371137309568e-05,0.005367253928001213,0.9988869622808533
0.9999999754970478,0.9999999804214783,0.9999999758300365,1.0,1.0,0.9999999443785457,0.9999952846658475,3.030154977840517e-09,0.9999999896039641,0.999999980696501,0.9999999632610334,0.9999999864779313,0.9999828441578371,7.105382959782765e-10,0.9979664282536198,0.9978289222069483,0.19860476110341888,0.6374356853393803,0.9981909362781259
0.9999998498699056,0.9999998838942968,0.9999998546761013,1.0,1.0,5.856725812819408e-12,0.9999984395661511,0.9999998292049814,0.9999998641307948,0.9999998904450739,0.9999999959160705,0.9999999640737947,0.99999975686501,0.99994165003421,0.997237462942091,0.9982835402219993,0.0009308152393767979,0.007207988508373134,0.9985126863827111
0.9999999647048561,0.9999999765523885,0.999999971910285,1.0,1.0,0.9999998780401501,0.9999999835925595,0.9999999550275913,0.9999999895492665,0.9999999749402807,0.9999999998979092,0.9999999987776961,0.9999998687732814,0.9997254484749637,0.9963453589008868,0.9958796525833489,0.8121553862017131,0.1986764107655203,0.997245168617614
0.9999999916565231,0.999999993870489,0.9999999922521426,1.0,1.0,0.9999999829686319,0.9999992212980023,0.9999999898001591,0.9999999946332566,0.9999999939887517,0.999999996777902,0.9999999984921574,0.9999997554735403,1.3756909993801304e-10,0.9896190310393068,0.9901447497735171,0.9879708391105827,0.00011542914477791239,0.9882323808054624
0.9999999922446535,0.9999999946757329,0.9999999924788058,1.0,1.0,0.9999999858301295,0.9999976023256675,0.9999999904120217,0.9999999971616803,0.999999994403396,0.9999999928948001,0.9999999960219129,0.9999988922833322,0.9976805060855969,0.9889348900050335,0.987345411571229,9.75772355081182e-05,0.0028209419135352258,1.419633768304594e-07
0.9999999843219742,0.9999999889958532,0.9999999857837026,1.0,1.0,0.9999999565386172,0.999999798827054,0.9999999774423006,0.9999999929244298,0.9999999888846106,0.9999999998419042,0.9999999977981134,0.9999999421383041,0.9999873761536419,0.9995327537767577,0.99951176016397,6.15897549026298e-05,0.060014040158414245,0.9995664344477081
0.9999999892141177,0.9999999918108388,0.9999999921479629,1.0,1.0,0.9999999665542709,0.9999999235449083,0.9999999823182295,0.9999999952968609,0.9999999920791823,0.9999999975789394,0.9999999984351717,0.999999988871494,0.9999833065771349,0.9985170961350378,0.998492334605708,0.03438237630470158,0.0009256943474679207,0.9989570040283829
0.9999999880232907,0.9999999918518513,0.9999999890036549,1.0,1.0,0.9999999750407657,0.9999996521337274,0.9999999828235107,0.9999999926737503,0.9999999923472985,0.9999999917491068,0.9999999988089883,0.9999999292611957,0.9997768247590872,0.9889378054337843,0.9891252527164649,0.0034696793838151817,0.0017992737894423863,3.0638662819368248e-06
0.9999999885964287,0.9999999912311212,0.9999999892203278,1.0,1.0,0.9999999692049221,0.9999991947038726,0.9999999845894652,0.999999986280841,0.9999999915287959,0.9999999730175664,0.9999999945189161,1.4390663610345784e-06,0.9999783230921362,0.9993637813028556,0.9993806368922525,0.00184701993119934,0.011281609816158618,0.999528690868956
0.9999990944022394,0.9999996737177774,0.9999996409803847,1.0,1.0,0.9999995653432542,0.9999994402901112,5.681532793720669e-10,0.9999999069571474,0.9999997127804918,0.9999999997083792,0.9999999119414337,0.9999994929886789,0.9999528818910882,0.9998839693367343,0.9998815211936724,0.9932006055510556,0.9999852130051086,0.9999053845645308
0.9999999817707563,0.9999999878899645,0.9999999837919236,1.0,1.0,0.9999999352304222,0.9999999700171576,0.9999999758273365,0.9999999880596989,0.9999999879012763,0.9999999986986553,0.999999999411017,0.9999999862520782,0.9999785035821389,0.9994089983969372,0.9993238457208385,0.9999940384408101,0.0006890459724811087,0.999503601030433
0.9999999888033956,0.999999992558685,0.99999998924622,1.0,1.0,0.9999999602128762,0.9999998528959788,0.9999999855280636,0.9999999909685046,0.9999999920185588,0.9999999997174457,0.9999999988737757,0.9999999762616628,0.9999940159630244,0.9987953404228664,0.9987374443925323,0.0005153960480204282,0.023216022214904895,0.9989914939212953
0.9999999939337841,0.9999999954909243,0.9999999942319421,1.0,1.0,0.9999999886870087,0.999999622120328,0.9999999911533878,0.9999999967822647,0.9999999955694819,0.9999999471441768,0.9999999985360973,0.999999462371522,0.9999907048565141,0.998657401612222,0.9986980320869052,2.6316563863690306e-09,0.023658576503765547,0.9987117898512539
0.9999992091217679,0.9999958381724586,0.9999991635448512,1.0,1.0,0.999992198708346,0.9999794079275484,0.999998327820384,0.9999919735095908,0.999993970288489,0.9999999494214946,0.9999999706515301,0.9999740362153892,0.999993356939892,0.9990922134548347,0.9993307906245458,0.05203596540077153,0.006330802860800959,0.9986221852390278
0.9999992449182864,0.9999959367745517,0.9999992212597042,1.0,1.0,0.999998123654704,0.9995661167587684,0.9999985323441619,0.999998002164225,0.999992477724915,0.9999993158552978,0.9999999854678948,0.9994945983301482,0.9999093453052024,0.9808252102743976,8.777621351834049e-07,0.15937660375109897,0.03366075250865555,0.9837734363961999
0.9999955751956673,0.9999723701877837,0.999995650773237,1.0,1.0,0.999969744239306,0.9991323454721552,0.9999925672228587,0.9999743172807184,3.757970895577102e-05,0.9999998692485349,0.999999852823944,0.9999094273783542,0.9999986087109123,0.9992244259016752,0.9994414854036717,0.948521375330305,0.00013223055633631615,0.9992627997364479
0.9999982756721212,0.9999907456870616,0.9999982842435255,1.0,1.0,0.9999888507750205,0.9999903781888316,0.9999971317767582,0.9999899811628656,0.9999772997074515,0.9999999924166049,0.9999999562647456,0.9999938307500303,0.9999970150944859,0.9992622283359035,0.9995004596767824,0.9891132907726646,0.0004820937764545257,0.9992652383852576
0.9999992564820339,0.9999959675217146,0.9999992444620757,1.0,1.0,0.999991578234095,0.9997747367473624,0.9999981291340867,0.9999946404720484,0.9999926487458652,0.9999999554369633,0.9999999772077789,0.9999904297832463,0.9999947771166231,0.9992981190907195,0.9996389980205674,0.7434952964083906,0.020790182050942383,0.999281751022663
0.9998861161206876,3.067709271734152e-08,0.9998854724795467,1.0,1.0,0.9983358661065914,0.9999900556016349,0.9988964952973847,0.9976058697896953,0.0007360575300114267,0.9999999736092495,0.9999902544037087,0.9997989627529238,0.9999999904874671,0.9998111789496995,0.9998461302025086,0.9999486396799344,0.9999910043985405,0.9997683813766414
0.9999967436946674,9.24069777002961e-09,0.9999970117314972,1.0,1.0,0.9999918237218445,0.9994951023720394,0.999993091417811,0.9999942505882026,0.9999741887997525,0.9999998119918168,0.9999998663591417,0.9998031647949499,0.9999990349152167,0.9993209304645433,0.9994346189373388,0.010270949488771382,0.02485512979283111,0.9992889525801804
0.999999722900877,0.9999989433360282,0.999999714471242,1.0,1.0,0.9999996779362967,0.7080570357402437,0.9999996843963076,0.9999997282961687,0.0032970339778136083,0.9999537176053702,0.9999999926193653,0.987025133441951,2.8674698782315833e-06,0.9995647924027808,0.9996737068558332,0.34273977008665674,0.8588055677975016,0.9996669921168432
0.9999988857452946,0.9999956336339552,0.9999988679946639,1.0,1.0,0.9999971039967064,0.9992745830844227,0.9999977891056486,0.9999967162272498,0.9999927821348966,0.9999954359145694,0.9999999968445934,0.9996732838169748,0.9995289924574442,0.9946497152359361,0.9943724904581558,0.3557762923145257,0.05764196910890979,1.0575753780851155e-06
0.9999989698640994,0.999995963077103,0.9999989549685669,1.0,1.0,0.9999952343567613,0.9981430947012188,0.9999976601227536,0.9999962113542017,0.9999920333346507,0.9999998396619802,0.9999999750401688,0.9999894950410461,0.9999907236041237,0.9996116435922303,0.9996643436360756,0.8887639307129381,0.21073393003537266,0.9997204176278275
0.9999996567277541,0.9999989153182497,0.9999996781672799,1.0,1.0,0.9999995097636466,0.9915356064595721,0.9999996709068428,0.9999995313837322,0.9999972563778222,0.9999971864800091,0.9999999924366848,0.004330607771115539,0.999509562421274,0.995232447095282,4.157036763451983e-06,0.8324902319048414,0.09592188545539404,0.9981399050998432
0.9999986266253326,0.9999945270744758,0.9999985904224774,1.0,1.0,0.9999969801411605,0.9992301248714777,0.9999967875241695,0.9999975728149377,0.9999892458363914,0.9999985050368088,0.9999999868285842,0.9999322833414629,0.9944331983279037,0.999947345338236,0.9998146458840566,4.690075874467811e-08,0.605240523735199,0.999847471423358
0.9999993315390544,0.9999972651768894,0.9999992833173519,1.0,1.0,0.9999985891359847,0.998506649012754,0.999998949676166,0.9999986962745709,0.999994475127252,0.9999987638515331,0.9999999889125065,0.9996780206239364,0.955904876161532,1.075965126629993e-06,0.9940442811757605,0.04980315801028352,0.20585378870756432,0.9906287840582938
0.9999995454370388,0.9999997504478159,0.999999501916587,1.0,1.0,0.9999994470850418,0.999999859832225,0.9999995847909428,0.999998465824743,0.9999996076830857,0.9999999995015686,0.999999990673672,0.9999981720167251,0.9999888752916977,0.9985184493151829,0.9982927123498989,0.9850240586041932,0.06665417211290346,0.9984472196592896
0.9999772656782724,0.9999819878671765,2.027170985141525e-09,1.0,1.0,0.9999720385977621,0.9999753626767527,0.9999741354787491,0.9999365926247291,1.4159356547189275e-09,0.9999996768689624,0.9999995894146982,0.9992143529658034,0.9999995078549734,0.9992134009109798,0.9994162343937917,0.0009272620516954534,0.33579265331212277,0.9993826633642217
0.9999995272177794,0.9999996700614963,0.9999993529877391,1.0,1.0,0.9999976467574618,0.9999999680065917,0.9999989991623899,0.9999965659839903,0.999999543342843,0.9999999996313989,0.999999993796351,0.9999982714838342,0.9999997923159828,0.9943672738544233,0.9963939056079116,0.9970613923745982,0.9999884472756824,0.9966255610095696
0.9999997359277794,0.9999998541528434,0.9999997529929935,1.0,1.0,0.9999994588947104,0.9999999687459825,0.9999997438354642,0.9999993386553625,0.9999997714907756,0.9999999944852221,0.9999999884241789,0.9999990803053402,0.9999857056896844,0.9984046619480448,0.9984144187827131,0.954397724960864,0.032274583962977776,0.9984325243364274
0.9999995231138145,0.999999669305209,0.9999993963420455,1.0,1.0,0.9999986589974451,0.9999999655023692,0.9999989945762532,0.9999977417716001,0.9999995089494929,0.9999999963507663,0.999999994673786,0.9999962818033968,0.9999997923160112,0.9993831335220926,0.9993184828634217,0.9999990812621136,0.9999989640016305,0.999196676102101
0.9999995226697965,0.9999996696439672,0.9999993693767947,1.0,1.0,0.9999989177276123,0.9999996776175616,0.9999991945727207,0.9999985331978352,0.9999995106044314,0.9999999995690844,0.9999999957439344,0.9999972054532232,0.999999792459825,0.9988312412571211,0.9986949295560411,0.9999960694789333,0.9999991808010352,0.9988072674677267
0.999999964164332,0.9999999730839026,0.9999999449265731,1.0,1.0,0.9999999254647378,0.9999922480290216,0.9999999431705237,0.9999999331368935,0.9999999649130167,0.9999998130682177,0.9999999497079428,0.9999814410441825,0.999191822111237,2.441290763638702e-07,0.9733762891786327,0.5282519564757818,0.00014412016357257256,0.9743449838513251
0.9999999565864083,0.9999999702947098,0.9999999417952399,1.0,1.0,0.999999840093166,0.999999489456999,0.9999999028185064,0.9999999007093884,0.9999999615148035,0.9999999860289394,0.9999999893792194,0.9999993869958562,0.9999524152247102,0.9990673983919113,0.9988657363093342,0.7756231640772864,0.021248187090058056,0.9988758519107828
0.9999999724502122,0.9999999810067666,0.9999999639708939,1.0,1.0,0.9999999604927446,0.9998573131315264,0.9999999665963065,0.9999999613309861,0.9999999749601333,0.9999996317366818,0.9999999583062342,0.9999980575063854,4.747313870316715e-10,0.9995249460568476,0.9994620291987746,0.9762131917769996,0.00497916030898335,0.9994081142776218
0.9999999202594726,0.9999999437997803,0.9999998899695645,1.0,1.0,0.9999997351031947,0.9999997085162845,0.9999998860639531,0.999999801321698,0.9999999262194904,0.9999999929856785,0.9999999763071802,0.9999986502380992,0.999952345872377,0.9983663333117914,0.997838702420352,0.007620895901728956,2.4528309270640106e-05,0.9978338743929972
0.9999999786542592,0.9999999846888559,0.9999999730143547,1.0,1.0,0.9999999712943866,8.020334577135107e-06,0.9999999723546442,0.9999999798324668,0.9999999805369557,0.9999998629462775,0.9999998687282756,0.9999993157197832,0.9999972707542225,0.9992477079682223,0.9992722576283216,0.9167858243104833,0.053513797302166925,0.999210486859058
0.9999998985134847,0.9999999300665959,0.9999998620358308,1.0,1.0,0.999999776568398,0.9999996410783828,0.999999864827695,0.9999997597339392,0.9999999082250681,0.9999999887362351,0.9999999818425496,0.99999925161968,0.9999989607264156,0.9996590127818121,0.9995795624009102,0.09003996263212105,0.00862969312142017,0.9996323024212845
0.9999998375767508,0.9999999107790569,0.9999998336329693,1.0,1.0,0.9999997868780582,0.9999994823672215,0.9999998429206993,0.9999996337608043,0.9999998834776347,0.9999999976331112,0.999999973252415,0.9999986868017697,0.9999908115485362,0.9992724768347756,0.9994119969732163,0.603939003322966,0.0022887981416790117,0.9994131420704256
0.9999999240206165,0.9999999479447453,0.9999998993392205,1.0,1.0,0.9999998514357711,0.9999953608347915,0.9999998830238395,0.9999998606579181,0.9999999311678234,0.999999844517729,0.9999999836710034,0.9999768947976759,0.9999977515703744,0.998636396945916,0.9986582868175704,3.397577202180774e-09,0.014046583931933787,0.9985948775579906
0.999999356088034,0.9999995416536279,0.9999991803791579,1.0,1.0,0.9999979540320436,0.9999990460097198,3.891376187613136e-11,0.9999985745447403,0.9999994485667358,0.9999998961792099,0.9999998445140058,0.9999882451426274,0.9999984756695107,0.999229524801775,0.9992901486094383,0.17952502111264554,0.27177077967362273,0.9992170662817943
0.999999897709321,0.9999999298325432,0.9999998624555484,1.0,1.0,0.9999997340991412,0.9999998960267275,0.9999998498410434,0.9999997848158789,0.9999999091590055,0.9999999746083862,0.9999999677741306,0.9999977656450718,0.9999983017459254,0.9993717835121206,0.998813232410242,0.04810431124736905,0.06216967682895693,0.9993184458066202
2.929035894473499e-11,0.9999960581220181,0.9999925770654652,1.0,1.0,0.9999929800656401,0.9999989595733054,0.9999941693355106,0.999983920128819,0.9999949123070414,0.999999996341444,0.9999998544354405,0.9999946338370075,0.9984103825876209,0.9997308366694214,0.9994561308130211,0.8554108470471429,0.6678132587902118,0.9996080080291723
0.9999999587070798,0.999999974473511,0.9999999180324898,1.0,1.0,0.9999999645115742,0.9999986998929057,0.9999999592729845,0.9999999451386985,0.999999971135495,0.999999803412569,0.9999999900972655,0.999992249278203,0.9915276081885017,2.1649703055103616e-07,0.9834021542142716,0.39292422237047914,0.994355038006015,0.9840432122893145
0.9999999332312252,0.9999999661677215,0.9999998755234933,1.0,1.0,0.9999999428969505,0.999999591136513,0.9999999514825658,0.9999999294468748,0.9999999534647952,0.999998675429193,0.9999999893678081,1.7894188615248403e-06,0.9990161503913721,0.9995735124405525,0.9991358080940739,0.4942098553246668,0.9983844172177472,0.9990095620966901
0.9999996101484122,0.9999997600612436,1.013811209343023e-09,1.0,1.0,0.999999725970364,0.9999719589805516,0.9999996584333546,0.9999996761492823,0.9999997130337149,4.547364262323403e-05,0.9999999411932681,0.9993837902485253,0.9999533229031299,0.9997742214085519,0.9996725287705136,0.00035052935855180785,0.9887340637235368,0.999661069201552
0.00039065282295929973,0.0004207573078443338,0.00043608304584199934,1.0,1.0,9.632037067276204e-05,0.9425222289403226,0.0004384211355797398,7.402832195850245e-05,0.00040945445829837333,0.719084695751487,0.9983989565276522,0.9616384093489204,0.9999996524492936,0.9996093913005439,0.9995220664071124,0.14188822590405933,0.24230096365362652,0.9996582257545631
0.05021062207997243,0.05041431980868617,0.053069202149339426,1.0,1.0,0.030291352735368836,0.2918936478847043,0.0549214320590168,0.01921015821357621,0.051383512106704964,0.9989916126225906,0.9958361651571369,0.9339260925730241,0.9999987189102164,0.9998600381171422,0.9998725511048874,0.944907131022879,0.010515880342465804,0.9998554750122596
0.999999993098129,0.99999999218565,0.9999999791135823,1.0,1.0,0.9999999916545051,0.99999998074361,0.9999999776401584,0.9999999821401817,0.9999999921361536,0.9999999992373461,0.9999999985547845,0.9999999999930793,0.9998240027171811,0.9986149203334024,0.9987035369034053,0.0003652560269468821,0.03080447255816984,0.9987472408594757
0.9999989353143361,0.9999985772567644,8.125980918245792e-10,1.0,1.0,0.9999985190085592,0.9999996124268803,0.999996851848674,4.908818896399915e-10,0.9999987786872777,0.9999999922994648,0.9999999304289868,0.9999999996013997,0.9999990876154399,0.9995072219097322,0.9994609011016983,0.9971126090880214,0.5749977093705754,0.9993616095072292
0.999999984552119,0.9999999837592244,0.9999999469811357,1.0,1.0,0.9999999827084454,0.999999981717224,0.9999999529712096,0.9999999288725857,0.9999999869411199,0.9999999995193605,0.9999999992197104,0.9999999999793233,0.9999986234683103,0.9992993670535634,0.9992683649547482,0.9626760779398441,0.7389393702590871,0.99926937337607
0.9999999685684605,0.9999999616530183,0.9999999043806487,1.0,1.0,0.9999999599336329,0.999999999205528,0.9999997997716067,0.9999998144215456,0.9999999673906507,0.9999999999644444,0.9999999989993285,0.9999999999966178,0.9999998867215603,0.9949158955606859,0.9972068543212879,0.9925956375245154,0.9999852189375411,0.9976435494779535
0.9999999526695701,0.9999999470271931,0.9999998517746288,1.0,1.0,0.9999999408317723,0.999997785955507,0.999999870542092,0.999999799554877,0.999999963683394,0.9999999489697031,0.9999999985391526,2.362011661129586e-11,0.9999833116766008,0.9993043697425568,0.9993078796420947,0.9868042813071277,3.3179310554809543e-06,0.9993402029410045
0.9999999656083396,0.9999999633276965,0.9999999123604407,1.0,1.0,0.9999999664698727,0.9999999991433413,0.9999998057932846,0.9999997974635512,0.9999999683893327,0.9999999998157278,0.9999999982144631,0.9999999999904929,0.9999998867215887,0.9996276893770732,0.9995404503823805,0.9999991915897795,0.9999984611975253,0.999392615824417
0.9999996767439353,0.9999996620289838,0.9999992260985959,1.0,1.0,0.9999996744408681,0.9999999358667843,2.777758189841831e-11,0.9999983462656733,0.9999997285439348,0.9999999996168754,0.9999999696097893,0.9999999999830466,0.999999923028898,0.9991931716374938,0.9991136966791068,0.9999993784850374,0.9999990153583002,0.9992505346862894
0.9999999951800193,0.999999995280689,0.9999999885947802,1.0,1.0,0.9999999953311233,0.9999892782966618,0.9999999880000133,0.9999999923794435,0.9999999956530702,0.9999999787071662,0.9999999985667216,0.9999999999385097,0.9999819939577823,0.9991971998936924,0.9994366317846707,4.311377541343839e-05,0.006106980814589617,0.9993929949411647
0.9999999928891158,0.9999999932603175,0.9999999831767499,1.0,1.0,0.999999992995484,0.9999999387974744,0.9999999823352967,0.9999999820552861,0.9999999933144609,0.9999999696101588,0.9999999986942784,0.9999999999584475,0.999976839378543,0.9997127488917696,0.9997404612569781,0.0276296974586444,0.005367759292093168,0.9997248325364949
0.9999999945323311,0.9999999945785164,0.9999999872920854,1.0,1.0,0.99999999411763,0.9999949501185236,0.9999999873652144,0.9999999892903021,0.9999999948135213,0.9999999820306587,0.9999999989842507,0.9999999999398028,0.999991462515248,0.9995228115978961,0.999419826117707,0.004496649783771054,0.0029088064119880534,0.9994663814689495
0.9999999891869039,0.9999999873991215,0.999999964257072,1.0,1.0,0.999999989554894,0.9999997060735388,0.9999999693511376,0.999999949374144,0.9999999896380133,0.9999999995125677,0.9999999993238191,0.9999999999848656,0.99997929504172,0.9997800467779592,0.9997069553828704,0.9998936761858609,0.08935882940596634,0.9997503352238083
0.9999999926884585,0.9999999918237138,0.9999999824636918,1.0,1.0,0.9999999919854333,0.9999998160069082,0.9999999763111876,0.9999999901209976,0.9999999918065897,0.9999999923381467,0.9999999985786161,0.9999999999871534,0.9999921737203306,0.9993537959308875,0.9993797115249808,0.10601570326770017,0.6747713145809934,0.9993361660834078
0.999999995575081,0.9999999948482242,0.9999999891964252,1.0,1.0,0.9999999953259647,0.9999994604212965,0.9999999849114973,0.9999999912718353,0.999999994783039,0.9999999738312089,0.9999999984093507,0.9999999997555734,0.9999854080217252,0.9990422195801464,0.9990984255472709,3.851437784587727e-06,0.012743129892011505,0.998969200579361
0.9999999915504391,0.9999999898591626,0.9999999704351699,1.0,1.0,0.9999999897993775,0.9999998036453712,0.9999999697280663,0.999999963748295,0.9999999900873463,0.9999999976867571,0.9999999987340972,0.999999999982407,0.9999774720145026,0.9993479847378881,0.9993884264509114,0.9987063221823066,0.034129311068331,0.9995048217206615
0.9999999403753765,0.999999920547825,0.9999998407061085,1.0,1.0,0.9999999189043967,0.9999950627514618,2.916648585940908e-10,0.9999997750616214,0.9999999201165825,0.9999999355088413,0.9999999863771053,0.9999999994386002,0.999997404721199,0.9995101320679816,0.999568858864276,0.7643944607898019,0.9238945697057861,0.999642745121223
0.999999991009446,0.9999999902758817,0.9999999788695535,1.0,1.0,0.9999999906078473,0.9999997389679208,0.9999999732986145,0.9999999805509818,0.9999999901164643,0.9999999978093826,0.9999999990843378,0.9999999999916724,0.9999872647728902,0.9992691084010651,0.9987105975422262,0.345009027995911,0.19885555995965432,0.9991845337848326
0.9999999908912828,0.9999999903342883,0.9999999786980144,1.0,1.0,0.9999999904378002,0.9999999116414426,0.9999999714866736,0.9999999759118484,0.99999999027159,0.9999999962679597,0.9999999983027834,0.9999999999905071,0.9999851218823101,0.9993531571989392,0.9992487981569003,0.21894283997533287,0.1700113955006546,0.9993686882215467
0.9999997528103841,0.9999997525549298,1.6730160353976277e-09,1.0,1.0,0.9999997729887841,0.9999923489827529,0.9999994319365493,0.9999995911247607,0.9999997568169204,0.9999999216190818,0.9999999939090715,0.9999999999047304,0.6349381595387971,0.9999326983220886,0.9999176703065167,0.0007682498850042169,0.0006013128884409715,0.9999350195552379
0.9999999975098461,0.9999999964093861,0.9999999976897272,1.0,1.0,0.999999995148599,0.9999999999716637,0.9999999975414369,0.9999999963637692,0.9999999976147934,0.9999995973224104,0.9999999955510789,0.9999908143730597,0.9990757333798833,0.9844674591721432,0.9855445807982551,0.005843029386909296,0.09485925984407383,4.1251281671613776e-05
0.9999999976061674,0.999999996364565,0.9999999977572146,1.0,1.0,0.9999999955163049,0.9999999999972857,0.9999999977784314,0.9999999965296668,0.9999999978301447,0.9999988250400744,0.9999999948664425,0.9999992848554342,0.9996809725287419,0.9922858677883792,0.9950851861296144,0.43911409805195134,0.08587666015286358,1.1553856265959066e-05
0.9999999965606038,0.9999999949524324,0.9999999971111749,1.0,1.0,0.9999999924920077,0.9999999999793374,0.9999999968436698,0.9999999958179303,0.9999999967181453,0.9999974355284195,0.9999999952477908,0.9999945051074997,0.9932057138404333,0.5548217927346318,3.5234518316922623e-06,0.07535997759472095,0.21813432041099987,0.00014882737677490704
0.9999999928864015,0.9999999894214825,0.999999994632944,1.0,1.0,0.9999999822900778,0.999999999974449,0.9999999933212963,0.9999999882377894,0.9999999931726365,0.9999999329336356,0.9999999983403428,0.9999987832568151,0.9998704369767238,0.9917423934611242,0.9951124017057352,0.5932755963632248,0.4838816347698527,1.2403920343923521e-06
0.9999999977711412,0.9999999966176177,0.999999997833882,1.0,1.0,0.9999999958435667,0.9999999999854907,0.9999999979380477,0.9999999982526333,0.9999999979802398,0.9999988486395587,0.9999999944844405,0.9999993817645738,0.9998969518711873,0.9744621454004588,0.9752135166868132,0.7395589667308895,0.7677724189356223,7.013301031059969e-06
0.9999999394955542,0.9999999170460717,0.9999999428088432,1.0,1.0,3.829835291729058e-11,0.9999999999486278,0.9999999534747428,0.9999999189783499,0.9999999427360694,0.9999992156415608,0.9999999805675801,0.9999843620549067,0.9998380732243493,0.9785744303181398,0.9779172313150982,0.16561533908250747,0.5009518844134702,4.201001794791803e-06
0.9999999982269686,0.9999999972962429,0.9999999981141912,1.0,1.0,0.9999999953073485,0.9999999999854907,0.9999999987127097,0.9999999969887484,0.99999999812718,0.9999997469247327,0.9999999873001856,0.9999991900793942,0.999762509596314,0.9321642228425618,0.9309345777192812,0.11658003672060362,0.4330112079981015,3.76009295324449e-05
0.9999999980504128,0.9999999971510364,0.9999999980773141,1.0,1.0,0.999999996423128,0.999999999973241,0.9999999982074429,0.9999999981066026,0.9999999980854996,0.9999994425055254,0.999999990851805,0.9999970608901654,0.9998463989643326,0.9805144259643355,0.9769452249666669,0.7833025955906363,0.5864159052730767,4.6462132091680535e-06
0.9999999970357579,0.9999999959301534,0.9999999970759889,1.0,1.0,0.9999999921682844,0.9999999999956231,0.9999999974552054,0.9999999955172286,0.9999999971777812,0.9999997795109111,0.9999999930062416,0.9999983678504198,0.9994751536342241,0.9647463143178533,0.9753556637056663,0.039122276319194405,0.12288172586224162,4.336133573555869e-05
0.9999999975093488,0.9999999964132799,0.999999997558632,1.0,1.0,0.9999999947949335,0.9999999999967315,0.9999999977180636,0.9999999964578877,0.9999999975577936,0.9999996355915169,0.9999999937154059,0.9999964847353593,0.9997698947496896,0.9846020406531628,0.984713007285277,0.11843664077356195,0.037233259676220945,9.825272074843293e-06
0.9999999974500896,0.9999999961564897,0.9999999977026874,1.0,1.0,0.9999999952549105,0.9999999999819522,0.9999999976440819,0.9999999958118765,0.9999999975451886,0.999998888962998,0.9999999971442152,0.9999965635373443,0.9996740531441298,0.9557999081619668,0.9633879635769934,0.02000834380442688,0.012421798420883987,3.437037389989118e-05
0.999999998247219,0.9999999969401899,0.9999999983667466,1.0,1.0,0.9999999957031066,0.9999999999902514,0.9999999982778291,0.999999996708013,0.9999999981936868,0.9999955839035859,0.999999994208821,0.9999988500802677,0.9993450936830248,0.9762494961320599,0.9802065444424737,0.1459876784658205,0.016299078345763603,1.7008062383138688e-05
0.9999999976176924,0.999999995890292,0.9999999977154347,1.0,1.0,0.9999999960028562,0.99999999999811,0.9999999978763867,0.9999999963742568,0.9999999977735287,0.9999988692848942,0.9999999978748519,0.9999992413423408,0.9997393526080365,0.9797603541535894,0.9839202949508393,0.8797522114960885,0.015870163434618084,1.1625272398387075e-05
0.9999999981085494,0.9999999968220977,0.9999999981958467,1.0,1.0,0.9999999961085423,0.9999999999971722,0.9999999982262011,0.9999999972065865,0.999999998175781,0.999995051627814,0.9999999910759102,0.9999912771449023,0.9998460039757499,0.9628181375760665,0.9657241623250898,0.004726831483736416,0.01680277700126338,2.089889942860391e-05
0.9999999984108001,0.9999999964932728,0.9999999984638493,1.0,1.0,0.9999999963290805,0.999999999981199,0.9999999988089457,0.9999999974296828,0.999999998501707,0.9999973886066291,0.9999999979388434,0.9999996901358995,0.999440469570436,0.9618021046675861,0.9684051028490538,0.9545420087934001,0.8914950329772565,1.971024411572941e-05
0.9999999965829717,0.9999999943150614,0.9999999968528358,1.0,1.0,0.9999999925978359,0.9999999999952536,0.9999999969298018,0.9999999956540365,0.9999999968422912,0.9999883214210259,0.9999999963542622,0.9999955655002125,0.9933497865368123,0.8538823964124774,3.804747546216992e-06,0.3644061727409553,0.0049092639480247105,4.4348102176439404e-05
0.9999999883714424,3.792341855354825e-11,0.9999999887334071,1.0,1.0,0.9999999776094629,0.9999999998480577,0.9999999890172974,0.9999999828728792,0.9999999890297319,0.9999907805345691,0.9999999524203828,0.9999949453658125,0.9998235002002198,0.984539733508719,0.983970507221941,0.9235028638568714,0.31104805024064197,1.6746440671245254e-05
0.9999999978168717,0.999999995317083,0.9999999979003179,1.0,1.0,0.9999999970504946,0.9999999999872813,0.9999999981399839,0.999999997973248,0.9999999978976036,0.9997847905907832,5.817014909143658e-09,0.9999593459571741,0.9993860745417625,0.9879467108480121,0.9890149019245111,0.9933932739947704,0.03606179430294103,0.00010601785170261071
0.3555538457205296,0.3172909732175483,0.0011957421427779122,1.0,1.0,0.3442552043027272,0.9999156592798084,0.32631635636539413,0.3379148957480226,0.33629240499110674,0.9909735846292373,0.9978500989608754,0.9999982908901726,0.9999988549751199,0.99353515150858,0.9916155946598256,0.999949182258756,0.9999364517882685,6.918077313653262e-05
0.3001416037439682,0.2756746557514528,0.001094480511316707,1.0,1.0,0.3039924524775511,0.9998431587544742,0.2825494270045165,0.2931288320933866,0.29046058471585245,0.9920981225258912,0.9978761072765173,0.9999961143083914,0.999999054968092,0.9914185710779828,0.9934786911682043,0.9998998113714908,0.9999036855317908,4.032200389934689e-05
0.9999999857919449,0.9999999875775815,0.9999999875713997,1.0,1.0,0.9999999583674404,0.9999999914525547,0.9999999819899303,0.9999999897998891,0.9999999888991483,0.9999999925732938,0.9999999677779959,0.9999999990853752,0.9999836767798044,0.9988576333488908,0.9989331120440726,0.0002888239917853504,0.003087148582814155,0.9988387661626028
0.9999999943338481,0.9999999925339297,0.9999999921537609,1.0,1.0,0.9999999844773557,0.9999999899571322,0.999999991894427,0.9999999759596822,0.9999999921949724,4.876973372366715e-09,0.9999999978068389,0.9999999663783548,0.9999765890134988,0.9992460557084833,0.9992693018209597,0.45144475670759426,0.7433644001616876,0.998870011962383
0.9999999853752969,0.9999999878074136,0.9999999895744908,1.0,1.0,0.9999999728077715,0.9999999966644993,0.999999986616615,0.9999999877856142,0.9999999900230848,0.9999999984329122,0.9999999965110221,0.9999999993681997,0.9999787769305034,0.9977119928651966,0.9980680453509878,0.9502945034100964,0.30478408384272676,0.9982782413681701
0.9999999676892349,0.9999999769722056,0.9999999724274748,1.0,1.0,0.9999998521624999,0.9999999787228976,0.9999999460492732,0.9999999925146598,0.9999999726738769,0.9999999897959811,0.9999999964117309,0.9999999948583708,0.9999683503406085,0.999124991141968,0.9991471894859245,0.004926076273397885,0.00030135537075567454,0.9991648864529458
0.9999998280867011,0.9999998565261269,0.9999998605769873,1.0,1.0,0.9999997356565652,0.9999937278731771,0.9999998427125956,1.9492662508116648e-10,0.999999857556769,0.9999971903784051,2.124724256616736e-10,0.9999947054244744,0.9999464139148903,0.9997682389551789,0.999759744075443,0.0034628089423749003,0.11508125404827685,0.9997433953140747
0.9999998957628319,0.9999998916448961,0.9999998916130922,1.0,1.0,0.9999998094767375,0.9999998440580649,0.9999998871969844,1.9792198999054826e-12,0.999999898588447,0.9999997014938506,0.9999999851232959,0.9999998826157465,0.9999913806192069,0.9997540189754683,0.9996665453773532,0.0010855118257018191,0.008681379396232413,0.9995974282981026
0.9999999851602015,0.999999988006593,0.9999999884254153,1.0,1.0,0.9999999659351466,0.9999999627439004,0.9999999849442391,0.9999999851631004,0.9999999902664883,0.9999997976111451,0.9999999959758413,0.9999999984912193,0.999978671529387,0.9988196037850424,0.9981915304889352,4.314276577464712e-06,1.0693529481562277e-05,0.9986681704522513
0.9999999902271385,0.9999999911375853,0.9999999916991983,1.0,1.0,0.999999979118414,0.9999999915881973,0.999999981888948,0.9999999919330521,0.9999999916790899,0.9999995339475113,0.9999999966725569,0.9999999995041834,0.9999657335963684,0.99889686119673,0.9985885915734103,0.03929876164004265,1.4998893042179546e-05,0.9986975896103645
0.9999999832788122,0.9999999858145686,0.9999999860365422,1.0,1.0,0.999999941807447,0.9999999972300061,0.9999999856100886,0.9999999887474332,0.9999999865864596,0.9999999519294119,0.9999999952812858,0.9999999983333367,0.9999690210353408,0.999062443315163,0.9991669763775098,0.004981310121129657,5.126206729709899e-05,0.998489538685441
0.9999999828589099,0.9999999866787307,0.9999999877008038,1.0,1.0,0.999999972979595,0.9999999923387862,0.9999999811443419,0.9999999724795008,0.9999999872152757,0.9999980440783902,0.9999999982044586,0.999999985557409,0.9999837791629838,0.9985148617789588,0.9984243786201416,1.6382301854077558e-05,4.999346270833907e-06,0.9985882304564228
0.9999999527197913,0.9999999718953352,0.9999999747812754,1.0,1.0,0.9999998196182837,0.9999999981398561,0.9999998844179953,0.9999999968702441,0.999999974917657,0.9999999322541152,0.9999999921707997,0.999999998887006,0.9999658937640226,0.9992134307090581,0.9991645718551552,0.9989108628984967,5.767938904153347e-09,0.9992843898151279
0.9999999851565635,0.9999999878188818,0.9999999885730518,1.0,1.0,0.999999961305904,0.9999999979160492,0.9999999787336551,0.9999999801128896,0.9999999889419372,0.9999989883402665,0.9999999968669898,0.9999999993927561,0.9999744209295491,0.9983971705513638,0.9981637628290424,0.8960697635340659,5.908547540817656e-06,0.998205583487511
0.9999999905379441,0.9999999917106949,0.9999999921510608,1.0,1.0,0.9999999773105518,0.9999995777803189,0.9999999884659873,0.9999999945189161,0.9999999931786762,0.9999981560156732,0.9999999923160489,0.9999999879452163,0.9990512987578413,2.3048970886912054e-07,0.9625300079505889,0.0007792142973921214,5.125017337586687e-06,0.9662680121507756
0.9999998983335895,0.9999999149145858,0.9999999181502836,1.0,1.0,0.9999998675183353,0.999999858573385,0.9999999182031053,1.3983868612244506e-11,0.9999999187772948,0.999941657951681,0.9999999818445249,0.9999999651655578,0.9999916528107421,0.9993823466931958,0.9990845721645354,0.00028459645164803,5.6834756823191965e-05,0.9988613506401974
0.999999982572888,0.9999999823033792,0.9999999590311157,1.0,1.0,0.999999956682701,0.999996709171541,0.9999999753044196,0.9999999212203678,0.9999999692127522,0.9999999999231051,0.9999999983045313,0.9999999957189233,0.9999482927363009,0.996920074965913,0.9961502339156698,0.9150315459902286,0.00012576102693839545,0.9961242039420835
0.9999999914387844,0.9999999883249019,0.9999999798051535,1.0,1.0,0.9999999764986999,0.9999845674474802,0.9999999850946467,0.9999999624762673,0.9999999846816794,0.9999999990527755,0.999999997581739,0.9999999903892701,8.085715837509396e-10,0.9979633069402921,0.9979932470107199,0.9609996127601552,0.4422417348478215,0.9980903142696446
0.9999999785824517,0.9999999778946463,0.9999999152984921,1.0,1.0,0.9999999472065199,0.9999987683547769,0.9999999652871459,0.9999996032604562,0.9999999673917307,0.9999999999740083,0.9999999969904679,0.9999999944361379,0.9999917093201905,0.9905704160901155,0.989096901267546,0.9740921625543635,0.9998536915470437,0.9925890439656971
0.9999999756849295,0.9999999693841352,0.9999999375880881,1.0,1.0,0.999999937109566,0.9999994313764572,0.9999999592465807,0.9999999056922252,0.9999999518694421,0.9999999999863861,0.999999997331429,0.999999998005805,0.999980813852756,0.9978649490039738,0.997707475891587,0.9412847491427164,0.0057627761641828356,0.9976449432969309
0.9999999872923696,0.9999999874511759,0.9999999739605561,1.0,1.0,0.9999999749079794,0.9999341955037717,0.9999999827517743,0.9999999387122235,0.9999999798331489,0.9999999997629345,0.9999999989243095,0.9999999977497823,0.9999408138189646,0.9995259311436631,0.999530642944396,0.00016756050796304262,0.052287435197246386,0.9995379006366555
0.9999998578418813,0.9999998543821214,0.9999996998839602,1.0,1.0,0.9999997376395757,0.9999684182932183,0.9999998068844507,0.9999994033199973,1.2350837930524354e-11,0.9999999970880397,0.9999999473966469,0.9999998954816844,0.9999924620111675,0.9994559370331749,0.9994548537506398,0.000623867899349839,0.0011797724249415476,0.999339265049749
0.9999997349557713,0.9999996698997057,1.8487884189263873e-12,1.0,1.0,0.9999994328308094,0.9999951089047943,0.999999585722208,0.9999971787798791,0.9999995876390668,0.9999999999423609,0.9999999755834924,0.999999935060901,0.9999965906917363,0.9996028965530467,0.9995639645507917,0.9999879541304949,0.9999998469624505,0.9995686528146774
0.9999999953625861,0.9999999957045987,0.9999999912324428,1.0,1.0,0.9999999885256018,0.9812249995662982,0.9999999936401026,0.9999999934823905,0.9999999940840497,0.9999999125684734,0.9999999986203677,0.9999998404046962,0.9997221203611327,0.9922425065406774,5.070000760458354e-07,1.637545098339078e-08,0.3559013859921505,0.9922521470853095
0.9999999379795688,0.9999999327385632,0.9999998870749132,1.0,1.0,1.2270866042013459e-11,0.9999568882092759,0.9999999136036772,0.9999996243951013,0.9999999166046543,0.9999999728375006,0.9999999728233466,0.9999999585857902,0.9999954539984534,0.9994989955954269,0.9995565173999935,0.05560839296207632,0.8771914485604622,0.9995288117206441
0.9999999950021704,0.9999999949381221,0.9999999886461951,1.0,1.0,0.9999999822104828,0.9994820389500704,0.9999999932844618,0.999999978792218,0.9999999933211826,0.9999999986027462,0.9999999987823713,0.9999999980995541,0.9999910270413018,0.999767345415174,0.999823766765218,0.9898234045053751,0.1314894462648747,0.9997767775328489
0.9999999953506206,0.9999999953313649,0.9999999894818928,1.0,1.0,0.9999999836453954,0.9997085107608342,0.9999999938201257,0.9999999801597286,0.9999999938305991,0.9999999990497344,0.9999999992886899,0.9999999960744647,0.9999901243606146,0.9993296255545052,0.9994419783999361,0.30368281356422056,0.001205634400089047,0.9992221703650804
0.999999998439776,0.9999999982514254,0.9999999972397546,1.0,1.0,0.999999997490349,0.025459252439715422,0.9999999978587512,0.9999999964852436,0.9999999979084606,0.9999997079393524,0.9999999990514966,0.9999999106491413,0.9996831091256999,0.9857359348317105,0.9873410201193121,0.01962442575981378,0.13854347289300176,1.0945242971151351e-05
0.9999999958481142,0.9999999954407174,0.9999999898383011,1.0,1.0,0.9999999869799724,0.9999732590795245,0.9999999940234262,0.9999999834601285,0.9999999940217493,0.9999999996577174,0.9999999982414636,0.9999999925723132,0.9999838955394338,0.9979736600825783,0.9979384695660904,0.901145045246168,0.07671282666293139,0.9978664596264109
0.9999999917736205,0.9999999912199088,0.9999999858236494,1.0,1.0,0.9999999798772736,0.9998628042378309,0.999999988877761,0.9999999678694712,0.9999999893985462,0.9999999991942161,0.9999999983436112,0.9999999847870954,0.9999921216930237,0.9963783435224667,0.9968682714152268,0.00012320055997875487,0.04669212149437788,0.9987391058051927
0.9999999873858486,0.9999999880613474,0.9999999742041158,1.0,1.0,0.9999999668653748,0.9996712196496274,0.9999999810104188,0.9999999689906082,0.9999999810962381,0.9999999986240199,0.9999999989594244,0.9999999901414044,0.999992968410462,0.9987981630252113,0.9988918027287115,0.062470908317594366,0.004991244212543974,0.999293970869949
0.9999999921469823,0.9999999913103609,0.9999999846199048,1.0,1.0,0.999999978520464,0.9999748673765018,0.9999999886622534,0.9999999811572169,0.9999999887354961,0.9999999987672936,0.9999999988221191,0.9999999837834823,0.9999749132528916,0.9985599456892953,0.998496918815951,5.934519361077411e-06,0.092789959658282,0.9986496687691955
0.9999999893750698,0.9999999860672376,0.9999999755365682,1.0,1.0,0.9999999628750808,0.9999832263360623,0.9999999818616916,0.9999999581732064,0.999999983563612,0.9999999991090931,0.9999999993478923,0.9999999814761937,0.9999879011155519,0.9993614897340882,0.9991704994173011,0.25950993361253577,0.00020868001520109555,0.9993013931624943
0.9999999912473073,0.9999999904840992,0.99999998318188,1.0,1.0,0.9999999662212538,4.502612998819203e-05,0.9999999872694901,0.9999999644571609,0.9999999889404593,0.9999999991211297,0.99999999849004,0.9999999967991756,0.9998759619264198,0.9983211467388091,0.9982987073496198,0.6266996700486053,0.005007815135249022,0.9983493063425691
0.9999999613647653,0.9999999602420369,1.5599161204016762e-12,1.0,1.0,0.9999998231096484,0.9997075669347895,0.9999999456102857,0.9999998328628121,0.9999999522410844,0.9999999259968774,0.9999999926494355,0.9999999875100373,0.9999814466507723,0.9992961566841759,0.9992762829551035,0.9776350851447966,0.042983082967529306,0.9993897467042674
0.9999999353282923,0.9999999315235779,0.9999998136168703,1.0,1.0,6.135435917697902e-12,0.9999730300998765,0.9999999251575133,0.9999997218325621,0.9999999211599717,0.9999999891886092,0.9999999920389798,0.9999999579486465,0.9999372564182796,0.998714293421134,0.998863497168928,0.27362920859845574,0.07697046822819914,0.9986687218551964
0.9999999935422609,0.9999999930141003,0.9999999873488862,1.0,1.0,0.999999981847836,0.9999821957905969,0.9999999899638113,0.9999999683183637,0.9999999911290446,0.9999999913852095,0.999999999330484,0.9999999917275063,0.9998906616516111,0.9988808269553234,0.9986841313111069,0.0003944840655321719,0.002337956820768294,0.9986460386857385
0.9999999814001799,0.9999999770289637,0.9999999263664875,1.0,1.0,0.9999999455610877,0.9999997382550051,0.9999999665253233,0.9999998034329758,0.9999999788734046,0.9999999998592699,0.9999999985750776,0.9999999962094109,0.9999528939916578,0.9997975014286681,0.9998052749671381,0.9966086779094963,0.9999987032112354,0.9998370625918123
0.9999999949852737,0.9999999946924732,0.9999999896378285,1.0,1.0,0.9999999679620123,0.9999729780863692,0.9999999922895172,0.9999999847503178,0.999999993265206,0.9999998931930976,0.9999999990646842,0.9999999955164328,0.9999896386978308,0.9984563580688286,0.9983588167007283,1.1097005104719989e-07,0.1310400453868517,0.9983352407797792
0.9999999950958768,0.9999999944293024,0.9999999890048344,1.0,1.0,0.9999999828947923,0.9997123853862273,0.9999999879072733,0.9999999927104285,0.9999999930230673,0.9999999967500487,0.9999999984642473,0.9999999935482294,0.9999926042636033,0.998132389413415,0.9986210861646391,0.012265591711399742,0.0009685727449841756,0.9988606536272354
0.9999999702097715,0.9999999692204403,0.9999999491021483,1.0,1.0,0.9999999438748278,0.9942053399260059,1.0971945078187408e-10,0.9999999646570081,0.9999999638230725,8.044679010825788e-06,0.9999999901347821,0.9999969846920593,0.9999962245840026,0.9997181018945717,0.9996839868867181,1.3880354687759635e-06,0.1070228495842721,0.9996384927151597
0.9999999930253695,0.9999999927499489,0.9999999944837158,1.0,1.0,0.9999999137929516,0.9999999661592234,0.999999971957934,0.9999997754657213,0.9999999937303842,0.9999999998983355,0.9999999967118641,0.9999994683447816,0.9999966148328269,0.896838792135598,0.8824134128982567,0.9992386238677756,0.9987892227523113,0.7913631085451718
0.9999999880638627,0.999999987485083,0.9999999886090195,1.0,1.0,0.9999999801312074,0.9999997193860363,0.999999983286415,0.9999999183568952,0.9999999879923253,0.999999994237058,0.999999997252715,6.498564619334988e-08,0.9999983010341191,0.9984761264833342,0.9993234157902942,0.7609604686455211,0.92070577179624,0.9986354877000182
0.9999999961897857,0.9999999959175626,0.9999999961631404,1.0,1.0,0.9999999958976958,0.9990803635107401,0.9999999946008559,0.9999999909072416,0.9999999968487857,7.67661765782229e-08,1.0144664980387586e-11,0.999820848380082,0.9999885001907247,0.9323864605541128,1.2629394630876147e-06,0.9999801297654599,0.999170651701651,0.9310894569223005
0.9999999906123237,0.9999999902788376,0.9999999922980295,1.0,1.0,0.9999999116491023,0.9999999941380225,0.9999999688769355,0.9999997702790162,0.9999999922447246,0.9999999999278231,0.9999999983800195,0.9999996832925793,0.9999974271818233,0.9941212203995342,0.9963740970809516,0.9998861758468697,0.9999920491096824,0.9964647022122598
0.9999999953156619,0.9999999952065083,0.9999999962210496,1.0,1.0,0.999999980326095,0.9999998725523878,0.9999999879570681,0.9999999539919184,0.9999999957781115,0.9999999982268691,0.9999999979904005,0.9999990891387142,0.9999498671738941,3.5232706837916728e-09,0.36502720929462157,0.9997388202050231,0.9993239761478878,0.2543447174621332
0.9999999876904441,0.9999999875335989,0.9999999905531923,1.0,1.0,0.9999999449100743,0.9999999206176146,0.9999999557562244,0.9999998985934065,0.9999999882582956,0.999999995561936,0.9999999980860964,0.999997362551607,0.9999948525892997,0.999364801458042,0.9993708647419112,0.9999990568823207,5.343439918328815e-14,0.9992310779505728
0.9999999954954434,0.9999999953276985,0.9999999963396534,1.0,1.0,0.9999999869535686,0.9999983476642749,0.9999999920554928,0.9999999771788456,0.999999995831658,9.380527309616033e-11,0.9999999986817585,0.9999989495914836,0.9999976416406283,0.9993649464871058,0.9993515732720434,0.9999999892431931,0.9999992494197987,0.9993523414153304
0.999999988951089,0.9999999901432944,0.9999999883832374,1.0,1.0,0.9999999713069205,0.9999996889755125,0.9999999776085392,0.9999999484010273,0.9999999903477744,0.9999999381011568,0.9999999952774915,0.9999991916044308,0.999967564578352,0.9996683933056493,0.9997244650237395,0.0004662868259643586,0.00039491213779090166,0.9997271702895769
0.9999998294137815,0.9999998248288205,0.9999998319319587,1.0,1.0,0.9999991499737523,0.9999994827474327,1.8321191130930985e-11,0.9999986644399821,0.9999998355697379,0.9999983773748744,0.9999999294223042,0.9999995466619287,0.999996932320302,0.9993857461141445,0.9993436493130369,0.010038903658464002,0.009181604075570988,0.9993461624541902
0.9999999834267757,0.9999999815535008,0.9999999841672607,1.0,1.0,0.9999999670333898,0.9999998997482658,0.9999999655434955,0.9999999116106904,0.999999985179315,0.9999999908827278,0.9999999983693614,0.9999994695787948,0.9999638407094334,0.9996319795238002,0.9996195812881954,0.005908729889174784,0.11928328250294999,0.9996127108204191
0.9999999868832249,0.9999999859759329,0.9999999866427204,1.0,1.0,0.9999999535299662,0.9999999928813993,0.9999999729465405,0.9999998415242841,0.9999999865902681,0.9999999951226216,0.9999999976764685,0.9999998637610994,0.9999466192625668,0.9998538348705325,0.9998414513103346,0.9944451317346216,0.03830585705008643,0.9998409335415952
0.9999999245082336,0.9999999232006503,0.9999999257179609,1.0,1.0,0.999999856649605,0.9999973672082645,0.9999998696400155,3.7278366640328035e-09,0.9999999275226683,0.9999998976095892,0.9999999282977283,0.9999958653326004,0.9999821508583664,0.999538673517826,0.9996137362618084,0.05389013681088586,2.576487761903402e-05,0.9995234448250379
0.9999999867195727,0.9999999864813561,0.9999999866073069,1.0,1.0,0.9999999449274968,0.9999999730584226,0.9999999727468496,0.9999997676146948,0.9999999874079323,0.9999999941662311,0.9999999939535514,0.9999997098745719,0.9999160855107277,0.9982885342123107,0.9984874804791305,0.004771945950848926,0.0006065441030019132,0.9977053205025173
0.9999999930572586,0.9999999928257354,0.9999999931168305,1.0,1.0,0.9999999894046426,4.252127262271774e-07,0.9999999914092969,0.9999999602752192,0.9999999932551874,0.9999999642790136,0.9999999877325224,0.999998620001307,0.9997605148937171,0.9997198998709048,0.9997862530612457,0.9669169208381034,7.230344787259305e-05,0.9997547537890894
0.9999999876905151,0.9999999875315525,0.9999999879961906,1.0,1.0,0.999999973681938,0.9999998927200466,0.99999997926642,0.9999999238427394,0.9999999890757324,0.9999999888852643,0.9999999935990048,0.9999992435249843,0.9999649908991057,0.9968959998990382,0.9979313930778876,0.0020138668991455826,0.004311807921895701,0.9966879531411069
0.9999999964319245,0.999999996401897,0.9999999965381222,1.0,1.0,0.9999999956487359,0.9999854563831315,0.9999999947902866,0.999999992786954,0.9999999965833696,0.9999867549158172,0.9999999916405217,0.9999903709995868,8.62567019538469e-10,0.9981239629114733,0.9981809128923107,8.439977035768776e-08,0.0014533051176278274,0.9979693368361061
0.9999999944130878,0.9999999943713932,0.9999999945686967,1.0,1.0,0.9999999915855399,0.999996945033379,0.9999999914521,0.9999999846376826,0.9999999946825399,0.9999990080613887,0.9999999965028935,0.9999849065157286,0.999698395843999,0.9943894341844646,1.364884982610315e-07,0.0001379263016520924,0.001460583888510723,0.9942423202119012
0.9999999074782452,0.9999999048707099,0.9999999173634854,1.0,1.0,0.9999993620753332,0.9999999612839624,0.9999993837720548,0.9999984417088319,0.9999999059168276,0.999999999259316,0.9999999989855723,0.9999994464436353,0.9999758517068322,0.9970940298113683,0.9950538532182122,0.9998842351234315,0.08188769055352048,0.9969443928635154
0.9999999962184917,0.9999999958379534,0.9999999960794953,1.0,1.0,0.9999999942341306,0.9999999067091823,0.9999999929427191,0.9999999733332889,0.9999999960696472,0.9999994621140073,0.9999999941748855,0.9999998385379303,0.9998837548947906,0.998699664839686,0.998908249487586,1.5770014058957333e-05,0.2681850070542052,0.9988117020633176
0.9999999915147698,0.9999999913415963,0.9999999922481494,1.0,1.0,0.9999999770161029,0.9999999934953793,0.9999999879587734,0.9999999047824321,0.9999999913468401,0.9999999962131626,0.9999999962151805,0.999999880067371,0.9999264725933427,0.9968344866927352,0.9971690838163513,0.12778946981578782,0.5672029286383571,0.9960598029609232
0.9999999973811243,0.9999999972434495,0.9999999975637905,1.0,1.0,0.9999999972859684,0.999999395210251,0.9999999964276043,0.9999999898156348,0.9999999974729691,1.2536038114499694e-06,0.9999999716086738,0.9999982761062194,0.999947094838319,0.9984011558870247,0.9984978136733698,0.0008508366561287523,0.4111114702105025,0.9983213132729982
0.9999999923105493,0.9999999920716648,0.9999999935063358,1.0,1.0,0.9999999640160133,0.9999998009737027,0.9999999722581099,0.9999998599100436,0.9999999930195288,0.9999999939576157,0.9999999979116296,0.999999641579642,0.9998387112560715,0.9997128200684275,0.9996758321712673,0.9999999924167043,0.9999625191135925,0.9997422588381448
0.9999999309596201,0.9999999283769965,0.9999999496936325,1.0,1.0,0.9999997320848952,0.9999999759323973,0.9999998776667742,3.883161039725502e-10,0.9999999333040415,0.9999992600564449,0.9999999264159981,0.9999979961559018,0.9999457000293065,0.999571541641014,0.9994865620426159,0.9395228823782035,0.0061058288126614796,0.9995399175173739
0.9999999954631137,0.9999999952841706,0.9999999961979712,1.0,1.0,0.9999999912020031,0.9999998858049318,0.9999999910774876,0.999999984088831,0.9999999960692777,0.9999998444083481,0.9999999974207442,0.9999994205331834,0.9999909199057684,0.9971828882423491,0.997365175973666,2.9149251323459544e-08,0.021699152896059084,0.9970318304085712
0.9999999924448845,0.9999999922979727,0.9999999946461174,1.0,1.0,0.9999999840853067,0.9999999958210709,0.9999999871060369,0.9999999395516302,0.9999999925735353,0.9999998471347855,0.9999999934495635,0.9999998474946469,0.9999523831516558,0.9955536824422527,0.9959032297787581,0.04782640104021169,0.057297422477463576,0.9942340103180113
0.999999941100457,0.9999999270030768,0.9999999378963358,1.0,1.0,0.9999999877280318,0.9999999733225455,0.999999944939036,0.9999999867956008,1.0568058557365826e-12,0.9999999978752926,0.9999999654743597,0.9999998808699999,0.9999908465320427,0.9987707947292069,0.9960817576448697,0.9874115562611442,0.00208018171569864,0.9979995002007279
0.9999999504657366,0.9999999356317794,0.9999999497291454,1.0,1.0,4.9200531403998225e-14,0.999999939336549,0.9999999507564196,0.9999999781784655,0.9999999147046773,0.9999999948937558,0.9999999965828154,0.9999981338031253,0.99998904350846,0.9992964767072688,0.999365718632838,0.9956253945907071,2.2792538820397854e-05,0.999371419255903
0.9999999914925014,0.9999999892451258,0.9999999911850354,1.0,1.0,0.9999999990719318,0.9999999921240744,0.9999999923652042,0.999999999162668,0.9999999875519593,0.9999999995633715,0.9999999937333258,0.9999999081505038,0.9999748970369086,0.9981748040768161,0.9986347583079901,0.9993465288122226,6.605298590963762e-05,0.9983079158187997
0.9999999914848844,0.9999999891355459,0.9999999911692329,1.0,1.0,0.9999999990600656,0.9999999990661479,0.9999999956181825,0.9999999990463238,0.9999999874572866,0.9999999997827587,0.9999999972698107,0.9999999877787077,0.9999761780983057,0.9993093307437378,0.9994903016967135,0.9996197440308002,2.3195313262764223e-05,0.9993298160014199
0.9999999948440889,0.9999999919651971,0.9999999936129172,1.0,1.0,0.999999998598625,0.9999999897100339,0.9999999942529315,0.9999999987469295,0.9999999903276661,0.9999999973112922,0.9999999972349229,0.9999999803562789,0.9999798524364876,0.9986273060664926,0.9972516638278384,0.9953616791232096,4.062244535706643e-05,0.9986942110303163
0.9999999556639817,0.9999999459706161,0.9999999558579599,1.0,1.0,0.9999999950185839,0.9999999997072564,0.9999999573262254,0.9999999911873233,0.9999999442511596,0.9999999957991862,0.999999607854568,5.39624878561785e-08,0.9999979550947576,0.9997774239538993,0.9997709045158379,0.9625078151635017,0.9999882685315722,0.9997306418646954
0.9999999803579132,0.9999999756880559,0.9999999802245443,1.0,1.0,0.999999999359389,0.9999999830407804,0.9999999834678024,0.9999999992455173,0.9999999765846613,0.9999999993785877,0.9999999937696061,0.9999999820661716,0.9999322423970514,0.9981135083413527,0.9984880540105515,0.0404152789079152,3.328092837863966e-05,0.9980703448265946
0.9999999917357486,0.9999999898569173,0.9999999913848684,1.0,1.0,0.9999999992780886,0.9999999052142431,0.9999999921502792,0.9999999990140936,0.999999994433651,0.9999999996187796,0.9999999968609502,0.9999998282268768,0.9999722310905754,0.9972708931811682,0.9975188979726209,0.9587389113680249,0.001154175293768415,0.9975490036714872
0.9999999917270231,0.9999999896841559,0.9999999913622731,1.0,1.0,0.9999999992218563,0.999999995427345,0.9999999921542156,0.9999999991019736,0.9999999910345708,0.9999999992544133,0.9999999962600584,0.9999999167434801,0.9999750791128952,0.9991499308421986,0.9991900712512686,0.9772136170755782,0.0013143728668750273,0.9991758806593309
0.9999999903636622,0.99999998787969,0.999999990184108,1.0,1.0,0.9999999991172928,0.9999999718522763,0.9999999909011167,0.9999999985134451,0.9999999902154003,0.9999999997365734,0.9999999974634904,0.9999999447690315,0.9999477991929963,0.9985827310035638,0.9985012452353176,0.8069953055616498,0.24125868077777185,0.9984591879205121
0.9999999250838585,0.999999911399986,0.9999999214291253,1.0,1.0,0.9999999946013532,0.9999998375738376,0.9999999272324969,0.9999999717858121,0.9999999275496974,0.9999999970900433,3.5499099918165007e-14,0.9999991544528535,0.9999861721690114,0.9997047885288601,0.9996971423874687,0.9987069826998158,0.09244764139393152,0.9997025898665723
0.9999999642524677,0.9999999491988247,0.9999999637346384,1.0,1.0,0.9999999941751981,0.9999996243387836,0.9999999674206356,4.0434571016587695e-12,0.9999999622389603,0.999999977434911,0.9999999977853379,0.9999995733585139,0.9999861946652083,0.9993678547494258,0.9994908223997258,0.33920160478589084,0.014969559126491554,0.999393743137716
0.9999999832597697,0.9999999757182539,0.9999999819134333,1.0,1.0,0.9999999994166019,0.9999999951805166,0.9999999841038092,0.999999999253177,0.9999999822929058,0.9999999993833626,0.9999999923661848,0.9999995299011144,0.9999845580996533,0.9990683773323438,0.9988476816311798,0.005624753699137092,0.33105258272908294,0.9992248497310718
0.9999999890140857,0.9999999842779206,0.9999999884576597,1.0,1.0,0.9999999996123847,0.999999901495817,0.9999999903431133,0.9999999988953334,0.9999999889192993,0.9999999989086917,0.9999999985042933,0.9999998371677767,0.9999718373025327,0.9990034781874864,0.9992147735429175,0.02399214119179254,0.049140560331765705,0.9992821131530644
0.9999999676412733,0.999999954141445,0.9999999655285172,1.0,1.0,0.9999999994506511,0.9999999735227338,0.9999999697073042,0.9999999993806767,0.9999999669070695,0.9999999994481499,0.9999999940974363,0.9999995765070837,0.9999805888888792,0.9992058137076949,0.9994542224082422,0.017783355826792274,0.8967835416974708,0.9987036752207741
0.9999999525648503,0.9999999323389398,0.9999999494657046,1.0,1.0,0.999999999370715,0.9999999933954912,0.9999999548830669,0.999999999141096,0.9999999517406349,0.9999999990556462,0.9999999926261013,0.9999999431937158,0.9999785797462235,0.9979976672783097,0.9986069656930268,0.0003821279565046446,0.21733775477108006,0.9981641846958722
0.9999997844931221,2.8956182231911337e-10,0.9999997785605178,1.0,1.0,0.9999999962878833,0.9999756248159333,0.99999979419605,0.9999999959521376,0.999999784170081,0.00022350474630564371,0.9999999962333989,0.9997043191502314,0.9999306134525163,0.9958134331333496,5.692240743744544e-06,0.5383597468677693,0.010174505809953193,0.9966448297464673
0.9999999616539562,0.9999999530788994,0.9999999543591838,1.0,1.0,0.9999999993653149,0.9999999861285148,0.9999999709898764,0.9999999992239027,0.999999963901218,0.9999999994126086,0.9999999979459773,0.9999999882201395,0.9999352807645593,0.9966784777285759,0.996544652177121,0.04552562622398118,0.04253593047319528,0.9968847474367667
0.9999999907989406,0.999999953191222,0.9999999544933769,1.0,1.0,0.9999999994075921,0.9999999684456219,0.9999999710691871,0.9999999992529638,0.9999999640123611,0.9999999961628135,0.9999999991467661,0.9999999722093951,0.9999808859321276,0.9986886315252024,0.998768805493345,0.3336223457672514,0.0004198320315880708,0.99883103298306
0.9999999618124072,0.9999999885750414,0.9999999545050866,1.0,1.0,0.9999999994159339,0.999999990288842,0.9999999713383407,0.9999999993881232,0.9999999641221258,0.9999999889045769,0.999999998811589,0.9999998873796081,0.9999769211859985,0.9969189371431283,0.9971089191573084,0.19034239059597513,0.0003420869443282864,0.9969483782489239
0.9999999944293166,0.9999999935095901,0.9999999937641918,1.0,1.0,0.9999999996617674,0.9999998957778954,0.9999999941411347,0.9999999992404156,0.9999999982430695,0.9999995508360243,0.9999999997881588,5.742101491139678e-06,0.9999774962353501,0.999490898930773,0.9995550619464303,0.893674768873107,0.0021924929473763114,0.9995966112990283
0.9999999671571521,0.9999999603596175,0.999999961072107,1.0,1.0,0.9999999994707452,0.9999999913132173,0.9999999652456786,0.9999999994488178,0.999999989371375,0.9999999976704005,0.9999999947891497,0.9999999896650708,0.9999796114739192,0.9963174806678565,0.9879331058376126,0.3165676544682289,0.0058034168876631076,0.9971321974789846
0.9999999919346721,0.9999999901785089,0.9999999911880907,1.0,1.0,0.9999999991518393,0.9999999970579269,0.9999999920983812,0.9999999989899493,0.9999999903101725,0.9999999949197474,0.9999999988689582,0.9999999822914563,0.9999745333392019,0.9994548631852246,0.999444147566115,0.9971442314211049,0.0001037649571644435,0.9994939698811566
0.9999999781534118,0.9999999825662231,0.9999999750798171,1.0,1.0,0.9999999987657731,0.9999999805300777,0.9999999773326497,0.9999999980301055,0.9999999779445833,0.9999999991262598,0.9999999993970903,0.9999999855636902,0.9999880069524597,0.995750590802687,0.9961382912040665,0.0001735198832746734,0.7317690397643409,0.9914349096230315
0.9999999691898017,0.9999999727475033,0.9999999689501357,1.0,1.0,0.9999999926747877,0.9999998282985706,0.9999999721784438,8.114957863596231e-14,0.9999999678872206,0.9999996850124048,0.9999999996482671,0.9999984310670784,0.9999932118433786,0.999219559649748,0.9992748414282996,0.6382290098460619,0.900670874210781,0.9990678000258864
0.9999999751376268,0.9999999757806964,0.9999999804804391,1.0,1.0,0.9999999993074198,0.9999993798609883,0.9999999697522816,0.9999999993133173,0.9999999873926982,0.9999999979581419,0.9999980401237586,0.9999997593614444,0.999456297203535,0.9582278266100082,1.971407129421927e-07,0.8836734237527482,0.00022626510485151974,0.9597563148260971
0.9999999523760449,0.999999972315337,0.9999999633010227,1.0,1.0,0.9999999883187344,0.9999999827688557,0.999999930971003,0.9999999947346369,0.9999999269223877,0.9999999999037072,0.9999989521543658,0.9999999336390197,0.9999672042043511,0.9986517400065843,0.9992417457844358,0.15102653224460685,0.0014899456853702765,0.9986809894404186
0.9999999599607898,0.9999999614066731,0.9999999695107965,1.0,1.0,0.9999999918540398,0.9999998459027045,0.9999999342428816,0.9999999949960882,0.9999999386234625,0.9999999998079829,0.9999997999701608,0.9999999057832741,0.9999518054143125,0.9988843119407285,0.9993412696876572,6.655500973844118e-05,0.040322575107053345,0.9988787639189206
0.9999989375719553,0.9999989612424254,0.9999991291803623,1.0,1.0,0.9999999552080406,0.9999998307453242,5.2255292487455865e-12,0.9999999360341029,0.9999985418045984,0.9999999995354331,0.9999701633005709,0.9999990426677705,0.9999801057984631,0.9988340523395635,0.9994812874682112,0.35041421433784925,0.00102364274477332,0.9990548705366068
0.9999999746701608,0.9999999752267431,0.9999999801595865,1.0,1.0,0.9999999992483027,0.999998037583417,0.9999999691629148,0.999999999248317,0.9999999617251242,0.999999994966018,0.9999982200538323,0.9999998150508732,0.9995262977658027,0.98796839560624,5.0642394541979766e-08,0.977048938739228,0.00012566671100724405,0.9888439873885717
0.9999998624585895,0.9999998599378969,0.9999999039998972,1.0,1.0,0.99999997577433,0.9999999939833516,0.9999996925355294,0.9999999517230703,0.9999997701498395,0.9999999998102993,0.9999998992173482,0.9999997594337634,0.9999921570293719,0.9994197463488081,0.9994972200702867,0.992170317903538,1.7234172946432185e-07,0.9993561555872956
0.9999999570642909,0.9999999572242199,0.9999999675278849,1.0,1.0,0.9999999978884234,0.9999996292960821,0.999999945982738,0.9999999967360509,0.9999999330085411,0.9999999997738911,0.999998840249096,0.9999998831955208,0.9999837477172887,0.9995692347401244,0.999739532325568,2.587441824395213e-07,0.08124739313190911,0.9995320003215725
0.9999997234572319,0.9999997258791303,0.9999997663806528,1.0,1.0,0.9999999890520713,0.9999016482858828,0.9999996879843199,0.9999999835024769,6.534867853757754e-09,0.9999999832816828,0.9999930992264512,0.9999960120995944,0.9999967796181849,0.9996296510157942,0.9997109816921563,4.981877018477662e-07,0.0006453651847682115,0.9997132347460231
0.9999999271191085,0.999999927854847,0.9999999422268946,1.0,1.0,0.9999999984954401,0.9999999410643614,0.9999999212415562,0.9999999970613659,0.9999998458100925,0.9999999994012114,0.9999996661666433,0.9999997897811506,0.9999811677434911,0.999001868145702,0.9989610423901166,0.03897195944387096,0.0007033654677666121,0.9989658508980962
0.999999971480364,0.9999999717988008,0.9999999775711789,1.0,1.0,0.9999999961444246,0.9999931522060719,0.9999999636066128,0.9999999933686611,0.9999999378943889,0.9999999997478426,0.9999997468234235,0.9999999612120413,0.9999798426904961,0.9996649828805452,0.9996702058693723,0.3082416821820087,0.09235293374568831,0.9996662649071942
0.9999997707475053,0.9999997512682509,0.9999998111519269,1.0,1.0,0.9999999404994089,0.9999990341844384,0.9999997437821877,1.475902125013327e-11,0.9999995045972077,0.9999999989573071,0.9999997484967086,0.9999991534887616,0.9999890179435407,0.9985296272261248,0.9985586257820529,0.12575935282182793,0.014042736906998034,0.9985300341939045
0.999999966826565,0.9999999702382358,0.9999999739376624,1.0,1.0,0.999999996214413,0.9999993593343312,0.9999999580908829,0.9999999823573094,0.9999999426501079,0.9999999990728838,0.9999996798106083,0.9999998705500501,0.999967404036839,0.9987593885884808,0.9990032869260326,0.010983608437757746,0.0006927955537611007,0.9982943264411301
0.9999999405644662,0.9999999490160731,0.999999953093025,1.0,1.0,0.9999999986346637,0.9999999746633254,0.9999999347300013,0.9999999986556531,0.9999998985884185,0.9999999999055974,0.99999910419179,0.9999999514446513,0.9999569692028416,0.9994870925429614,0.9994092394487911,0.9827010193358661,0.0014133482706123665,0.9997339598349706
0.9999999507203098,0.9999999557838787,0.9999999612403067,1.0,1.0,0.9999999974677821,0.9999995355058444,0.9999999485855695,0.9999999929390812,0.9999999165597906,0.9999999996215507,0.9999991657283046,0.9999997259307868,0.9999712328341898,0.998667332950924,0.9990227349356332,0.00630560942971384,0.00021605790133607378,0.9988952507959469
0.9999999897962512,0.9999999899257973,0.9999999920021879,1.0,1.0,0.9999999991298126,0.9997550491862177,0.9999999886958478,0.999999999105313,0.9999999823172205,0.9999997335314177,0.9999985576213846,0.999992549549135,3.241852215937035e-09,0.9421958029963883,0.9503603709534534,0.002257826961631494,0.0006166516473270097,2.9093127943972837e-06
0.9999999691655864,0.9999999726162234,0.9999999757554864,1.0,1.0,0.9999999987945074,0.9999999376656368,0.9999999651838045,0.9999999975528625,0.9999999473724742,0.9999999997839382,0.9999994463695684,0.9999999051474237,0.9999782027390021,0.9990794525622584,0.9992657369771096,0.0033142820638135877,0.05288714634109154,0.9992424632906158
0.9999999818627574,0.9999999906883091,0.9999999858139007,1.0,1.0,0.9999999984814139,0.9999999358475428,0.9999999779504097,0.9999999979615524,0.9999999684674071,0.9999999994474251,0.9999992369889339,0.9999997930552312,0.9999675730523366,0.9994839119456208,0.9981549571567468,0.023319510101838407,0.0007655356138501776,0.9993687260805727
0.9999999548956577,0.999999954009682,0.9999999682740685,1.0,1.0,0.999999998363279,0.9999992841599412,0.9999999541231841,0.9999999961477642,0.9999999108923316,0.9999999994092406,0.9999996250471093,0.9999995389693124,0.9999458501403439,0.9996243215279359,0.9995186444505242,0.0010859678888379683,2.758731140627995e-05,0.9996876101671561
2.204258097803749e-10,0.9999997411420105,0.9999998082093142,1.0,1.0,0.9999999877964997,0.0003275631824451985,0.999999756390666,0.9999999807376556,0.999999565870974,0.9999996574738522,0.9999879899241948,0.9999974854749278,0.9999733883416202,0.999403430213781,0.9994921085209415,0.0006744503008883074,0.001516316866953991,0.9997710568707825
0.9999990389455249,9.065935563100373e-12,0.9999992823952955,1.0,1.0,0.9999999495846068,0.9999998342516245,0.9999990241525795,0.9999999288707667,0.9999982361367397,0.999999990520351,0.9999889191358615,0.9999996885576566,0.9999828884466565,0.9995279261570506,0.9996766203340616,0.17716906298908328,6.573052012388924e-05,0.9993889608616034
0.999999488583984,0.9999994857930873,0.9999996263223766,1.0,1.0,0.9999999788933994,0.9999991847860257,0.9999994781901419,0.9999999546780753,1.9183641147905018e-11,0.999999944756597,0.9999869798881154,0.999999193998361,0.9999872113046917,0.9990440369206395,0.9992518928050346,0.0024283466355979853,8.771295410806963e-05,0.9991481265360057
0.9999998442317783,0.9999998458204096,0.9999998860658431,1.0,1.0,0.9999999939137326,0.9999904299615054,0.999999847446671,0.9999999924605164,3.734215218006724e-09,0.9999995485510051,0.999983659245516,0.9999978186162995,0.9993765473973922,0.9859402025976489,2.3904429210855384e-07,1.9872306854514467e-05,0.001565133753788891,0.9879161350781595
0.9999999016432404,0.9999999038879726,0.9999999313099035,1.0,1.0,0.9999999986120116,0.999999956094599,0.9999998475796988,0.9999999983261177,0.9999998094082696,0.9999999966982785,0.999991021574023,0.9999999370929109,0.999969222927807,0.9987180994895141,0.9986752785182939,0.8822668691631846,5.6604283870039964e-05,0.9990291042019085
0.9999999863407255,0.9999999917937431,0.9999999900574182,1.0,1.0,0.9999999994476525,0.9999267482930061,0.9999999866858077,0.9999999993244161,0.9999999748785487,0.9999997985440164,0.9999967382814436,2.3330258577187803e-06,0.9992153491836071,0.9884182930761206,0.9935311210647104,0.04964740674798989,0.0014914242089508383,3.1527070603864678e-06
0.9999999534657615,0.9999999533798853,0.9999999673029981,1.0,1.0,0.9999999987922195,0.9999999519818216,0.9999999468052337,0.9999999865025587,0.9999999084779787,0.9999999966503169,0.9999994139756451,0.9999999174043558,0.9999676882414552,0.9986506046301218,0.9987998065611398,0.01709600724384611,0.0027577689731234554,0.9990072734246371
0.9999999970997494,0.9999999966384651,0.9999999966958057,1.0,1.0,0.9999999875171143,0.9999999139140423,0.9999999968042773,0.9999999773660594,0.9999999960085689,0.9999999931003886,0.999999999376854,0.9999997847824976,0.9999013553423524,0.9979759737162067,0.997573410112818,0.2090966761956318,0.012834027163422551,0.9979725133253323
0.9999999971795576,0.9999999965398275,0.9999999967207174,1.0,1.0,0.9999999943759265,0.9999991322585302,0.9999999974812824,0.9999999926215538,0.9999999957530862,0.9999999332976751,0.999999999583352,0.9999981083312961,0.9959013770399947,0.9634694541986213,0.9686422908990194,0.027455343127591316,0.08565151048463962,6.992047728031697e-07
0.9999999677721979,0.9999999606263267,0.9999999611767841,1.0,1.0,0.9999999179962379,0.9999999639409516,0.9999999615613441,0.9999997441556631,0.9999999628962265,0.9999999990329087,0.999999999823345,0.9999999019041375,0.9999973639547973,0.9988869638393406,0.9989791518650023,0.829572626208312,0.9262446702605404,0.9993377524256353
0.9999999951583193,0.9999999947904855,0.9999999947786194,1.0,1.0,0.9999999880544409,0.9999999847649692,0.9999999948754096,0.9999999735185416,0.9999999936336935,0.9999999948607582,0.9999999995638547,0.9999993410187256,0.9999909370107074,0.997927345309286,0.9978151137416571,4.336597179471501e-05,0.0042177444145549735,0.9987251527495593
0.9999999963265226,0.9999999958781843,0.9999999959391489,1.0,1.0,0.9999999873495257,0.9999999557020384,0.9999999964895921,0.9999999723490309,0.9999999953749353,0.9999999900910269,0.9999999996413323,0.9999998114310708,0.9999748283914378,0.9981927207120536,0.9977423357597524,0.0801260988616403,0.0016450951957614143,0.99877481953549
0.9999999927503752,0.9999999920090091,0.9999999920699169,1.0,1.0,0.9999999861424841,0.9999999253515626,0.9999999925656341,0.999999968597337,0.99999999065912,0.9999999876418856,0.9999999991599537,0.9999990305113765,0.9999950313373294,0.9986874131027372,0.9987168623516077,0.0013153060487817196,0.0018697453759340026,0.9988000573267927
0.9999988563284322,0.9999987598735219,0.9999988487175762,1.0,1.0,0.9999984797401328,0.00026007394645162637,0.9999987118144047,0.999996840691213,1.587952640067221e-09,0.9999998337073773,2.2305830451884767e-12,0.999992597977805,0.9999995882892558,0.9998268794728002,0.9998257057140535,0.999934264489907,0.9999959016755464,0.9998334063826291
0.9999999961024316,0.9999999947037567,0.9999999946297039,1.0,1.0,0.999999992045531,0.9999972240678705,0.9999999948838082,0.9999999868961994,0.9999999937777347,0.9999992976544172,0.9999999997974385,0.9999819851043235,0.999988933137761,0.9993133699295705,0.999329229165466,1.340929924387127e-07,0.0017136091371802715,0.9993550820230666
0.9999999927125885,0.9999999922237209,0.9999999921347894,1.0,1.0,0.9999999838459959,0.9999999607308333,0.999999992499241,0.9999999552776738,0.9999999907844456,0.9999988030631416,0.999999999632422,0.9999997600842652,0.9999801043545695,0.999714739198666,0.9997039629752162,0.41520227208152066,0.00014984387682303452,0.9997101825036147
0.999999993834834,0.9999999933895652,0.9999999933914127,1.0,1.0,0.9999999861401677,0.999999546313976,0.9999999944365215,0.9999999790770888,0.9999999921611648,0.9999999272653808,0.9999999996990567,0.99999979049364,0.999988739054739,0.9991437171046812,0.9987603659706664,0.896428324827999,0.0007341849757319112,0.9987507636342045
0.9999999916452823,0.9999999909886982,0.9999999910424578,1.0,1.0,0.9999999866977164,0.9999999419380305,0.9999999912873393,0.9999999761565593,0.999999989610899,0.9999999791040752,0.9999999996712603,0.9999998404292384,0.9999626656827304,0.9982995982113789,0.9982585253600476,0.006046463624797417,0.0025078512496438106,0.9982715969869685
0.9999999964546192,0.9999999952030408,0.999999995221316,1.0,1.0,0.9999999898182638,0.9999994930298051,0.9999999953409288,0.999999989618047,0.9999999945173387,0.9999999736321716,0.9999999995615667,0.9999990253956585,0.999983313560616,0.9988754850362375,0.9988048409045697,0.00010540493849026081,0.0379518596391832,0.9987157141125489
0.9999993973312056,0.9999984157623389,0.9999983959338796,1.0,1.0,3.755891171191197e-10,0.9999971198748037,0.9999985518679436,3.6476910107958345e-10,0.9999982496606037,0.9999995729451061,0.999999961622806,0.999977012324548,0.9999974497335818,0.9998944102053626,0.9998113047999496,0.5143206527582485,0.0459528769658213,0.9998325328540079
0.9999999975148485,0.9999999972666559,0.9999999973162802,1.0,1.0,0.9999999951363067,0.9999977962873441,0.9999999974895388,0.9999999932835949,0.9999999968808312,0.9999998289226544,0.99999999983676,3.214496940615726e-06,0.9999580153566625,0.9996513423806567,0.9996076924541037,0.1415548370446308,0.7074665662042292,0.9995864390713897
0.9999999980772004,0.9999999977242169,0.9999999977222985,1.0,1.0,0.9999999937179213,0.9999951902032644,0.9999999978353601,0.9999999924410191,0.9999999977255528,0.9999987973033896,0.9999999999188844,0.9999920378583703,0.9996647768031194,7.861329535642609e-07,0.9711709689729449,0.010565926162705418,0.00017199112062300497,0.9719583003600318
0.9999999954232807,0.9999999948426109,0.999999995022833,1.0,1.0,0.9999999826284098,0.9999999548960272,0.999999994842952,0.999999981456057,0.99999999402975,0.9999999845118313,0.9999999997868373,0.9999995274605149,0.9999808047331007,0.9993302795001464,0.9991599793396744,0.0011251106850367304,0.2807394909105037,0.9992955356315423
0.9999999964094429,0.999999995993946,0.9999999959787261,1.0,1.0,0.9999999915914232,0.9999997727167173,0.9999999960450482,0.9999999866773522,0.9999999952876523,0.9999998919936305,0.9999999995953317,0.9999975523808585,0.9999696378048502,0.9991989894227932,0.9987057258441555,2.560716390917877e-05,6.769907317010149e-05,0.9989947020040549
0.9999999957159248,0.9999999935391629,0.9999999935791238,1.0,1.0,0.999999988434425,0.9999980748912293,0.9999999937865028,0.9999999767215687,0.9999999927455151,0.9999995188138534,0.9999999998323119,0.9999989058483454,0.9999743040299199,0.9994315208942286,0.9993909173007716,1.024303354664999e-07,0.3122017005485217,0.9994034099028056
0.9999999802624162,0.9999999711922389,0.9999999719263148,1.0,1.0,0.9999999619280268,0.9999999821508683,0.9999999727228048,0.9999998655271389,0.999999968014834,0.9999998706739262,0.9999999994046079,0.9999999468860082,0.9999608655047977,0.9967250826173447,0.996954533053308,0.04237514662778781,0.0004163658802876404,0.9967693152905427
0.9999999932511799,0.9999999928638205,0.9999999928374309,1.0,1.0,0.999999989821518,0.9999999409183733,0.9999999936066645,0.9999999737609362,0.9999999917575765,0.9999998492147854,0.9999999994151239,0.999999735265781,0.9999568445746538,0.9991755568546798,0.9992716674808696,0.27465328439639203,0.00011152536295063847,0.9990776965495946
0.9999999945672188,0.9999999941882863,0.9999999942837122,1.0,1.0,0.999999989113718,0.9999998237211556,0.9999999944832895,0.9999999819215051,0.9999999933071707,0.9999979611901361,0.9999999992635793,0.9999996929211835,0.9999864217482464,0.9987361337008952,0.9989101850322052,0.003347279836642853,0.007989907863404817,0.9987186654801486
0.9999999835599314,0.9999999824629386,0.9999999827112307,1.0,1.0,0.9999999739639098,0.9999982305121928,0.9999999822461094,0.9999999155930405,0.9999999628442432,0.999999889665509,0.9999999995535234,3.6535039318612533e-08,0.9998606720757124,0.9998353539934681,0.9997997023490027,0.9996037637655353,0.9998306775339396,0.9998628094158969
0.9999999967838847,0.9999999966944842,0.9999999967049861,1.0,1.0,0.9999999945479489,0.9999994399276778,0.9999999973331343,0.9999999922197987,0.9999999962455349,3.776535363009516e-05,0.9999999992850946,0.9999978694102185,0.999982613978367,0.9989036860931843,0.9990044034223483,0.5873756785900169,0.000893076663390151,0.9990142536366867
0.9999999914663534,0.9999999907378055,0.9999999908463765,1.0,1.0,0.9999999832722326,0.9999999418485306,0.9999999917450425,0.9999999704494091,0.9999999892655326,0.9999999407547211,0.9999999996061462,0.9999993826907373,0.9999475296452094,0.9986011002415437,0.9986595461828423,0.21516445158000388,0.04912174402853387,0.9988564676583187
0.9999991995014106,0.9999991365210013,0.9999991353443578,1.0,1.0,1.4084790637724715e-10,0.9999959220293578,0.9999995338668647,1.3679017283454815e-10,0.9999991713047672,0.9997845305715196,0.9999999795227412,0.9999862263013464,0.9999498690476435,0.9996129948930033,0.9996150569951954,0.24282747182707046,0.006032609369568471,0.9995666868989058
0.9999999992361098,0.9999999994132908,0.9999999994876276,1.0,1.0,0.9999999773740885,0.9999999783064485,0.9999999982772607,0.9999999965240391,0.9999999990885159,0.9999999999971579,0.9999999999540422,0.9999998539836775,0.999987571908371,0.9916162767110888,0.9902187031416899,0.9998947780807508,0.9999973640642774,0.9785862515484707
0.999999999624066,0.9999999997128556,0.9999999998683791,1.0,1.0,0.9999999970161896,3.469612275882091e-08,0.999999999490484,0.9999999992598845,0.9999999995491464,0.9999999999738947,0.9999999998062208,0.9999998955779204,0.9999934538152608,0.9928174032150001,0.9943311393283318,0.9998777566734572,0.9999985757532865,0.9892399879458276
0.9999999896039214,0.9999999924421276,0.9999999933821898,1.0,1.0,0.9999997282158631,0.9999997897032324,0.9999999782581174,0.9999999582319399,3.507766948927438e-14,0.9999999998417479,0.9999999993736708,0.9999982396449814,0.9999961064128854,0.997256052421797,0.9969572753060209,0.9999690256535124,0.999708433493313,0.9975447176391931
0.9999999991305089,0.9999999993892175,0.9999999994658283,1.0,1.0,0.9999999773449705,0.9999999962381169,0.9999999982562287,0.999999996522135,0.9999999990599662,0.9999999999979963,0.9999999999635918,0.9999999131555095,0.9999905542953686,0.997272621375508,0.9975732555081795,0.9999842685818612,0.9992401301655881,0.9978520952463719
0.9999999991428723,0.9999999993985399,0.9999999994752501,1.0,1.0,0.9999999773575471,0.9999999957148163,0.999999998264471,0.999999996521055,0.9999999991400728,0.9999999999949836,0.99999999995309,0.9999999164779076,0.9999903124400339,0.9863533761435437,0.9889664290890128,0.9997298739311584,0.9999967750685234,0.9874160794580783
0.9999999991317311,0.9999999993912781,0.999999999469722,1.0,1.0,0.9999999883007576,0.9999999959436537,0.9999999982585877,0.9999999979629024,0.999999999058474,0.9999999999946141,0.9999999999070753,0.9999998448129311,0.9999905542953971,0.998523227130106,0.9984828357566227,0.9999999984815844,0.9941314845613181,0.9985183502139608
0.9999999991296704,0.9999999993902691,0.9999999994695657,1.0,1.0,0.9999999911132563,0.9999999622487373,0.9999999987514911,0.9999999989310028,0.9999999991608348,0.9999999999975842,0.999999999840341,0.9999998592140102,0.9999905608366344,0.9976216258125775,0.9974832238327648,0.9999999970830801,0.9964190407573604,0.9977805009818532
0.9999999808904223,0.9999999910046712,0.9999999844418144,1.0,1.0,0.9999999721841992,0.9999999738833059,0.9999999839972136,0.9999999990485692,0.9999999791164529,0.9999999999848656,0.9999999983511998,0.9999999710887129,0.9993964829167414,0.9959405408590831,0.9971383469138458,0.5918621640250706,1.0838765446939089e-05,0.9963238284736557
0.999999992529837,0.9999999934418043,0.9999999934555178,1.0,1.0,0.9999999915593066,0.9999999320064342,0.999999993334214,0.999999998735433,0.9999999917653924,0.9999999979636273,0.9999999995157793,0.9999998872868965,5.795131088826872e-11,0.9942905203585426,0.9940863626560711,0.7443824754569976,3.1557249069624866e-05,0.99425303421184
0.9999999875014397,0.9999999904854918,0.9999999899223867,1.0,1.0,0.9999999641487427,0.9999999686499456,0.9999999892216352,0.9999999986870876,0.9999999888596848,0.9999999999767654,0.9999999995795436,0.9999999339723638,0.9781699722477107,0.9931566603321774,0.9940855701886636,0.9992660009655691,9.298143993755591e-07,0.9931873777445885
0.9999998476336717,0.9999998812537783,0.9999998739929135,1.0,1.0,6.085488244678712e-13,0.9999999733460077,0.9999998683952159,0.9999999860100673,0.9999998664781434,0.9999999999532037,0.9999999939024918,0.9999991243262369,0.9951422150612247,0.9962327149574189,0.9966277390551326,0.9711527923817586,1.48768216174099e-05,0.9961468556759226
0.9999999468721811,0.999999930634291,0.9999999308965524,1.0,1.0,0.9999998890321598,0.9999990284565884,0.999999932662862,4.2223278830334167e-13,0.9999999190100544,0.9999999958350118,0.9999999960278673,0.9999981742492038,0.9999953219826377,0.9987136752281437,0.9988388049005957,0.2212771835202504,8.080108131312292e-08,0.9984197447434344
0.9999999888508598,0.999999989138857,0.9999999888799068,1.0,1.0,0.9999999859404484,0.9999999945099206,0.9999999889278542,0.9999999985686401,0.999999985833938,0.9999999999622419,0.9999999986107896,0.9999999611947609,0.9999271609005116,0.9986785428429158,0.9984747240101379,0.45549170479936807,1.9101850765390232e-07,0.9983982159801429
0.9999999902686626,0.9999999896335795,0.9999999894701405,1.0,1.0,0.999999987861017,0.9999999385045604,0.9999999897001289,0.9999999984540722,0.9999999866157055,0.999999999843979,0.9999999989421583,0.9999999524137179,0.9999300219043986,0.9995160883047589,0.999567604896761,0.9479705081061404,1.6951632293128527e-07,0.9995630238827684
0.9999999908282718,0.9999999922767843,0.9999999919486272,1.0,1.0,0.999999987645623,0.9999999655956067,0.9999999918870942,0.9999999987732054,0.9999999894611024,0.9999999997050253,0.9999999978263646,0.9999999689328979,0.9999705946845916,0.9903570784476565,0.9921458298329592,0.01825025772631427,5.050095280274291e-09,0.9919739333300174
0.9999999919243977,0.9999999932460925,0.9999999931818168,1.0,1.0,0.9999999911745477,0.9999999829835675,0.9999999935217404,0.9999999976479756,0.9999999911714356,0.9999999998971135,0.9999999990251212,0.9999998803141993,0.9999950151015513,0.9991136915955335,0.9991108027972658,0.0004541323446853145,3.945458960875981e-07,0.9990243805464117
0.9999999913888332,0.999999993043403,0.9999999927361928,1.0,1.0,0.9999999894673267,0.9999999910432679,0.9999999925865241,0.9999999991259045,0.9999999902780418,0.9999999999307789,0.9999999978989821,0.9999999284195864,0.9999684533807573,0.9948879140645086,0.9930834254902278,0.027129832989088918,1.7224152347992417e-08,0.9946292208648515
2.4341958983847973e-13,0.9999999971561523,0.9999999972702086,1.0,1.0,0.9999999821926908,0.9999958832628308,0.9999999949649948,0.9999999952865438,0.9999999963140312,0.9999999986357295,0.9999999990936601,0.9999975511461088,3.819597138241697e-10,0.9988406669831968,0.9986981586401501,0.9999951974888504,0.999999925351392,0.9988618481379505
0.9999999989977937,0.9999999993026308,0.9999999993443113,1.0,1.0,0.9999999958596818,0.9999999961978433,0.9999999981266825,0.9999999982265139,0.9999999990309334,0.9999999999737383,0.9999999998023981,0.9999999321181315,0.9999657426079585,0.9938249211559855,0.9963051302911831,0.9999870161550525,0.999999931992735,0.9936909307130098
0.999999998999968,0.9999999993059703,0.9999999993447659,1.0,1.0,0.9999999927647424,0.9999999962506366,0.9999999992427889,0.99999999855865,0.9999999990349266,0.9999999999899529,0.9999999998372432,0.9999999319783252,0.9999586368793825,0.9926676943936406,0.9956153988338824,0.9999869882857828,0.9999999319896654,0.9917861384449278
0.9999999990042171,0.9999999993085424,0.9999999993528662,1.0,1.0,0.9999999957776567,0.9999999963599749,0.9999999981315284,0.9999999982113793,0.9999999990351824,0.9999999999619718,0.9999999998571668,0.9999999014979486,0.9999599360341833,0.9922668268442726,0.9953730332632259,0.9999952626317372,0.9999999326076244,0.9921192594158659
0.9999999994996643,0.9999999996522463,0.9999999996718572,1.0,1.0,0.999999997527013,0.9999993198105881,0.9999999993276987,0.9999999994424087,0.9999999995182378,0.9999999995530544,0.9999999999037925,0.9999997617408809,0.9991965214308209,0.9728538101985729,1.1262490158818012e-08,0.9999999930028026,0.9999928293681267,0.9739373618590658
0.9999999989980779,0.9999999993036965,0.9999999993457466,1.0,1.0,0.9999999904246267,0.9999999961989944,0.9999999981253042,0.9999999990589289,0.9999999990333492,0.999999999889539,0.999999999840327,0.9999999322686387,0.9999588231920709,0.9915520540581988,0.994799697666883,0.9988536398229934,0.9999999915140877,0.9913112783303772
0.9999999990014176,0.9999999993059703,0.9999999993454622,1.0,1.0,0.9999999904335085,0.9999999948255295,0.9999999981362181,0.999999999284114,0.999999999036973,0.9999999999944578,0.9999999998211707,0.9999999278974654,0.9999588231920709,0.9920880849474752,0.9953129902842867,0.9999888715096913,0.9999999326380499,0.9924425865650937
0.9999999989999396,0.9999999993056434,0.9999999993440413,1.0,1.0,0.9999999985741539,0.9999999965442471,0.999999998148084,0.9999999990651248,0.9999999990343866,0.9999999998981934,0.9999999998315303,0.999999923352607,0.9999619363759366,0.9932780758404194,0.9958277283996354,0.999988873351426,0.9999999326382915,0.9923629968018223
0.9999999901633886,0.999999994978893,0.9999999940571912,1.0,1.0,0.9999999929805342,0.999999991388549,0.9999999936330967,0.9999999641096629,0.9999999940169176,0.9999999785376875,0.9999999993549551,0.9999999950761947,0.9999561559641973,0.9992300636088042,0.9991105797466436,0.9299769408061798,0.0005033938882208335,0.9992768817879553
0.999999990307913,0.9999999925032911,0.9999999929093236,1.0,1.0,0.9999999926367736,0.999999993055397,0.9999999923675632,0.9999999534151425,0.9999999929074052,0.9999999880507034,0.9999999988364152,0.9999999816701861,0.9999790588673769,0.9987419805419174,0.9983162056217992,0.2125585001057756,8.619356753331995e-05,0.998988119679751
0.9999999806149449,0.9999999909749421,0.9999999885953202,1.0,1.0,0.999999988679548,0.9999999668704765,0.9999999887764234,0.9999999490906659,0.9999999886006351,0.9999999840628961,0.9999999990696723,0.9999999828187074,0.9999690681371818,0.9992722345184498,0.9993744511863049,0.0010572804582303866,3.146716650265987e-05,0.9994564392913133
0.9999999829637434,0.99999998817583,0.999999988393114,1.0,1.0,0.9999999849453617,0.9999999984337791,0.999999987551803,0.9999999357171298,0.9999999880576383,0.9999999957919529,0.9999999981646398,0.9999999947376353,0.9999836957269415,0.9990058700464525,0.9990067656088217,0.986689436384992,4.7435264671641943e-07,0.999015045148327
0.9999999911286609,0.9999999947656592,0.9999999946187189,1.0,1.0,0.9999999936053997,0.9999999867103356,0.9999999939650764,0.9999999652312119,0.999999994361744,0.9999999726171045,0.9999999992227089,0.9999999945977721,0.9999766400980106,0.9975286139089161,0.9975467794054541,0.2977722273292098,6.982945340911148e-05,0.9978765849558566
0.999999881808712,0.9999999136940725,0.9999999285685729,1.0,1.0,0.9999999077976199,0.9999999999476046,0.9999999091527243,0.999998813409612,0.999999936897668,0.9999999999153744,0.9999999977746796,0.9999999921047192,0.9999970982771097,0.9993164193009428,0.999283252412981,0.991793486424156,0.9999980971290285,0.999651086787199
0.9999999922760311,0.9999999952339068,0.9999999964527576,1.0,1.0,0.9999999953535622,0.9999996495516446,0.999999995126018,0.9999999910795198,0.9999999954478228,0.999999757101919,0.9999999990882884,0.999999910150113,0.9993593545399748,0.9828536875580172,0.9823657019481798,0.0007037948130886335,0.0013051576316327718,3.469043920023055e-07
0.9999999864797645,0.9999999923090145,0.9999999916604169,1.0,1.0,0.9999999913580667,0.9999995762012236,0.9999999915033869,0.9999999823693744,0.9999999918455275,0.9999998461396137,0.9999999984484873,0.9999998870700815,0.9999835786874187,0.999019918932877,0.9988889882025347,0.00013577945510071096,0.0014391229619439717,0.9990839081096904
0.9999999859013259,0.9999999887840262,0.9999999888941035,1.0,1.0,0.9999999746041656,0.9999999945153492,0.9999999884895062,0.9999999408080118,0.9999999887978818,0.9999998791823759,0.9999999979252437,0.9999998964621054,0.9999837719269056,0.9984571757387083,0.9985158776690164,0.2965204876359371,0.0001547267750494336,0.9987649728001043
0.9999999812741864,0.9999999944451475,0.9999999943749175,1.0,1.0,0.9999999917422856,0.9999998116429545,0.9999999941872063,0.9999999756890506,0.9999999944960224,0.9999999232039615,0.9999999991260182,0.999999698374981,0.9999762897449519,0.9996171313158113,0.9996319586681675,0.0522589785831998,0.001379828062659313,0.999622129976374
0.9999999767013751,0.9999999855977252,0.9999999857388674,1.0,1.0,0.9999999705473503,0.9999999926789799,0.9999999850678877,0.9999999025596272,0.9999999853493621,0.9999999963777101,0.9999999990268549,0.9999999886117906,0.9999653852585653,0.9996560677872514,0.9996480010306954,0.9908027317923074,0.20506762903477027,0.9995868385625735
8.248754774245632e-12,0.9999999030194194,0.9999999041552929,1.0,1.0,0.9999998833241148,0.9999998584310207,0.9999999005794301,0.9999995979403408,0.9999999073314471,0.9999997735620071,0.9999999912669609,0.9999998641245278,0.9999843488032505,0.9990782044925158,0.999232747591193,0.27871302144205634,0.07357877801102625,0.9991126366597576
0.9999999884399388,0.9999999936174647,0.9999999935741074,1.0,1.0,0.9999999872129878,0.9999999301017108,0.9999999935328107,0.9999999793677434,0.9999999936447211,0.9999997201290648,0.9999999977377598,1.4439144638611752e-05,0.9999660036314051,0.9991220813889086,0.9990931510739072,0.0006138686185828267,0.0060617371802802154,0.9989385617354807
0.9999999702169622,0.99999998475451,0.9999999860174996,1.0,1.0,0.9999999652386584,0.9999999936501213,0.9999999847999137,0.9999999127860416,0.9999999856296428,0.9999999983236451,0.9999999989799733,0.9999999864549239,0.9997926158469752,0.9992355894631743,0.9993875914473143,0.7358057212929779,0.47512189640464886,0.9994287295667237
0.9999999700304874,0.9999999856407557,0.9999999854116767,1.0,1.0,0.9999999755838477,0.9999998683177383,0.9999999847091774,0.9999999250572131,0.9999999860800984,0.9999999749631033,0.9999999990544524,0.9999986285365762,0.9999707135641538,0.9989070154949223,0.9989783667993958,0.0027484492380780825,0.002249130510316214,0.9989591185210543
0.9999999923360862,0.9999999954261939,0.999999995666201,1.0,1.0,0.9999999953650162,0.9999998564662139,0.9999999954036555,0.9999999840294722,0.9999999956770013,0.9999989974258819,0.9999999988307309,0.9999994199433337,8.572441953974446e-11,0.9942041363045454,0.994080045769817,0.26837966633255905,0.04327651876759163,0.9944549309301658
0.9999999812800413,0.9999999902151445,0.9999999903770488,1.0,1.0,0.9999999827026189,0.999999993156962,0.9999999896886039,0.999999965499925,0.9999999909494478,0.9999999866743253,0.9999999984610214,0.999999955224369,0.9999351265519479,0.9996918250266209,0.9995196181643128,0.0005362969229392067,0.4084917770373144,0.9997158853401897
0.9999998670128694,0.9999999271021549,0.9999999282399044,1.0,1.0,0.9999998587310401,0.9999997754135532,0.9999999199397568,1.8853200270786252e-12,0.9999999305795935,0.9999992952345945,0.9999999918680232,0.9999999350137068,0.9999808253778365,0.9984089488955409,0.9980233422231939,0.8654197664335957,0.003696032803094406,0.998343181107668
0.9999999876524869,0.9999999930243179,0.9999999931295777,1.0,1.0,0.9999999873150359,0.9999998860068965,0.9999999928295439,0.9999999802250843,0.9999999929470392,9.801455621927144e-06,0.9999999994788311,0.9999998751730822,0.9999946436038625,0.9993306572064007,0.9992825397312833,0.2601360196643351,0.0057918843813213805,0.9993493048012412
0.9999999819376344,0.999999990578985,0.999999990408,1.0,1.0,0.9999999701572055,0.999999994970196,0.9999999910667584,0.9999999393685944,0.9999999908677496,0.9999996388678425,0.9999999997284875,0.9999999791825902,0.9999789824826512,0.9989377127558967,0.9990468801725118,0.07563499855997387,0.00026800512667097566,0.9982050583325615
0.9999999848552366,0.999999991871846,0.9999999931099383,1.0,1.0,0.999999991358763,0.9999999883241345,0.9999999920319739,0.9999999552650547,0.9999999926337325,0.9999990894183836,0.9999999992280665,0.9999990013294862,0.9999793844779754,0.9968179785636891,0.9965795732227059,0.08494512805863644,0.0003747212620041825,0.9965962976477445
0.9999999888903234,0.9999999943882757,0.9999999944639343,1.0,1.0,0.9999999888936487,0.9999999802160604,0.9999999937970473,0.9999999680135409,0.9999999943176193,0.9999976272428639,0.9999999996260983,0.9999999794916337,0.9999772833157308,0.9971795838802454,0.9968051093252952,0.9899869788915454,7.261703256447232e-07,0.997541745635643
0.9999999765497737,0.9999999871249373,0.999999987890334,1.0,1.0,0.9999999696916296,0.9999999965160385,0.9999999871632924,0.9999999239890116,0.999999987324003,0.9999987460621658,0.9999999990871231,0.9999999880452038,0.9999685924718982,0.9995383539683818,0.9994544720092841,0.94017066518714,0.0002829089718185535,0.999497544169183
2.5777369844922293e-12,0.99999997761924,0.9999999782108094,1.0,1.0,0.9999999743265992,0.9999968550770149,0.9999999780979184,0.9999999542441185,0.9999999789717438,0.9999855950422604,0.999999992565833,0.9999984948268508,0.9998029558056274,4.7092834075277264e-07,0.9835648941378092,0.2767048687249887,0.5930779059388626,0.9802608623343698
0.99999997873789,0.999999992465746,0.9999999927266999,1.0,1.0,0.9999999902144056,0.9999999940332601,0.9999999935668457,0.9999999735958203,0.9999999928992339,0.999996743914267,0.9999999997095018,0.999999882447902,0.9999927656134338,0.9991462961083152,0.9988008953902632,0.006165246923270454,0.2781830201476152,0.9987325607166515
0.9999999996400675,0.9999999997756532,0.9999999998149889,1.0,1.0,0.9999999997678232,0.999999994265025,0.9999999998157137,0.9999999997430109,0.999999999815941,0.9999999993925003,0.9999999998806716,0.9999999999999432,0.9999852408476554,0.9960784237509874,0.9963860750907175,8.329850783256708e-07,0.000578752953666605,0.9967032960778794
0.9999999995055618,0.9999999997935305,0.9999999998708375,1.0,1.0,0.9999999997930757,0.9999999938527396,0.9999999998771187,0.9999999998358362,0.9999999998764366,0.9999999996786784,0.9999999999301821,0.9999999999998153,0.9999961669130493,0.999061665996939,0.9988689929496536,0.0008320827205875479,0.006787014102619918,0.9988124754814923
0.9999999993883507,0.9999999996275193,0.9999999996635438,1.0,1.0,0.9999999996119585,0.9999999988656469,0.9999999996851585,0.9999999989423715,0.999999999695504,0.9999999999193392,0.9999999990530597,0.9999999999999291,0.9999970232422978,0.9854262334563926,0.9807130397399736,0.9999999587119399,0.04083545416702651,0.9923318968113679
0.9999999996097699,0.9999999996796874,0.9999999997256026,1.0,1.0,0.9999999996665849,0.9999999998564988,0.9999999997384066,0.9999999992320597,0.9999999997482121,0.999999999983615,0.9999999991155022,0.9999999999999859,0.9999967818843257,0.9925009029971297,0.9958581022255051,0.9999999951109119,0.21750769810543663,0.998195400277639
3.991273847869326e-10,0.9999999983992183,0.9999999990975681,1.0,1.0,0.9999999983802041,0.999999920273584,0.9999999990060502,0.9999999985202522,0.9999999990100578,0.9999999913475649,0.9999999994152375,0.9999999999986784,0.9999979489017082,0.9988923465671865,0.9987421618024467,0.002665255986197923,0.17578845015521288,0.9988469406134755
0.9999999996921076,0.9999999998111093,0.9999999998452439,1.0,1.0,0.999999999826457,0.9999999970600868,0.9999999998429844,0.9999999996230288,0.999999999844377,0.999999999113058,0.9999999998721166,0.9999999999997442,0.9999404682146256,0.9887331469938434,0.9872479787353117,0.9999999980232985,0.32411290444550095,4.0683160283703514e-08
0.9999999993840589,0.9999999996491624,0.9999999996613838,1.0,1.0,0.9999999996234835,0.9999999987720116,0.9999999996943671,0.9999999989536975,0.9999999996912693,0.9999999999791527,0.9999999993813731,0.9999999999999859,0.9999967841129785,0.9986822543807882,0.9985708189562439,0.9999999997425562,0.5677992560721447,0.999606002720637
0.9999999997678941,0.9999999998423306,0.9999999998329656,1.0,1.0,0.9999999998361632,0.9999989265717566,0.9999999998734239,0.999999999843908,0.9999999999087096,0.9999999606556437,0.9999999999685089,0.9999999999966463,0.9998852068878548,0.0006328751497571552,0.9942513301638253,3.947248121806194e-05,1.3078719722735988e-05,0.9818631362487467
0.9999999996016413,0.9999999997979927,0.9999999997150013,1.0,1.0,0.9999999997140351,0.9999996795001439,0.9999999997783392,0.9999999997435935,0.9999999998074429,0.9999999741076951,0.9999999999605934,0.999999999998849,0.9999858680895354,0.9996866346885944,0.9998306806338395,1.5951548930524748e-08,1.3242985775832236e-05,0.9996184583868636
0.9999999998875637,0.9999999999223378,0.9999999998760813,1.0,1.0,0.9999999999201634,0.999998887842786,0.9999999999429434,0.999999999939945,0.9999999999438814,0.9999999059454483,0.9999999999874376,0.9999999999991331,0.9994590632246585,0.9918190098767337,1.5534747083897605e-05,2.4377555822005447e-05,0.005967113417219433,0.9894567018291569
0.999999998873804,0.9999999992259206,0.9999999991955804,1.0,1.0,0.9999999991852775,0.9999998357368007,0.9999999994030304,0.9999999985030855,0.9999999995275175,0.9999999986186054,0.9999999997370992,0.9999999999995737,0.9981616784224508,0.9935478898665867,1.2541659368507706e-06,0.00410234120660236,0.0005248923030845253,0.9906182104822748
0.9999999961760581,0.9999999970193728,5.492322787430026e-12,1.0,1.0,0.9999999970665101,0.9999982300429228,0.9999999979192468,0.9999999982718748,0.9999999978969357,0.9999996850002829,0.9999999995790888,0.9999999999976126,0.9999846058782118,0.9997644960849269,0.9997658798298915,0.0017854949271844756,1.5378885398849477e-05,0.9997587016106537
0.9999999935370881,0.9999999950978521,0.9999999950146191,1.0,1.0,0.9999999942880323,0.9999999479459817,0.9999999969035828,0.9999999951248385,0.9999999964821741,0.999999996297433,0.9999999978518304,9.340020144168275e-13,0.9997811793332965,0.9995529254609289,0.9995416299451368,0.0020475372175544075,0.0002558223566142107,0.9994955563743558
0.9999999395279408,8.524711937433482e-11,0.9999999570677583,1.0,1.0,8.636102239848876e-11,0.9999929130128488,0.999999965804151,0.9999999677923915,0.9999999649224811,0.9999995583295326,0.9999999932870766,0.9999999999573106,0.9999614558013007,0.9998732971023174,0.9998705134975787,0.2526998039039533,0.009028834314878074,0.9998613994751787
2.793891635793075e-09,0.9999999954036128,0.9999999963476257,1.0,1.0,0.9999999953011668,0.9999994035779383,0.9999999970625028,0.9999999959996019,0.9999999966998417,0.9999999868033599,0.9999999985255386,0.999999999987125,0.9999908833993811,0.9977852913375973,0.9977772648596682,0.006246191456209072,0.00016698219735522806,0.998227620623236
0.9999999994463735,0.9999999995882689,0.9999999996379928,1.0,1.0,0.9999999996176001,0.9999999673828347,0.999999999735607,0.9999999996530846,0.9999999997177724,0.9999999992952269,0.999999999713154,0.9999999999996021,0.9999727971374278,0.9989177257335085,0.9981162817596602,0.001878344762885659,1.139385145649302e-06,0.9988008931200052
0.9999999995020801,0.9999999996344258,0.9999999996504557,1.0,1.0,0.9999999996293525,0.9999998826002282,0.9999999997516937,0.9999999997004068,0.9999999997476436,0.9999999888245129,0.9999999999509585,0.9999999999987352,0.9999713978483312,0.9992779356490772,0.9993201264938767,1.593649838412086e-08,1.218472999785547e-05,0.9992339031889473
0.9999999997118465,0.9999999997865247,0.9999999997970407,1.0,1.0,0.9999999998087077,0.9999999971875867,0.999999999788102,0.9999999997738628,0.9999999998237145,0.9999999999680398,0.9999999997062475,1.0,0.999980173161522,0.996560635614373,0.9950395504429219,0.9999992486427071,0.9999891469007791,0.9965502788251395
0.9999999996585842,0.9999999997553602,0.9999999997710064,1.0,1.0,0.9999999998193374,0.9999999976802769,0.9999999997599219,0.9999999997520207,0.9999999998028956,0.9999999999041336,0.9999999997571223,1.0,0.9999852412500155,0.9928605418722125,0.9937864919482883,0.9999999528018305,0.9999754093168945,0.9928475752926125
0.9999999996642828,0.9999999997625082,0.9999999997752695,1.0,1.0,0.9999999999121344,0.9999999980987155,0.9999999998200623,0.9999999997745022,0.9999999998058229,0.9999999997988169,0.9999999998104273,0.9999999999999717,0.9999821798920316,0.9917996885089131,0.9928866269600132,0.9999999542228875,0.9999752297368515,0.9901049003396666
0.9999999996593091,0.999999999756028,0.9999999997720863,1.0,1.0,0.9999999998198348,0.9999999981541663,0.9999999997603624,0.9999999997522907,0.9999999998031655,0.9999999997052244,0.9999999998086225,0.9999999999999432,0.9999827396081754,0.9922036303351524,0.993251585477892,0.9999999624187702,0.9999752460070531,0.9922066913490171
0.9999999996689156,0.9999999997637872,0.9999999997794619,1.0,1.0,0.9999999998022133,0.9999999956348661,0.9999999997664873,0.9999999997638583,0.9999999998090914,0.9999999997783533,0.9999999998301662,0.9999999999999859,0.9999796224286165,0.9982605193579156,0.9979722542459292,0.9999999995419842,0.9757034171321468,0.998374178686117
0.9999999996631175,0.9999999997576907,0.9999999997746728,1.0,1.0,0.9999999997968274,0.9999999989364028,0.9999999997620534,0.9999999997681216,0.9999999998115783,0.9999999996581153,0.9999999998296972,0.9999999999999859,0.9999822601613705,0.9905658930649421,0.9904470900183062,0.9999994455217208,0.9999967115526187,0.9907905161131713
0.9999999996645101,0.9999999997587565,0.9999999997754118,1.0,1.0,0.9999999997987318,0.9999999961558929,0.9999999997639577,0.9999999997864109,0.9999999998059934,0.999999999960636,0.9999999998099582,0.9999999999999859,0.9999822601613705,0.9917322755470724,0.9928823514310655,0.9999999377503477,0.9999746584076186,0.9902251150766312
0.9999999996588542,0.999999999760945,0.9999999997710064,1.0,1.0,0.9999999998324257,0.9999999982476027,0.9999999997601492,0.9999999997652225,0.9999999998031228,0.9999999996829274,0.9999999998233023,0.9999999999999859,0.9999836014157873,0.9922372383720697,0.9932414942519362,0.9999998963339235,0.9999746584017639,0.9921744299117858
0.9999951166958004,0.9999948157053873,0.9999958346500429,1.0,1.0,0.9999999998269828,0.9999999905443532,0.9999999337464396,0.9999999997262989,3.246469457021223e-12,0.9999999995951612,0.9999981037104749,0.9999999914711851,0.9999883591443657,0.9997110854440387,0.9997079394031096,0.9743598667645719,2.7451689117268683e-05,0.9996038447316354
0.999999609352292,0.9999995851893438,0.9999998870180555,1.0,1.0,0.9999999999825206,0.9999999992938485,0.9999999942394028,0.9999999999698161,0.9999991874490666,0.999999999974591,0.9999995167485056,0.9999999975665617,0.9999820857829956,0.997326996270184,0.9985172921748048,0.6445335131894464,2.7391604607601105e-05,0.9988930841026427
0.9999992747077118,0.9999992704028491,0.999999433596433,1.0,1.0,0.9999999999749178,0.9999999974819076,0.9999999993458744,0.99999999995363,0.9999989154354465,0.9999999998503455,0.9999998256029566,0.9999999923665827,0.9999822646952063,0.9996035627947929,0.9996594460372514,0.0031778074983744007,1.4764311610237028e-06,0.9995873391223904
0.9999996151804312,0.9999996115057757,0.9999996932043063,1.0,1.0,0.999999999918117,0.999999999942986,0.999999994677964,0.9999999998458691,0.9999994257980603,0.999999999995751,0.9999995146059077,0.9999999995859241,0.9999848914788392,0.9993103311989944,0.9993311288604434,0.1328795805352294,0.00011330599648466385,0.99922675015556
0.9999995274473699,0.9999995250440596,0.9999996338369885,1.0,1.0,0.9999999999305517,0.9999999989248636,0.9999999977652153,0.9999999999576376,0.9999992920190357,0.9999999999385097,0.9999998653272348,0.9999999987858815,0.9999833590401781,0.998838330578201,0.9989763932656799,0.20297922158130405,2.1492005920275755e-05,0.9987448012502805
0.9999825726273612,0.9999825557333796,0.9999873056290185,1.0,1.0,0.9999999999344737,0.99999999999352,0.9999999993729177,0.9999999998769056,0.9999738545751721,0.9999999999976978,0.9999541149641791,0.9999999981019841,0.9999988175163737,0.9992797643799859,0.9995897748732105,0.9999954016852394,0.9713572253961589,0.9990855982608914
0.9999999091532501,0.9999999071238123,0.9999999231233007,1.0,1.0,0.9999999989119175,0.9999997024377779,0.9999999959699154,6.932775395748205e-13,0.9999998229729543,0.9999999937188592,0.999999989383369,0.9999998554358419,0.9996376428575975,0.9868312023253095,2.53414002550825e-07,0.8505468565832255,0.0015233897574578467,0.9851121882761031
0.9999996551277119,0.9999996543594876,0.9999996999814182,1.0,1.0,0.9999999998887716,0.9999989656744169,0.9999999984027852,0.99999999986197,0.9999995479988569,0.9999999773654199,0.99999999377809,0.9999985880136414,0.9998639572431425,1.561828928610583e-07,0.9895794433404034,5.1958907292018045e-08,4.756318255998833e-05,0.9898238248155574
0.9999996457859541,0.9999996448074803,0.9999996775515237,1.0,1.0,0.9999999998343867,0.9999999879478169,0.999999994060005,0.9999999996938415,0.9999995555206873,0.999999993303078,0.9999999726178008,2.366344883517837e-07,0.9999921644248133,0.9996151844525457,0.9993496050028955,0.02439301320532332,0.0006121984848016792,0.9990119023196175
0.9999992881706963,0.9999992850093092,0.9999993764203152,1.0,1.0,0.999999999858403,0.9999999742085354,0.9999999958503026,0.9999999997924078,0.9999990681676189,0.999999999764114,0.9999996576726335,0.9999999015078536,0.9999936399662093,0.9996876264930552,0.9994609453615777,0.02639719033850312,2.3446657895950014e-05,0.9994763104549269
0.999999777787476,0.9999997738288585,0.9999997966996611,1.0,1.0,0.9999999998758541,0.9999999910189957,0.9999999898151374,0.9999999998010339,0.999999711250509,0.9999999998122604,0.9999997625228473,0.9999999854050828,0.9996883127151323,4.8449049176000964e-09,0.986198056527661,0.7180434319453751,0.02925707417175557,0.9918084385165782
0.9999991952880946,0.9999991933179174,0.9999992998868841,1.0,1.0,0.9999999998689902,0.9999999919269699,0.9999999977628563,0.9999999998505871,0.9999989451255709,0.9999999991910187,0.999999781363722,0.9999999812268359,0.9999445137453051,0.9996795881520688,0.9996713212273034,3.263020273987395e-06,0.00017775632699059923,0.9997281576878488
0.9999997306984135,0.9999997299617657,0.9999997654730199,1.0,1.0,0.9999999997965006,0.9999999748493597,0.9999999987369961,0.9999999999204476,0.9999996468280783,0.9999999982765077,0.9999999538710267,0.9999989539766503,0.9994552316595875,0.9646679977282822,0.9795848045647393,0.1972872664620834,3.4003575666809475e-05,7.313343655983653e-08
0.9999995740425958,0.9999995488179275,0.9999995575336114,1.0,1.0,0.9999999878939293,0.9999995536349078,1.2393980464995575e-12,0.9999999911596832,0.9999994798276436,0.9999999783865977,0.9999998718475009,0.9999994767929313,2.3189582041705366e-09,0.9980687663421187,0.9980407375230664,0.4482570451589888,0.016138380932687376,0.9979945558570016
0.9999994613998128,0.9999994599782591,0.9999995310145343,1.0,1.0,0.9999999997862831,0.9999999901252182,0.999999998319325,0.9999999999225793,0.9999992937020402,0.9999999998180159,0.9999993652538163,0.9999997681072997,0.9999705582872866,0.9978794469318016,0.9980198391201546,0.01926872050481929,1.704789964983749e-05,0.9982176952566266
0.9999991446091592,0.9999991390180595,0.9999992455948079,1.0,1.0,0.999999999917506,0.999999998888768,0.9999999935818665,0.9999999998582041,0.9999988811857612,0.9999999999582913,0.9999988571417612,0.9999999949424848,0.9999166406084802,0.9980578507101261,0.998158161323519,0.0047724087883625815,0.003318997399833578,0.9984904704399733
0.9999994710528292,0.999999470358004,0.9999995413810923,1.0,1.0,0.999999999886029,0.9999999983232897,0.9999999991275388,0.9999999996933583,0.9999993060969948,0.9999999998638884,0.9999997777714035,0.9999999887758692,0.9997737532308446,0.9988668104215145,0.9975050847006678,8.781675482845873e-05,0.004969403708120338,0.9989637976665362
0.9999996459544379,0.9999996419642729,0.999999687677124,1.0,1.0,0.9999999998064055,0.9999999858756184,0.9999999967783283,0.999999999805283,0.9999995363398507,0.9999999993201953,0.9999998128160035,0.9999999651446394,0.9999453338097986,0.9988819160213915,0.9968650626473036,5.1442556000663895e-09,3.410599439917857e-05,0.9988396339561588
0.9999993124286652,0.9999993083476516,0.999999399821628,1.0,1.0,0.9999999995900026,0.9999999950382233,0.9999999978323473,0.9999999997962732,0.9999990984784205,0.999999998457156,0.9999982024641509,0.9999999919375143,0.9999877510517335,0.9984409839531541,0.9984367246413175,0.0004260694929749707,2.2524563172843077e-07,0.9985454058742544
0.9999996323684536,0.9999995253179595,0.9999995546259013,1.0,1.0,0.999999993601577,0.9999999635113432,2.323871498994788e-13,0.9999999888300836,0.9999994364752095,0.9999999953474942,0.9999994227309049,0.9999999514770662,0.9999829082632551,0.9991189962748949,0.9991337438558772,0.00230432284970969,6.0886419550999505e-05,0.9982438577921566
0.9999992934563632,0.9999992855483834,0.9999993769934671,1.0,1.0,0.999999999735735,0.9999999964711038,0.9999999958574933,0.9999999998411084,0.9999990747888479,0.9999999979469578,0.9999988627611957,0.9999996018004195,0.9999759361400539,0.9983697278818716,0.9985389940843213,0.0018077873897870535,2.2524483007994188e-07,0.9985193363238444
0.9999993126901163,0.9999993087118045,0.999999400094263,1.0,1.0,0.9999999998615294,0.9999999815798903,0.999999997862787,0.9999999998459401,0.9999990989755868,0.9999999760017463,0.999999744004886,0.9999999745726175,0.9999715572547436,0.999169393031669,0.9991298447733721,1.758672604481242e-07,2.290462816145607e-07,0.9991719055539774
0.9999995268580176,0.9999995214472799,0.9999995823975658,1.0,1.0,0.9999999998018865,0.9999999987712442,0.9999999970226128,0.9999999998354099,0.9999993802598157,0.9999999971129229,0.9999996707255977,0.9999999950345712,0.9999567619645555,0.998494421914743,0.998553089750017,0.3554452387569885,2.2528174909352428e-07,0.9984834483907398
0.9999997795119485,0.9999997784105366,0.9999997995271658,1.0,1.0,0.9999999975605222,0.999999553430499,0.9999999970840606,2.2184881258293914e-12,0.9999997298020783,0.999999992856175,0.9999999082939766,0.9999998438410083,0.9999876814100076,0.9990909059483036,0.9991636911248154,0.0064798162002425745,6.10093956142382e-05,0.9991581305997976
0.9999996105589636,0.9999996067663154,0.9999996412687513,1.0,1.0,1.8349624143746994e-13,0.999999835826187,0.9999999922585944,0.9999999942168359,0.9999995097375555,0.9999993899391356,0.9999998975492499,0.9999968917085615,0.9999766890554652,0.9995396983077062,0.9995472815567094,7.910198605248164e-06,0.0004269428178023178,0.9994696143993397
0.9999999976300132,0.9999999961032132,0.9999999987565077,1.0,1.0,0.9999999968806891,0.9999867139853044,0.9999999973449435,0.9999999940054353,0.9999999964019112,0.9999989416866898,0.999999996260499,0.9999999999996021,0.9994988319168392,0.00017340852643482065,0.9806516880182904,6.048524232424963e-07,0.0001633630324309045,0.9825463586409955
0.9999999693042702,0.9999999493666123,0.9999999804278874,1.0,1.0,0.9999999583321406,0.9999998771923306,0.9999999652673075,1.0048942833767997e-12,0.9999999507607112,0.9999999819534653,0.9999999936703007,0.9999999999966463,0.9999889704795951,0.9996456159925491,0.9990066108449749,0.9992037189115112,0.5175299628140981,0.9989232643499028
0.9999999954046502,0.9999999919322421,0.9999999972520329,1.0,1.0,0.999999993385032,0.9999998464646159,0.9999999947560952,0.9999999613744855,0.9999999921559352,0.9999999883761178,0.9999999989328074,0.9999999999992326,0.9999962040403145,0.9995462790734815,0.9991472454528973,0.9921754921851634,0.4057922796526232,0.9990600936655928
0.9999999931238365,0.9999999751097167,0.999999995069743,1.0,1.0,0.9999999799697294,0.9999999097767654,0.9999999892671242,0.999999935076007,0.9999999859111314,0.9999999912006673,0.9999999992549391,0.9999999999999574,0.9999461969562053,1.3551419502484093e-08,0.9591740967602076,0.9876842652519714,0.9999675378396917,0.9636501232998043
0.9999999990442632,0.9999999987909264,0.9999999995842899,1.0,1.0,0.999999999046338,0.9995626368132298,0.9999999990515392,0.9999999976480325,0.9999999987312549,4.512650282860583e-07,0.9999999906738709,0.9999999999973711,3.567716760369542e-06,0.998032408343755,0.9978784052986301,0.00016409796629042773,0.8685577528259414,0.9976440679139803
0.9999997650475755,0.9999994375693878,0.999999911404434,1.0,1.0,8.664515019060592e-13,0.9999999698447658,0.9999997412016961,0.9999978660924174,0.9999996799421582,0.9999999958349407,0.9999999949667001,0.999999999995481,0.9999988892970806,0.9998633490384168,0.999771955444097,0.9999991831193353,0.9999994839720809,0.999695726322273
0.9999997712415598,1.1016052474316045e-12,0.9999998823126431,1.0,1.0,0.9999995375764928,0.9999997302033927,0.9999997427536489,0.9999979754681365,0.9999996883827353,0.9999999970424653,0.9999999958902778,0.9999999999991048,0.9999987399096265,0.9996910501381789,0.9995508365959531,0.9999984318368934,0.9999995979631775,0.9996065619979887
0.9999999829235693,0.9999999789796734,0.999999987907117,1.0,1.0,0.9999999827308985,0.9790423068162679,0.9999999832574675,1.0852859517826463e-10,0.9999999821175012,0.9999512802987975,0.9999999653467888,0.9999999998497487,6.725337614098378e-08,0.9987740126636552,0.9991984381552804,1.6271561866924325e-05,0.015620181530065088,0.9990621233000492
0.9999999375975952,0.9999999253436329,0.9999999568713075,1.0,1.0,0.9999999312745327,0.9999986681364051,0.9999999328817234,0.9999995678805017,4.695463494143812e-12,0.9999999225265443,0.9999999922725494,0.9999999999982094,0.9999775909789378,0.9993748299177647,0.9995255099353684,0.9997570317948267,0.0007798262874336879,0.9994500028302598
0.9999999956446147,0.9999999941662027,0.9999999975849789,1.0,1.0,0.9999999950435524,0.9999963934855834,0.9999999952782447,0.9999999684393123,0.999999991143966,0.999999948779235,0.9999999990412364,0.9999999999998437,0.9998247050007422,0.9985214493209357,0.9982813267391475,0.9984288535332544,0.00041610745325365903,0.9982696380334332
0.999999998163034,0.9999999975390921,0.9999999986318358,1.0,1.0,0.999999998056481,2.0286190379517676e-06,0.9999999980468034,0.9999999863058947,0.9999999967975698,0.999999958225815,0.9999999987418563,0.9999999999992326,0.9999356318032743,0.9997433558180653,0.9996968376773148,0.9999641181015924,0.04734860384919894,0.9997245745064673
0.9999999898487603,0.9999999887716912,0.9999999949942976,1.0,1.0,0.9999999906317926,0.9999973533020134,0.9999999914768553,0.9999999875438449,0.9999999887702417,0.9999996800155715,0.9999999994626307,0.9999999999998295,0.9999946100521578,0.9995013407338432,0.9997822392935733,0.009560574154992596,0.008795490853333749,0.9994739831416928
0.9999999863239993,0.9999999848829618,0.999999997773415,1.0,1.0,0.9999999876433777,0.9999998544397606,0.9999999886528884,0.999999950091778,0.9999999849651291,0.9999999777960799,0.9999999995866347,0.9999999999991331,0.9999871260710257,0.9994375723462332,0.999788838472207,0.005449854250817797,0.032202211956829284,0.9993714957728511
1.3863224846785836e-11,0.9999998951584159,0.9999999481408836,1.0,1.0,0.9999999109074804,0.9999913287311069,0.9999999159299371,0.9999997962637147,0.9999998899709571,0.9999994935730716,0.9999999795032155,0.9999999999682957,0.9999971207781141,0.998806964890041,0.9994570266991639,0.0002441990454924072,0.01686070662663382,0.9992479175831841
0.9999999986666525,0.999999998537959,0.9999999992122923,1.0,1.0,0.9999999987909264,0.9990846934304441,0.9999999988641833,0.9999999977283808,0.9999999984521821,6.162054825387676e-05,0.9999999898184769,0.9999999999847377,0.9999726250720071,0.989376990873989,1.4891497696742434e-05,0.6480162618275628,0.022210362824824647,0.9893450299478438
0.9999999975665049,0.9999999972966124,0.999999999057664,1.0,1.0,0.9999999977974171,0.9999942901035741,0.9999999979453094,0.9999999932878155,0.9999999971900452,0.9999995973266026,0.9999999956330329,0.9999999999996163,0.9999467366217398,0.9808860705932635,5.23620357619463e-07,0.05598843894663892,0.07176309648817224,0.9793654963401844
0.9999999937165286,0.9999999930477373,0.9999999968634229,1.0,1.0,0.999999994513246,0.9999995614618594,0.9999999946889205,0.9999999819567196,0.9999999928941322,0.9999999681256219,0.9999999982002096,0.9999999999980674,0.9999965333726214,0.9982616161112295,0.9988989089064835,0.0025956288555291215,0.03104267041250605,0.9980975473789596
0.9999999973273647,0.9999999958090912,0.9999999981455404,1.0,1.0,0.9999999968796375,0.9999997649476874,0.9999999964980476,0.9999999607180151,0.9999999949381931,0.9999999985473664,0.9999999989148165,0.9999999999998153,0.9998927426387062,0.9989469548695911,0.9986381317479126,0.9612117229972321,0.458959080336094,0.998944861902112
0.9999999978220871,0.9999999946326598,0.9999999985391383,1.0,1.0,0.9999999976256931,0.999999682501987,0.9999999958508284,0.9999999806016293,0.9999999959350846,0.9999999973367011,0.9999999995857394,0.9999999999997016,0.9999763288763276,0.9969132544978379,0.9985679033260335,0.9348972089597138,0.5297589262183422,0.9982030752218349
0.9999997061042627,2.0143626303428002e-11,0.9999997857989998,1.0,1.0,0.9999997197057093,0.9999985263963596,1.5117860478413398e-11,0.9999982882211796,0.9999994897366401,0.999999852746168,0.9999998922706853,0.9999999998660911,0.9999867335328428,0.9992540936676895,0.9993248304788211,0.9284487276835633,0.7988107776846198,0.998918807630471
0.9999999972129673,0.9999999958909173,0.9999999981679651,1.0,1.0,0.9999999972882136,0.99999869398377,0.9999999967904644,0.9999999914290784,0.999999995777941,0.9999999034098627,0.9999999989399981,0.9999999999977547,0.9999892911822873,0.9986980205653547,0.9988710673721166,2.6733938797132755e-06,0.031611119409336155,0.9987665721734117
0.9999999909004061,0.9999999816481309,0.9999999950450019,1.0,1.0,0.9999999858867598,0.9999997041789909,0.9999999908036444,0.9999999602334961,0.9999999877885842,0.9999995862631866,0.99999999849922,0.9999999999999147,1.476492825822186e-11,0.998794481013929,0.9984183845095463,0.9999973774835238,0.9999954774128903,0.9987200380557898
0.999999981906811,0.9999999718577333,0.9999999877103535,1.0,1.0,0.9999999809160018,0.9999840763769968,0.9999999773314702,0.9999998939993077,2.012341729230025e-12,0.9999990720695322,0.9999999816694898,0.9999999999969305,0.9988995387928855,0.9942473363272323,2.2345479727966798e-07,0.9973524954573405,0.00024341673751116871,0.9941581175090427
0.9999999958419467,0.999999993881204,0.9999999972652206,1.0,1.0,0.9999999957169622,0.9999969984452831,0.9999999952751041,0.9999999843160199,0.9999999939099099,0.9999999891564216,0.9999999988816769,0.9999999999998721,0.9999405252067234,0.9984882813842135,0.99859091824186,0.08618407134228076,0.05559663079863761,0.9981005116472054
0.9999999957515656,0.999999993826009,0.9999999971919779,1.0,1.0,0.9999999957081941,0.9999998739079468,0.9999999951633357,0.9999999773841498,0.9999999937661671,0.9999999823697439,0.9999999986269188,0.9999999999998437,0.9999450217383626,0.9974756386617574,0.9976129203675775,0.03827802604478487,0.05542398292087656,0.9977924866036663
0.9999999927247815,0.9999999959758271,0.9999999947606854,1.0,1.0,0.9999999938732317,0.9999999522053725,0.9999999960488283,0.9999999854942986,0.9999999958892972,0.9999996288441345,0.9999999987550012,0.9999999789644962,5.388230009306692e-11,0.9967792880136416,0.9957226771386072,0.84860654327215,0.0009868540849673943,0.9962359350338428
0.9999999827536927,0.9999999889354855,0.9999999890749224,1.0,1.0,0.9999999863391481,0.9999999980934434,0.9999999908678349,0.9999999341829118,0.9999999911543968,0.9999999955842612,0.9999999984552375,0.9999999973176729,0.9999397754665672,0.9987722305890844,0.9983756748314156,0.9961142272116597,1.6896420326394674e-05,0.9986135219730495
0.9999999936960792,0.9999999962952729,0.9999999962110736,1.0,1.0,0.9999999963789322,0.9999998216655985,0.9999999967819521,0.9999999903462965,0.999999997004423,0.9999984721617797,0.999999997980865,0.9999999230690578,0.9997450974831773,1.9371338743906256e-07,0.9765471913105447,1.0946828232213078e-09,0.5986903255430851,0.9764623050305804
0.9999999878760947,0.9999999922977453,0.9999999927615449,1.0,1.0,0.9999999906231524,0.999999999816481,0.9999999937394223,0.999999949970872,0.9999999942049841,0.9999999988013997,0.9999999972246769,0.9999999979260394,0.9999883726344452,0.9982712721977673,0.9977040204633825,0.9997741554228462,0.1170880053510355,0.9976500523168272
0.9999999835160198,0.9999999903088793,0.9999999904543132,1.0,1.0,0.9999999875272608,0.9999999945083858,0.9999999920161572,0.9999999319840379,0.9999999923706043,0.999999994259369,0.999999997787299,0.9999999974207158,0.9999185722833872,0.9987125135830237,0.9984299962622962,0.9959224619123143,1.6918986038553084e-06,0.998419533223388
1.7388682582753003e-12,0.9999998044629074,0.999999838907995,1.0,1.0,0.9999998053698865,0.9999999860010435,0.9999998354565343,0.9999968439917446,0.9999998813479252,0.9999999525855271,0.9999999718117611,0.9999997676545989,0.9999679078288101,0.9961585569100113,0.9953740170985552,0.9989325268971974,0.9999960785155803,1.205287728664521e-09
0.9999993767662214,0.9999996012296976,0.9999998237014593,1.0,1.0,0.9999997336790116,0.9999999956919937,0.9999997848078782,2.1050032215229865e-10,0.9999998297331988,0.9999999983883612,0.9999999830712201,0.9999999549755654,0.9999982720013358,0.9996378655550521,0.9995638874941172,0.9990943486080105,0.9999995024354108,0.9997778861533906
0.9999999824645018,0.9999999884305454,0.9999999888875238,1.0,1.0,0.9999999858128775,0.9999999322846401,0.9999999911882612,0.9999999374979913,0.999999991574967,0.9999999831553057,0.9999999996052225,0.999999996017536,0.9999669012958945,0.9984745121370948,0.9982596114802892,0.11449528722193489,0.01230445216156396,0.9985041306115282
2.3474724029306933e-12,0.9999999122231781,0.9999999131633539,1.0,1.0,0.999999785851509,0.999999880847831,0.9999999268881253,0.9999995003125376,0.9999999291341791,0.999999907732989,0.9999999645084763,0.999999966075152,0.9999956077342316,0.9992411720753123,0.9992557291602931,0.858595028940085,4.939968792989581e-05,0.9993804920281977
0.9999999570055859,0.9999999738833059,0.9999999750340581,1.0,1.0,0.9999999709715728,0.9999999076036844,0.9999999791747884,0.9999998805768301,0.9999999807872799,0.9999997205740065,0.9999999980350368,0.9999999981550901,0.9999021598216079,0.9993678416229343,0.999363129901245,8.668517379171899e-05,0.016459578590094174,0.9993716053186669
0.9999999842680583,0.9999999915313681,0.9999999916402375,1.0,1.0,0.9999999800837431,0.9999999828434201,0.999999993193967,0.9999999473104438,0.9999999933847478,0.9999999895459554,0.9999999987417568,0.9999999978212344,0.9999895661879543,0.999673676168457,0.9996496146854102,0.9996060152675854,0.0009608303667359227,0.9995877913755098
0.9999999871493516,0.9999999891018804,0.9999999901037883,1.0,1.0,0.9999999834545863,0.9999999944877659,0.999999991818541,0.9999999067308396,0.9999999922427066,0.9999999080335059,0.9999999989857004,0.9999999984569712,0.999975734045864,0.9985117124805685,0.9977088873683166,0.8792772655534856,0.010242077472496147,0.9968663477840747
0.9999999894177735,0.9999999900684743,0.9999999915634278,1.0,1.0,0.9999999783211425,0.9999999974239558,0.9999999932210814,0.9999999448602084,0.9999999933017564,0.9999999836401658,0.9999999975757845,0.9999999969283523,0.999984686704106,0.9994283643506796,0.9987298802854914,0.8189359857737464,0.0054029086074359476,0.9985359012445312
0.9999999965107521,0.9999999968635649,0.9999999974567545,1.0,1.0,0.9999999962636253,0.9999995568314676,0.9999999978236644,0.9999999928760702,0.9999999979108766,4.591383750770346e-06,0.9999999951279649,0.9999999503613863,0.9995557030011885,3.979912703010056e-05,0.996342506832882,0.985481392804819,0.026504492548290993,0.9967079981867152
0.9999986991419341,3.3299546386329355e-11,0.9999988608042211,1.0,1.0,0.999995669345564,0.9999954849586211,0.9999990024341232,1.136652388903412e-08,0.9999990880250531,0.9999978649563472,0.9999999764692692,0.9999993104276788,0.9999951752058684,0.9996594670689162,0.9996228448660642,0.9593558833136915,0.1876052642286855,0.9996303965432695
0.9999999879477458,0.9999999890186474,0.9999999873988658,1.0,1.0,0.9999999684726367,0.9999999951346582,0.9999999917910004,0.9999999503069872,0.9999999922895172,0.9999999836563236,0.9999999991291446,0.9999999984904377,0.9999638776469558,0.9982104489413225,0.9977652575056157,0.18457872812648363,0.034390572519334646,0.9977550350691066
0.9999999895682806,0.9999999890933965,0.9999999874247864,1.0,1.0,0.9999999674058421,0.9999999968704715,0.9999999917757237,0.9999999411204943,0.9999999924946225,0.9999999889467405,0.9999999991736673,0.9999999983293435,0.9999810210407618,0.998595541793175,0.9980943833063718,0.29758137948606,0.19541649702701971,0.9983387484744531
0.9999999937065668,0.9999999938328444,0.9999999949645259,1.0,1.0,0.9999999907754643,0.9999997137350063,0.9999999960098195,0.9999999830632478,0.9999999967600389,0.9999994485146815,0.9999999991066204,0.9999999907296059,8.491726972132265e-09,0.9974663477346007,0.9969686839761803,0.1347817091786484,3.364580246024943e-05,0.9971433610359202
0.9999999862943839,0.99999998621675,0.9999999877291686,1.0,1.0,0.9999999645114321,0.9999999784607073,0.9999999912812997,0.9999999292222438,0.9999999916870196,0.9999999589193331,0.9999999996314842,0.9999999985095087,0.9999610427616621,0.999570892828511,0.9992497874443479,0.6776585168327853,6.801242267420483e-06,0.9993669587302999
0.9999999942646697,0.9999999956360314,0.999999993540655,1.0,1.0,0.9999999900685738,0.9999998522127779,0.9999999965551326,0.9999999884869767,0.9999999965510825,0.9999995753056276,0.9999999995250448,0.9999999738652865,0.999281947919478,1.4741510554473418e-07,0.9821362525296452,0.6768446643093228,1.1686158125437368e-05,0.9707385597198778
0.9999980298893485,0.999998423874493,6.140444116469604e-11,1.0,1.0,6.034445136128167e-11,0.9999986831844299,0.999998525604063,0.9999928787963095,0.9999986310025683,0.9999976832776958,0.9999999546086127,0.9999991871795437,0.999991258918404,0.9995372987053084,0.999156528025285,0.9265761477190597,0.003100789812339393,0.9992880485675676
0.9999999300222439,0.9999999681636359,0.9999999696799767,1.0,1.0,0.9999999573152546,0.9999999992503206,0.9999999750363034,0.9999993574251609,0.9999999828118578,0.9999999952607653,0.999999998518078,0.9999999960577953,0.999901541476469,0.9998029527504836,0.9997817484068997,0.9895102699104238,0.999996284452475,0.999836796672159
0.9999999853616545,0.9999999897056427,0.99999998863143,1.0,1.0,0.9999999704729707,0.9999999959177189,0.9999999920011647,0.9999999412890492,0.9999999921122652,0.9999999716304449,0.999999998930349,0.9999999978016945,0.9999489129396635,0.9995666280376689,0.9994137387376437,0.9993580512392279,3.5580422141873223e-06,0.9994484014600253
0.9999999900628042,0.9999999922757753,0.9999999913743524,1.0,1.0,0.9999999892584414,0.9999999382403095,0.9999999940930594,0.9999999881094085,0.999999994163261,0.9999999809278821,0.9999999988802699,0.9999999985897006,0.9999830267167265,0.998304313543436,0.9984935001951307,0.07734396689515227,0.0019082479620693594,0.9985895808177925
0.9999999894612587,0.9999999919565,0.9999999909511105,1.0,1.0,0.999999988909238,0.9999999911809,0.9999999945915051,0.9999999813952913,0.9999999938843019,0.9999999531407593,0.9999999995265654,0.9999999978690255,0.9999843100151314,0.9974875894412761,0.9966156359590818,0.005337522578688337,0.0019171752855269575,0.9957596194454507
0.9999999971972785,0.9999999960756442,0.9999999988190496,1.0,1.0,0.9999999962494998,0.9999999659926295,0.9999999970850553,0.9999999994430483,0.9999999950872792,0.9999999999691767,0.9999999920752886,0.9999999999998721,0.9999779345950074,0.9978421980641408,0.9962064085651113,0.9965473502971118,0.010861338769399362,0.9978315307859583
0.9999999934736793,0.9999999911710945,0.9999999987545607,1.0,1.0,0.9999999932777542,0.9999998615480007,0.9999999933769744,0.9999999999111253,0.9999999916365995,0.9999999998096598,0.999999875315745,0.9999999999997159,0.9999932591252583,0.9993511031474677,0.9993684016554766,2.1526280715691532e-07,0.05140928089352911,0.9992143319807207
0.9999999967964756,0.9999999957035898,0.9999999980286418,1.0,1.0,0.9999999961017779,0.9999999112379254,0.9999999968704146,0.9999999991078568,0.9999999946482064,0.9999999999281499,0.999999976750772,0.9999999999997016,0.9999949097249564,0.9968934561739665,0.9976221482841959,0.9945767250877531,0.010727700890533343,0.997370516263906
0.9999999466631252,0.9999999263324099,0.999999964457644,1.0,1.0,0.999999942198885,0.9999999291509479,0.999999942172467,0.9999999980942819,0.9999999298890597,0.9999999999113244,1.3826846117750882e-11,0.9999999999999005,0.9999995553922781,0.9940531293149552,0.9978346065416758,0.9847515198252407,0.9999981399260169,0.9980711334707665
0.99999999701204,0.9999999959417779,0.999999998057092,1.0,1.0,0.9999999962921465,0.9999998469250475,0.9999999970111021,0.9999999994928146,0.9999999948787918,0.9999999999603943,0.9999999898272592,0.9999999999998153,0.9999856533752325,0.9989124595731526,0.9987856054181693,0.9988761776673536,0.02517835826985728,0.9986431242429532
0.9999999915169299,0.9999999885913838,0.9999999950303363,1.0,1.0,0.9999999917609018,0.9999999975505319,0.9999999915275738,0.9999999996258566,0.9999999890968213,0.9999999999858177,0.9999998367961629,0.9999999999997016,0.9999973194047673,0.9994464690770952,0.9993490489575914,0.9999915681210824,0.9999999847671577,0.9991309911276642
0.9999999912913468,0.9999999883065273,0.9999999947235098,1.0,1.0,0.9999999912512579,0.9999999775023841,0.9999999912177345,0.9999999996064304,0.9999999886983632,0.9999999999957226,0.9999998388225169,0.9999999999999005,0.9999973212611121,0.9987542406882703,0.9986154870689687,0.9999838325616509,0.9999999770056153,0.9988365199879646
0.9999999980766603,0.9999999976567723,0.9999999987059311,1.0,1.0,0.9999999974213268,0.9999922129419692,0.9999999976608792,0.999999999356902,0.9999999974349266,0.9999999998102425,0.999999997363446,0.9999999999992752,0.9999728679069969,0.9969037193266653,0.9980118698473759,0.9984142739756,8.703269821724196e-05,0.9976896000555727
0.9999999982417904,0.9999999976695051,0.9999999988330474,1.0,1.0,0.999999998164455,0.9999956133790994,0.999999997811841,0.9999999999217836,0.9999999977530649,0.9999999909709204,0.9999999982680238,0.9999999999975132,0.9985426921062179,1.7335171941136974e-06,0.9882844035872909,0.0004290075728565722,0.20801535691497813,0.9908378183746501
0.9999999752428582,0.9999999685160651,0.9999999830072996,1.0,1.0,0.9999999723683719,0.9997109836462518,1.9015447026882738e-11,0.99999999710046,0.9999999678177011,0.9999999432106977,0.9999999132724791,0.9999999999686509,0.9999940583875729,0.9998199937761332,0.9995734939343197,1.773128087795139e-05,0.0005690538459594332,0.999656287300167
0.9999999688663485,0.9999999609628681,0.9999999787499693,1.0,1.0,0.9999999617840708,0.9999922512753951,0.9999999623019712,0.9999999951199642,3.682318968204074e-12,0.9999999985949019,0.9999999724930011,0.999999999995353,0.9999957043948517,0.9999587059939737,0.9998653139151066,0.9999773053873586,0.0012007728384562542,0.999895551380961
0.9999999816919856,0.9999999806707509,0.9999999890671348,1.0,1.0,0.9999999680828614,0.9999980124442372,0.9999999855260172,5.057379924324072e-14,0.9999999782176875,0.9999999709718286,0.9999999936637353,0.999999999995822,0.9999748322297072,0.9984854966842442,0.9985151490370295,0.8523702304867994,0.16381223298197628,0.9980471125966536
0.999999998211436,0.9999999969186036,0.9999999995146709,1.0,1.0,0.999999997804551,0.999999676077418,0.9999999986024335,0.9999999998017444,0.9999999980251886,0.999999999672923,0.9999999940674941,0.9999999999921273,0.9999913753267607,0.9984414704018478,0.9988122927265211,0.00705358229981498,0.028778332746858197,0.9988353215880797
0.9999999968224814,0.99999999634899,0.999999998232795,1.0,1.0,0.9999999959888727,0.9999992844971646,0.9999999974441068,0.9999999995236237,0.9999999954525408,0.9999999996098694,0.9999999961647462,0.9999999999994743,0.9999571317438228,0.9994627966507424,0.9994815887541081,0.9995016337042351,0.001050991309804375,0.9994867953447669
6.366013585953103e-12,0.9999999821780821,0.9999999902356081,1.0,1.0,0.9999999817803629,0.999975057647167,0.9999999868015267,0.9999999960763973,0.9999999822518222,0.999999979101901,0.999999901873982,0.9999999999100311,0.9999934132042159,0.9994481627391265,0.9995564878001214,0.9704203685116649,0.07829123118422116,0.99969886851975
0.9999999500829673,0.9999999451403043,0.9999999847339611,1.0,1.0,1.27320258375778e-11,0.9999961056810293,0.9999999574998678,0.9999999982047569,0.9999999479492928,0.9999999871612887,0.9999997542368978,0.9999999999977264,0.9999892193516934,0.99944333829422,0.9992878490853435,0.00017632320519130097,0.055603919052749785,0.9993429013713568
0.9999999974405115,0.999999997116774,0.999999998634209,1.0,1.0,0.9999999971208525,0.999999873350455,0.9999999978247729,0.9999999997111929,0.9999999971757917,0.9999999995825419,0.9999999881749063,0.9999999999988064,0.9999927793786786,0.9991827387365623,0.9991569940223675,0.014520636272351907,0.08636973496458729,0.9991322208405525
0.9999999865822248,7.211779524751101e-12,0.9999999904224525,1.0,1.0,0.9999999827946058,0.9999837621413278,0.9999999871343733,0.9999999939246466,0.9999999815136109,0.9999999980135783,0.9999999439496338,0.9999999999959641,0.9999845767106545,0.9997866928746667,0.9996320853112898,0.03661212446394388,0.18253306336053585,0.999844202799477
0.999999998289269,0.9999999980545767,0.9999999992662367,1.0,1.0,0.9999999987751808,0.999999108232515,0.9999999989150723,0.9999999998461533,0.9999999983659649,0.9999999991866133,0.9999999977575982,0.9999999999997016,0.9999706967132597,0.9991311096173505,0.9992028116015023,0.0177412759617519,0.02422299160053889,0.9994997898023014
0.9999999966927363,0.9999999944112831,0.9999999978019503,1.0,1.0,0.9999999966960759,0.9999913802397661,0.9999999967628953,0.9999999999273541,0.9999999953546991,0.9999999765244642,0.9999999961409999,0.9999999999992326,0.9998170717884814,0.9708649371995047,0.971903778647941,0.009801759177119342,4.903654289478017e-06,1.350908330513826e-06
0.9999999972619237,0.9999999955007725,0.9999999981567812,1.0,1.0,0.9999999949171327,0.9999999281443648,0.999999997345185,0.9999999989855581,0.9999999961880947,0.999999996952866,0.9999999985593604,0.9999999999925109,0.9999751674483549,0.9984139155346841,0.9984880251683046,0.0015701612601479952,0.0006461200280796707,0.9990050299748049
0.99999999125005,0.9999999849456318,0.9999999941526171,1.0,1.0,0.9999999912981111,0.9999999941242949,0.9999999912766385,0.9999999996938699,0.9999999874652162,0.9999999999528201,0.9999999682459594,0.9999999999998579,0.999844838886281,0.9997882656287643,0.9997991478314352,0.9999958737691095,0.9999997812864008,0.9998485605997313
0.9999999685849877,0.9999999492252569,0.9999999778699905,1.0,1.0,0.99999995914746,0.9999989470324098,0.9999999699455918,0.9999999946129919,1.8411594824928414e-12,0.9999999652580136,0.9999999887043317,0.9999999999975699,0.9999762458197735,0.9997462693227839,0.999682378925882,0.999346675456009,4.0200070340925414e-05,0.9998400483158324
0.9999999995946781,0.9999999985173531,0.9999999996963282,1.0,1.0,0.9999999995966534,0.0010071155935590984,0.9999999995991118,0.9999999999537295,0.999999999431708,0.9999998909047665,0.999999995448107,0.9999999999977264,0.9996269057938183,0.9863599819914337,0.9850787743804938,0.020297809624021165,0.3234414936582722,3.411547585901493e-05
0.9999999887689058,3.605889823125853e-12,0.9999999920399177,1.0,1.0,0.9999999878665592,0.999992280407621,0.9999999889544996,0.9999999978274162,0.9999999846211554,0.999999864554406,0.9999999836783362,0.9999999999893987,0.9999924697857254,0.9987465609495589,0.9988420010559136,0.002540208249725158,0.04691805839608372,0.999233047942348
0.9999999992257784,0.9999999995596482,0.9999999989886136,1.0,1.0,0.9999999975817816,0.9999902818189091,0.9999999991779306,0.9999999978227266,0.9999999991603659,0.9999956337762336,0.9999999998806004,0.9999819895602841,0.7194433686670627,4.689381337036526e-05,5.2377881876322235e-05,0.9955763936768507,0.9862724159932041,0.0008212262333492024
0.9999998678627494,0.9999999057698306,5.473186989781663e-12,1.0,1.0,0.9999992736684584,0.9999997826257735,0.9999998977787268,0.9999991165426887,0.9999998806530145,0.9999999471986044,0.9999999896912187,0.9999997983673898,0.9999901065942517,0.9994798430745913,0.9994993466181586,0.12588076098691922,0.005410292050344315,0.9995614242110724
0.9999999975332942,0.9999999981182128,0.9999999965842649,1.0,1.0,0.9999999933281459,0.9999999809315201,0.9999999978091978,0.9999999856258343,0.9999999977647464,0.9999999997173604,0.9999999987866914,0.9999999455644557,0.9999734766389032,0.9991032133797382,0.999208333203468,0.102648236568901,0.010508833841050828,0.9987440608777419
0.9999999961797102,0.9999999970957988,0.9999999947615238,1.0,1.0,0.9999999880714229,0.9999995603721147,0.999999996488569,0.9999999845178567,0.9999999963346654,0.9999999529108562,0.9999999988998525,0.9999880401488603,0.9999752379314516,0.9986412447747974,0.9987229471269841,1.7976928164585228e-09,3.3523903022051176e-05,0.9986825784253804
0.9999999573248469,0.999999963593553,0.9999999356345647,1.0,1.0,0.999999920434394,0.9999999984191135,0.9999999573944375,0.9999994367287593,0.9999999542722133,0.9999999999623839,0.9999999980193337,0.9999999124843167,0.9999121109916136,0.9997849882619987,0.9997802443440089,0.9805629437443325,0.9996462240164311,0.9998079874049629
0.999999990639907,0.9999999931071956,0.9999999859219743,1.0,1.0,0.9999999500214485,0.9999999845402814,0.9999999906859928,0.999999940312991,0.9999999903944429,0.9999999959719333,0.9999999995762893,0.9999999455355366,0.9999719093975425,0.9995112149493582,0.999432948401777,0.9998043126500267,6.58165459653278e-06,0.9995275509683502
0.9999999434066796,0.9999999538658113,0.9999999228431479,1.0,1.0,2.6864791004476113e-12,0.9999992681867531,0.9999999479154994,0.9999996872331628,0.9999999469224307,0.9999999965140348,0.9999999930202393,0.9999993970161938,0.9999870639756215,0.9991334660068992,0.9990320720542994,0.04244831417322727,0.0044217310243443355,0.9990791277627132
0.9999999940391434,0.9999999954008844,0.9999999915693111,1.0,1.0,0.9999999741350512,0.9999999731698215,0.9999999945716952,0.9999999672861867,0.9999999943249948,0.9999999927286326,0.9999999988128964,0.9999998802769384,0.9999773224541227,0.9977260565572308,0.9980610137725735,0.00017336037198883249,0.002458740259141822,0.9975249708321831
0.9999999995604015,0.9999999997731237,0.9999999998220518,1.0,1.0,0.9999999998105693,0.9987017134950321,0.9999999998171775,0.9999999997007336,0.9999999998185558,0.9990635372853058,0.9999999991969588,0.9999208536040938,0.7840595094776479,1.6368311963085244e-06,6.575002752450157e-05,0.21941585753807197,0.4964894486291072,0.0005091961034377336
0.9999999997723563,0.9999999998163248,0.9999999998905623,1.0,1.0,0.9999999999037783,0.999467892419075,0.9999999998840537,0.999999999852605,0.9999999998854179,0.9998144384604951,0.9999999993073915,0.9999275915570246,0.9310616275259916,0.003068261744950105,0.003013773678281934,0.8658511763473892,0.75573042384494,0.003478682124215759
0.9999999996904734,0.9999999998133688,0.9999999998505444,1.0,1.0,0.9999999998699566,0.9831727841849408,0.9999999998487965,0.9999999998495923,0.999999999850914,0.9940870448404191,0.9999999980104661,0.9988313677683256,0.9901011515209945,0.007624091239623318,0.007539524751067658,4.913669880550094e-07,0.007138165935384737,0.008589633141599575
0.9999998564553,1.7791190231870572e-12,0.9999999198393713,1.0,1.0,0.9999998986136854,0.9999995196789246,0.9999999081475621,0.9999993623237815,0.9999999129393199,0.9999999650819837,0.9999999955851139,0.9999998574442617,0.9999116452101817,0.999634071683607,0.9995755529315146,0.8295620849102988,0.03415695951490687,0.9995532985827675
0.9999999843744976,0.9999999890412284,0.9999999928312492,1.0,1.0,0.9999999909415892,0.9999998718048827,0.9999999923013122,0.9999999535409227,0.9999999925467763,0.9999999926537982,0.999999999109562,0.9999998451514762,0.9999481765865532,0.998844313886838,0.9987521459500897,0.8838471886399034,1.2395435149521192e-05,0.9989204351643917
0.9999999934446892,0.9999999949767472,0.9999999963949621,1.0,1.0,0.999999996889173,0.999995123599073,0.9999999962166016,0.9999999882355867,0.9999999964019964,2.4102361292716e-07,0.9999999990633484,0.9999992054055045,0.9995687008486518,0.9987581503669012,0.9989266222136202,0.01721892771654131,0.008775247333716993,0.9988880239026499
1.0708624087758796e-11,0.999999939877812,0.9999999513703995,1.0,1.0,0.9999999345970161,0.9999925495280035,0.9999999497114103,0.9999998214912313,0.999999950993684,0.9999988231183286,0.9999999884273195,0.9999990329955311,1.1504568018950856e-08,0.9991506336250313,0.9990754368216981,0.9856018572431445,0.0006147767471237884,0.9991854658638818
0.9999999828342683,0.9999999888873959,0.9999999927145354,1.0,1.0,0.9999999906944198,0.9999990344206652,0.9999999922491015,0.999999951171277,0.9999999925423425,0.9999999920414951,0.9999999990827605,0.9999999823228338,0.9999439767093053,0.9987678640133828,0.9987693914509466,0.8445849068907585,1.3506770938623743e-05,0.9987605780336246
0.9999999570086554,0.9999999534113198,0.9999999717347099,1.0,1.0,0.9999999683584809,0.9999999469585689,0.9999999668403069,0.999999761338117,0.9999999746383995,4.7517856192382336e-11,0.9999999988234834,0.999998730081696,0.9999953349838322,0.9997050127332855,0.9996937141460495,0.9908670923296756,0.9999968917864652,0.9996453039559816
0.9999999911933061,0.9999999931982871,0.9999999962761167,1.0,1.0,0.9999999954690538,0.9999982811602302,0.9999999953576407,0.9999999879534728,0.9999999956156104,0.9999999843864347,0.9999999993178079,0.9999999657032539,0.9998132321603216,0.9989739996160574,0.9989081351947919,6.16733185102459e-05,1.3280744694504264e-05,0.9987929026258704
0.99999998486679,0.9999999909501299,0.999999991594038,1.0,1.0,0.9999999899576154,0.9990409479723281,0.9999999912895278,0.9999999793178065,0.9999999924518194,0.999996010361827,8.695112048685309e-13,0.9999643964096282,0.9999746423839787,0.9996512151399669,0.999752945626473,7.749084792637625e-05,0.00742599563017779,0.9997653062311754
0.9999999726655067,0.9999999770386271,0.9999999813844911,1.0,1.0,0.9999999803413433,0.9999462221040295,0.9999999810039812,5.0186774865191515e-12,0.9999999815033791,0.999996794233803,0.9999999869717301,0.9999963846272365,0.9994750137685056,0.9921723852353428,8.638829438102914e-07,0.08802943581146468,0.00837490241042541,0.9948006803884077
0.999999991336722,0.9999999923817456,0.9999999956545481,1.0,1.0,0.9999999924854138,0.999995658728112,0.9999999951894553,0.9999999733179554,0.999999995381316,0.9999999365858677,0.9999999995249169,0.9999999794543444,0.9999571419902341,0.9994532387029166,0.999590009669802,0.5957152880990715,0.09983032376336105,0.9995455580157296
0.999999990349295,0.9999999943811987,0.9999999955836502,1.0,1.0,0.9999999930524696,0.9999926980778465,0.999999995404835,0.9999999787054893,0.999999995457813,0.9999999229300757,0.9999999994887503,0.9999997072031167,0.9996571266879173,0.9935285494427007,0.9949881515361215,0.9617155958410007,0.3108659754143329,3.255310844364128e-08
0.9999999919586743,0.9999999960835596,0.9999999969954702,1.0,1.0,0.9999999965416039,0.9999811170774489,0.9999999968952836,0.9999999878601217,0.9999999971852561,0.9999979045982668,0.9999999990387637,0.9999996072370924,0.999760380140681,1.8984300875191085e-07,0.9784351127860422,0.019590117888327183,0.0036847971212302937,0.9774853564569977
3.5695414480745366e-12,0.9999999346548543,0.9999999410076033,1.0,1.0,0.9999998354977457,0.9999988396532355,0.9999999395589915,0.9999996840936023,0.9999999417688077,0.9999998110584479,0.9999999949931181,0.999999662962253,0.9999913681294086,0.9992795553516594,0.9991550179538415,0.718721336777656,0.005144044844774662,0.9990144360012718
0.999999984515924,0.999999992788375,0.9999999954028597,1.0,1.0,0.9999999936287481,0.9999967988305593,0.9999999944560188,0.9999999644756776,0.9999999953837176,0.9999996724025348,0.9999999992495248,0.9999998245647402,0.9999861515838074,0.9986078328280003,0.998346337839704,0.12561577267486315,0.0020808640482063803,0.9985177523037784
0.9999999917774575,0.9999999962548857,0.9999999969310097,1.0,1.0,0.9999999961373619,9.156849818607673e-05,0.9999999972153404,0.9999999830920674,0.9999999970701056,0.9999987896723403,0.9999999996186943,0.9999960966196694,0.9999793316683745,0.9994507069981102,0.9989628603529532,0.07783740920783357,0.01171082061380235,0.9992108022441349
0.9999999870997983,0.9999999961959959,0.9999999970011971,1.0,1.0,0.9999999947985573,0.9999991072555623,0.9999999969111572,0.9999999875110889,0.9999999970859507,0.9999999511552614,0.9999999988883417,0.9999999520893267,0.999981111243321,0.9992981703639935,0.9988483761925021,0.012622702049478149,0.0029669578014778764,0.9988558257261192
5.3543124967414596e-12,0.9999999528631218,0.9999999612914799,1.0,1.0,0.9999999322831622,0.9999942310689102,0.9999999599150167,0.9999998553468535,0.9999999642218576,0.9999996814772142,0.9999999916997525,0.9999973121027523,0.9999940001772184,0.999286480533811,0.9988212655271461,0.00965851582572832,0.0037048915349087103,0.9989640288806118
0.999999991852235,0.999999994843222,0.9999999961061691,1.0,1.0,0.9999999936920575,0.9999988720881812,0.9999999960566727,0.9999999778845993,0.9999999965528305,0.9999999928292881,0.9999999995764313,0.9999999683228543,0.9999872575824883,0.9971501860650883,0.9965086816229477,0.02795531916782368,0.013973228358406418,0.997101062304601
0.9999999943410814,0.9999999963816181,0.9999999976482173,1.0,1.0,0.9999999962522993,0.9999986760178342,0.9999999972676933,0.9999999721310364,0.9999999972707344,0.9999999872425037,0.9999999995099246,0.9999999893151569,0.9999941465503855,0.9983275206060446,0.998195996775408,0.07394359573494699,0.00563901866959238,0.9984628305709585
0.9999999944392785,0.9999999974164809,0.9999999979267217,1.0,1.0,0.9999999953987811,0.9999970243037318,0.9999999980432507,0.9999999896909771,0.999999998021366,0.9999997591285001,0.9999999997966142,0.9999984591802834,0.999681675788024,0.9811495990450645,0.982880631092923,0.7445474516047066,0.0007654961510612198,1.9690046414726823e-07
0.9999999958706384,0.9999999972615684,0.9999999978698072,1.0,1.0,0.9999999968602397,0.9999971745406084,0.9999999980517061,0.9999999891124106,0.9999999980879437,0.9999997229069024,0.9999999995263096,1.9320432117496187e-06,0.9999614338508245,0.9990397689973051,0.998978392936328,0.5032404473867519,0.0070047932223234926,0.9995213233952177
0.9999999245215208,0.9999999478240241,0.9999999596467584,1.0,1.0,0.9999999460354887,0.9999987581653225,0.9999999587960824,2.5093378427883687e-12,0.9999999630205431,0.9999987619822396,0.9999999969699759,0.9999999196385294,0.9999855656023556,0.9985668477530403,0.9984667087661134,0.7341418012306309,6.652541031926346e-05,0.9988398188227047
0.9999999874802229,0.999999994292594,0.9999999954009412,1.0,1.0,0.9999999869173309,0.9999998220512952,0.9999999952270998,0.9999999701099119,0.9999999954788877,0.9999999310490917,0.9999999997884857,0.9999999737838157,0.9999813538050415,0.9965728192317069,0.996423038173347,0.03857605899623947,0.0011119083796731568,0.9974650182375271
0.9999999965220924,0.999999997751175,0.9999999982693168,1.0,1.0,0.9999999976057127,0.9999907895975151,0.9999999983781294,0.9999999951996444,0.9999999983162553,0.9999999868156523,0.9999999994688835,0.9999999633780313,0.9999889788877383,0.9958149339835014,0.9969008896101147,0.10093921538907002,0.1290021342434292,0.9980067687901506
0.9999999950632344,0.9999999968611207,0.999999997634106,1.0,1.0,0.9999999967268566,0.9999998278022282,0.9999999979430357,0.9999999891049641,0.9999999976976853,0.9999999712564009,0.9999999998107398,0.9999999677525017,0.9999900314956752,0.998946059193768,0.9987169621710783,0.32752560407530046,0.12132579688088332,0.9985880541785871
0.9999998039184044,0.9999998566032634,0.9999998263695327,1.0,1.0,0.9999999997887842,0.9999997233303005,0.9999997724712248,0.9999999997104823,0.999999772712184,0.9999999947524999,0.9999999988379927,0.9999999641282364,0.9932032057766049,0.9713910249853018,2.7293780827184575e-07,0.006117212277723917,0.008114646175139593,0.9711982598232148
0.9999976538294061,0.9999988576306567,0.9999979270570548,1.0,1.0,0.9999999994690683,0.9999999945514163,0.9999972783928203,0.9999999987583551,0.9999981833895663,0.9999999997081801,0.9999999993832773,0.9999999817617324,0.9999666832051138,0.9981499469554276,0.9988780127814594,0.00019683134311098988,0.0006448948760230113,0.998502755120635
0.9999994762144078,0.9999996169331548,0.9999995364349923,1.0,1.0,0.9999999995629452,0.9999999948850019,0.9999993923879059,0.9999999989443609,0.9999993929600772,0.9999999988934009,0.9999999988508536,0.9999999859780077,0.9998921809043144,0.998507315602938,0.9989123898986263,3.063976855190973e-05,0.005124133516443855,0.9985798304674759
0.9999958280026875,0.9999971452967704,0.9999965418965183,1.0,1.0,0.9999999995531966,0.9999999996616253,0.9999941982302735,0.9999999989316423,0.9999942037385677,0.9999999999641176,0.9999999991185007,0.999999994618861,0.9999382113711968,0.9989959378932293,0.9992317448578536,0.999963419084247,0.003790580689879491,0.9990070430336601
0.9999979168400825,0.9999988594270061,0.9999981576395872,1.0,1.0,0.9999999998077699,0.9999999977079029,0.9999981881165,0.9999999996359747,0.9999975886985137,0.999999999847077,0.9999999991802042,0.9999999940946794,0.9998827217128737,0.9992567353720213,0.9992527538709168,0.004358749504422049,0.01925857025563445,0.9992662728292578
0.9999984359242842,0.9999988588719165,0.9999986166628977,1.0,1.0,0.9999999997200177,0.9999999935758553,0.9999981889896844,0.9999999994919193,0.9999981893023369,0.999999998201858,0.9999999990060645,0.9999998955054308,0.9999667009512371,0.9987640410081352,0.9989468418941192,7.502648345208094e-08,0.02163193743214267,0.9987385338343087
0.9999992150179038,0.9999994256069387,0.9999993051501831,1.0,1.0,0.9999999993739834,0.9999999897317339,0.9999990889362097,0.9999999988741877,0.9999990897619448,0.9999999997769891,0.9999999992304255,0.9999999876562243,0.9999636911468149,0.9989774735751936,0.9990805728638449,0.00046902226499822804,0.01387605426782162,0.9989508549145019
0.999999635878775,0.9999997131912707,0.9999997317687891,1.0,1.0,0.999999999387299,0.9999982301562399,0.99999957931546,0.9999999993784741,0.9999995800634908,0.9999999074448497,0.9999999992142534,5.651898926277711e-07,0.9999880382721547,0.9996596005106168,0.9997259076852636,1.1895900772919832e-06,0.029952560208782893,0.9996504303409559
0.9999958259095368,0.9999971444453863,0.9999972279945177,1.0,1.0,0.9999999992994191,0.9999999944634369,0.9999941965017177,0.9999999988019397,0.9999942052310257,0.9999999994871018,0.9999999998045439,0.9999999872653264,0.9999831463307786,0.9991378748406151,0.9995540909353945,0.9749242392338913,0.04794832010841185,0.9992407155875053
0.9999992121365842,0.9999994236946419,0.9999994412542604,1.0,1.0,0.9999999988311288,0.9999999877341567,0.9999990865637949,0.9999999984171809,0.9999990882361836,0.9999999989631193,0.9999999988167048,0.9999999765609008,0.999954923536959,0.9993111790991676,0.9994042735075082,2.2773339868941554e-05,0.43557709608004747,0.9993086442733682
0.9999979010944317,0.9999985645023132,0.9999996366998779,1.0,1.0,0.999999998820556,0.9999999944423764,0.9999970796556436,0.999999997553772,0.9999970820982408,0.9999999998926938,0.999999999918103,0.9999999754647323,0.9999795181759655,0.9995980086258024,0.9989542031197793,0.9990046296965936,0.006366566952569214,0.9995768203491948
0.9999996073106904,0.9999997535283873,0.999999652052072,1.0,1.0,0.9999999994489741,0.9999999673863021,0.9999994682142124,0.999999999418165,0.9999999471719022,0.9999999978233235,0.9999999995188347,0.9999999838444042,0.9999839369447363,0.9983733707598754,0.9992923856008901,0.519807387852226,0.0031051957187896943,0.9988566895958905
0.9999998786841576,0.9999999144702408,0.9999998883794979,1.0,1.0,0.9999999996716298,0.9999993850001418,0.9999998367147206,0.9999999986932836,0.9999998795655574,3.384685831838208e-10,0.999999999721183,0.999999409810517,0.9999942803716811,0.9987864147584831,0.9991579979043117,0.6695650802864024,0.8342669361709623,0.9989094739862724
0.9999478305351771,0.9999693779270226,0.9999567357104406,1.0,1.0,0.9999999931548872,0.9999999259563196,2.0598955319455226e-12,0.9999999857705292,0.9999403287678267,0.9999999953196977,0.9999999966027532,0.999999832828095,0.9999505164215373,0.9997364878391282,0.999792289426489,0.9977072049908917,0.03412717898683331,0.9997866403873169
0.9999998036567683,0.9999998769002266,0.9999998262795211,1.0,1.0,0.9999999997056506,0.999998986992624,0.9999997345481615,0.9999999996260557,0.999999804814228,0.9999999547025038,0.999999999544727,0.9999997486534401,0.9993837486447303,0.9662948423792904,1.4888768309702285e-07,0.13030436604117968,0.0013037260959204138,0.9699781797740568
0.9999997358984908,0.9999998334187691,0.99999976609375,1.0,1.0,0.9999999989839239,0.999999981476748,0.9999996427813541,0.9999999985833768,0.9999997366482268,0.99999999937954,0.9999999996559126,0.999999978341734,0.9999882652502817,0.9985502151757806,0.9989229632999075,0.024713934757526757,0.01769884382506773,0.9959661436361142
0.9999997382675533,0.9999999777953693,0.9999997680985316,1.0,1.0,0.9999999995606004,0.999999970052969,0.9999996455850411,0.9999999994106475,0.999999739395909,0.9999999992732428,0.9999999997807834,0.9999999783643719,0.9999905135510738,0.9968576590668301,0.9974633324882101,0.6004528830374195,0.30055926891178286,0.9966585166661858
0.9999968745602771,0.9999997406393443,0.9999972368065023,1.0,1.0,0.9999999994916919,0.9999999680746617,0.9999967807016737,0.9999999992841709,0.9999959307865056,0.9999999992640056,0.9999999998769341,0.9999999802370783,0.9999546959921938,0.9987646257397772,0.9980589211655131,0.00036106893286668324,0.044875756713916914,0.9988035570159297
0.9999992088910549,0.9999994834135804,0.9999993013651104,1.0,1.0,0.9999999979808791,0.9999999604031027,0.9999998860692253,0.9999999971417425,0.9999989680590811,0.9999999888797363,0.9999999997694715,0.9999999941266254,0.9999831002818068,0.9985905638493754,0.9986153219778813,0.004709283902684399,0.0006408187472177071,0.9986922639745693
0.9999992205147717,0.9999994062301938,0.9999992875138001,1.0,1.0,1.0399934922889166e-13,0.9999990545808324,0.9999991834567575,0.9999999711546086,0.9999989827709529,0.9999999824395618,0.9999999937210476,0.9999996063016064,0.9999828675786153,0.9989532510245355,0.9990326218128001,0.019727422139766797,0.0005218541207907173,0.9985443566470754
0.9999992125519671,0.9999994870874113,0.9999993035788332,1.0,1.0,0.9999999988688018,0.9999999587095951,0.9999991875339905,0.9999999983141948,0.9999989737671208,0.9999999889078311,0.9999999997177866,0.9999999410232352,0.9999816088230027,0.9969366881292029,0.9969446421087821,0.00053059475136263,0.00024464971154641467,0.9968086942774392
0.9999996072091396,0.9999997445434488,0.9999996525528623,1.0,1.0,0.9999999994602718,0.999999803819241,0.9999995957108575,0.9999999993776498,0.9999994882743439,0.9999999735873932,0.9999999997564403,0.9999999849679712,0.9999769163048389,0.9977130726387149,0.9975304897298201,0.5440834819203447,0.00010525920813527429,0.997133720866846
0.9999478269965605,0.9999682447810508,0.9999567395046599,1.0,1.0,0.9999999911481582,0.9999999163912925,0.9999380782149568,0.9999999852454665,1.5651776718722325e-12,0.9999998923798247,0.9999999983373868,0.9999998228314995,0.9999811290780475,0.9997204230745612,0.9996865470100124,0.9998097795392282,2.0959801721849597e-05,0.999724355511672
0.9999986114127046,0.9999993241871731,0.999998772090735,1.0,1.0,0.999999999856712,0.9999999636885952,0.9999989265261113,0.9999999997830429,0.9999981921187953,0.9999999991425456,0.9999999998619273,0.9999999892411752,0.9999912878955618,0.998806591445575,0.9987620131058208,0.4353078885555637,0.03576221179102794,0.9988058394208774
0.9999989560473118,0.9999993222862879,0.9999990768670839,1.0,1.0,0.9999999996770157,0.9999999626661812,0.9999989239610548,0.9999999992245279,0.9999986404199893,0.9999999691713987,0.9999999999120206,0.9999999686432665,0.9999895286274805,0.99887598768835,0.9989160790173025,0.0031191903174522585,0.036667508132496376,0.9988787457706576
0.9999999984405576,0.9999999983759125,0.9999999977908658,1.0,1.0,0.9999999964339993,0.9999999963541059,0.9999999981883151,0.9999999922777222,0.9999999984692067,0.999999999799627,0.9999999932662434,0.9999997660314922,0.999953914713995,0.8704514964145287,0.7965557646018862,0.9848178700063263,0.8214611927459311,1.4323670625623821e-08
0.999999996801293,0.9999999964796019,0.9999999953837319,1.0,1.0,0.9999999895709238,0.999999999640977,0.9999999958252347,0.9999999740746692,0.9999999966991453,0.9999999999909904,0.9999999973974242,0.9999998494644843,0.9999980452182547,0.9976752832965131,0.9975395780554996,0.9966434368080151,0.9553925382860229,0.9982952436606722
0.9999999972106793,0.9999999969767686,0.9999999963180813,1.0,1.0,0.9999999867326183,0.9999999993299441,0.9999999964915106,0.9999999732572893,0.9999999974580477,0.9999999999650839,0.9999999966994154,0.999999894736993,0.9999980940877125,0.9988492982697255,0.9989236998103942,0.9669271533546718,0.9709542006658648,0.9988683014716068
0.9999999902080249,0.9999999898713697,0.9999999891638823,1.0,1.0,0.9999999104951668,0.999999999953701,0.999999976109294,0.9999998687818363,0.9999999918559156,0.9999999999958931,0.9999999985096224,0.9999997810314012,0.9999988259193274,0.9940956785616823,0.9962453304079968,0.9916412295400914,0.9998572488769109,0.9964794440011285
0.9999999972544629,0.9999999969882795,0.999999996052921,1.0,1.0,0.9999999875237792,0.999999999575806,0.9999999963232825,0.9999999742547491,0.9999999972672811,0.9999999999821939,0.9999999969212184,0.9999999377073314,0.9999978867969066,0.9949710732477518,0.9950636206165692,0.996321306469515,0.9148612853758272,0.995398321337257
0.9999999900982744,0.9999999898417827,0.999999990129112,1.0,1.0,0.9999999501919361,0.9999999999500773,0.9999999759867538,0.999999914663679,0.9999999910222642,0.999999999985846,0.9999999987204121,0.9999996085940721,0.9999988259193274,0.9993277877197758,0.9992713014582189,0.9999991854337985,0.9999854400516012,0.9991418771541897
0.9999999900863942,0.9999999898550415,0.9999999895287602,1.0,1.0,0.9999999603384717,0.9999999995545323,0.9999999813308451,0.9999999455468342,0.9999999910623673,0.9999999999948984,0.9999999989775148,0.999999645025091,0.9999988267324005,0.9987520067476099,0.9986252417358193,0.9999984240094817,0.9999988746562503,0.998738885022142
0.9999999948020389,0.9999999939332441,0.9999999915894194,1.0,1.0,0.9999999888440955,0.9999998546669637,0.9999999921527519,0.9999999787070099,0.9999999943659931,0.9999999994105906,0.9999999954622895,0.9999998027650516,0.9999805817030016,0.9989056324113865,0.9989161008907896,3.285703704552181e-07,0.0011035134197158731,0.9989576981822635
0.9999999947053483,0.9999999947492598,0.9999999930688973,1.0,1.0,0.9999999875014965,0.9999999957546494,0.9999999937552958,0.9999999828195174,0.9999999953951574,0.9999999987189199,0.9999999977716955,0.9999994749912802,0.999942611746321,0.9991126256282754,0.9990304857827808,5.968282094291666e-05,6.673487941375657e-05,0.999035820171176
0.9999999968798648,0.9999999966653378,0.9999999957584295,1.0,1.0,0.9999999942593406,0.9999999783668304,0.9999999956871194,0.9999999836112752,0.9999999968985521,0.9999999989325091,0.9999999980628759,0.9999993406206088,0.9999866653335703,0.999520910832936,0.9992607344482753,3.982658878525791e-07,0.97484061811691,0.99951557851246
0.999999997295106,0.9999999970239629,0.999999995838664,1.0,1.0,0.9999999920158161,0.9999999988492192,0.9999999966133829,0.9999999782766483,0.999999997152898,0.9999999999783,0.9999999982618136,0.999999883441326,0.9999551424775465,0.9993878798882316,0.9994566504049878,0.9999760907524624,0.9493330142825465,0.9993866272039408
0.9999999951890431,0.9999999950788948,0.9999999937315637,1.0,1.0,0.9999999819325469,0.9999999848451611,0.9999999914564627,0.9999999865540731,0.9999999958529174,0.9999999989934737,0.9999999928121782,0.9999997170214786,0.9999955938694864,0.9987749850005146,0.998326699180338,0.005267700051837574,0.000174549570115975,0.998934518489043
0.9999999921925139,0.9999999920505048,0.9999999898787452,1.0,1.0,0.9999999728380833,0.9999999972246202,0.9999999870496056,0.9999999636837493,0.9999999926542672,0.99999999970305,0.9999999945968058,0.9999998750407365,0.9999915957598252,0.9982592307859955,0.9979597635104895,0.00024816380215918795,0.0001949428708987293,0.99720479550878
0.9999999912464262,0.9999999909987026,0.9999999889159313,1.0,1.0,0.9999999726242952,0.9999999881050742,0.9999999914228114,0.9999999701520754,0.9999999918112935,0.999999999762764,0.9999999926020423,0.9999999353583483,0.9999812717395571,0.9986767439156219,0.9988480586653646,1.7101745170585486e-05,0.003051833571274867,0.9987986561311628
0.9999999899569191,0.9999999895651258,0.9999999859821572,1.0,1.0,0.999999948035979,0.999999985089602,0.9999999770475657,0.9999999453552577,0.9999999896914035,0.9999999996776694,0.999999995994017,0.99999996405245,0.9999797344665514,0.9989051316751862,0.9986416346058752,0.0707429240200908,0.00046104181558296367,0.9988988295416364
0.9999999977846415,0.999999997572843,0.9999999968807459,1.0,1.0,0.9999999961355429,0.999999104221448,0.9999999976110133,0.999999995887663,0.9999999977987386,0.9999999171490436,0.9999999920836161,0.9999994890967541,0.9947083374974406,5.069554530331879e-07,0.6271446814479652,0.03971802071515546,7.214209083444488e-05,5.361708377697811e-07
0.9999999943025132,0.9999999942661476,0.999999992724753,1.0,1.0,0.9999999871761248,0.999999985594343,0.9999999920209889,0.999999989054743,0.9999999946325177,0.9999999988952482,0.9999999951617299,0.99999987487275,0.9999959610885293,0.9996332171108452,0.9992103914482783,2.6298104905437816e-05,0.0020954162231731585,0.9996670930447278
0.9999999920006531,0.999999992185508,0.9999999878215108,1.0,1.0,0.9999999861567376,0.9999999889939489,0.9999999897757307,0.9999999801501647,0.9999999921169122,0.9999999997427125,0.9999999987240926,0.9999992607610755,0.9995007409717378,0.9980940222011605,0.9972088471770355,3.8506317796016094e-07,0.0021119832273053273,0.9980281118765814
0.9999999952848811,0.9999999949475581,0.9999999919424455,1.0,1.0,0.999999984749991,0.9999999921724908,0.9999999931435185,0.9999999690688673,0.99999999525798,0.9999999988575468,0.999999995460172,0.999999873393045,0.9999208014477785,0.9978232044698948,0.9982411089797194,0.5909172461267982,9.643448858422764e-09,0.9981055495502923
0.9999999895665469,0.9999999897814008,0.999999983005708,1.0,1.0,0.9999999855678966,0.9999999833728739,0.9999999901684619,0.9999999648437103,0.9999999893516077,0.9999999984676294,5.106743448698931e-13,0.9999999416724012,0.9999556838057588,0.9969546477984679,0.9971619270999592,0.9725581033606681,0.9600583711318151,0.9967802091388768
0.9999999972022239,0.9999999970198702,0.9999999955034867,1.0,1.0,0.9999999924945798,0.9999999997508412,0.9999999963176266,0.9999999713847392,0.9999999972540935,0.9999999998330368,0.9999999968790122,0.9999998978973162,0.9998944316160745,0.9915909942381268,0.9925078777598192,0.8081777212344337,0.5895976805875335,0.9920761491431692
0.9999999950437656,0.9999999949559993,0.9999999934099578,1.0,1.0,0.99999999052055,0.9999999684998647,0.9999999917570933,0.9999999857721208,0.9999999954262934,6.664549796599076e-11,0.9999999964071123,0.9999995245177183,0.9998639232906127,0.9998610419063051,0.999850316457515,0.9999993566786793,0.9999925092933386,0.9998715274387537
0.9999999119113493,0.9999999091540743,9.239654471980282e-13,1.0,1.0,0.9999997193794993,0.9999999965007335,0.9999998881762969,0.9999996667042824,0.9999999139492568,0.9999999919173349,0.9999999222126834,0.9999988523217147,0.9999313321668873,0.9994854821912733,0.9994111528800187,0.9983266395201965,0.0009029857203831627,0.999483159976508
0.9999999904132154,0.9999999901424134,0.9999999868415018,1.0,1.0,0.999999958337086,0.999999999531326,0.9999999757369981,0.9999999564204539,0.9999999913632395,0.9999999999885603,0.9999999980157669,0.9999998182069755,0.9996742391243438,0.9664253051203289,0.9699447149547918,0.9940513604061371,0.9574633994693768,0.9622213537211498
0.9999999955392839,0.9999999954327167,0.9999999946658421,1.0,1.0,0.9999999957927345,0.9999999980849879,0.9999999922705173,0.9999999896996742,0.9999999958951095,0.9999999961347471,0.9999999959071176,0.9999994033103907,1.4739915116398559e-12,0.9205014856901529,0.9181166850886807,0.9970947780816847,0.9390859473376227,0.9184417714602178
0.9999999978985842,0.9999999983809431,0.9999999978015381,1.0,1.0,0.9999999926273376,0.9999999987766728,0.9999999977922444,0.9999999989021973,0.9999999970250429,0.9999999999681393,0.9999999961581524,0.9999990502830335,0.9999959262990485,0.9918426143416144,0.9900761612918954,0.002628559954688663,0.9615293538757007,0.9906856636258443
0.9999999970757615,0.9999999976965058,0.9999999974619272,1.0,1.0,0.999999993601918,0.999999998354042,0.9999999971742284,0.9999999987169161,0.9999999963379907,0.9999999999750031,0.9999999978737719,0.9999985439038369,0.9999970626521926,0.9987673315851306,0.9986543576180503,0.0046582322785040705,0.9953794809524956,0.9986656268724454
0.9999999414594658,0.9999999519103552,0.9999999373507384,1.0,1.0,0.9999998409481476,0.9999999994362838,0.9999999507817291,0.9999999957763636,0.9999999114473508,0.9999999999848086,0.9999999869707922,0.999999883935082,0.9999973206065335,0.9990990283391222,0.9991983640898858,0.9178672262779985,0.13423447912633193,0.9990389331678388
0.9999948611805414,0.9999955357006659,0.9999913613365223,1.0,1.0,1.4456368685845925e-11,0.9999999928573261,0.9999907291999085,0.9999940196341351,1.9445328659908975e-11,0.9999999998355947,0.9999996266524662,0.9999759781629425,0.9999995759313454,0.9989240062648768,0.9993187586720323,0.9994834456092198,0.9998617321721152,0.9993455160485961
0.9999999955858102,0.9999999965334184,0.9999999955726936,1.0,1.0,0.9999999860597343,0.9999999969588061,0.9999999953530648,0.9999999979867199,0.9999999939304304,0.9999999998407249,0.9999999930225557,0.9999995958306691,0.9999970074779027,0.9991736116169454,0.9990932788248,3.755218184693794e-08,0.9932525171078339,0.999145705614673
0.9999995490010486,0.999999627088512,6.396335479441691e-13,1.0,1.0,0.9999965848769159,0.999999999358181,0.9999992237621911,0.9999996883439255,0.9999989978088073,0.9999999999319158,0.9999999682390529,0.9999958776325703,0.9999990693579047,0.9997134652176618,0.9997094999961889,0.9999998221179299,0.9999976547799821,0.9996554346713501
0.9999999629721977,0.9999999701987865,0.9999999389721542,1.0,1.0,0.9999997700249973,0.9999999995329034,0.9999999506855358,0.9999999851215194,0.9999999131407018,0.9999999999985789,0.9999999976452899,0.9999997165358228,0.9999979277006489,0.999364821370482,0.999329245821615,0.9999986520860337,0.9999931031421826,0.9993817818001055
1.7600746068018616e-11,0.9999998963046776,0.9999998569750762,1.0,1.0,0.9999996999738723,0.9999983964093456,0.9999998277110798,0.9999999391517226,0.999999832729088,0.9999999930311533,0.9999999140578988,0.9999922652630454,0.999995154526688,0.9994639321894291,0.9995607482564994,3.1469452626743255e-05,0.0010985245362374115,0.999578343457056
0.9999999868657029,0.9999999921058419,0.9999999899640529,1.0,1.0,0.9999999808049156,0.9999999763769271,0.9999999897780755,0.9999999964599909,0.9999999871889288,0.999999993433221,0.9999999852048377,0.9999988014472414,0.9999933871949138,0.99938171261913,0.9993484899327894,1.5490496670796384e-09,1.8378040102948004e-05,0.9993508853151278
0.9999999855048288,0.9999999902659767,0.999999988509174,1.0,1.0,0.9999999746510045,0.9999999151329498,0.9999999874384856,0.9999999950538979,0.9999999846830863,0.9999999993068371,0.9999999902727127,0.9999998163239097,0.9999948241586277,0.9997954659788149,0.9997881157060098,0.00022608646322232385,0.0031312807694900773,0.9997848031349319
0.9999999882722507,0.9999999928279096,0.9999999914028309,1.0,1.0,0.9999999860447418,0.99999999038549,0.9999999921673038,0.9999999968835881,0.9999999883940519,0.9999999999205614,0.9999999949286434,0.9999992851694086,0.9999745568467678,0.9993735726630836,0.999334961016159,9.573923050950949e-06,0.03602363718572232,0.9993414389818164
0.9999999849052872,0.9999999881182619,0.9999999849953272,1.0,1.0,0.9999999258253381,0.9999999967734966,0.999999981919615,0.9999999883115721,0.9999999776292018,0.999999999847418,0.999999982599846,0.9999997362773094,0.999992615829974,0.9971116486318476,0.9978929945614213,0.04264507055663253,0.005283532952788811,0.9978494540465711
0.9999999837064737,0.9999999873364375,0.9999999837039726,1.0,1.0,0.9999999632256341,0.99999999877015,0.9999999874584377,0.9999999936039928,0.9999999759293704,0.999999999882732,0.9999999695138803,0.9999997852338769,0.9999750003689194,0.9987422093047189,0.998696134206247,0.049061138755907216,1.5404400293992093e-05,0.9986995948251502
0.9999999113465958,0.9999999278877025,0.9999999132681447,1.0,1.0,0.9999998785760557,0.9999994196972161,0.9999999330293315,0.9999999702988593,1.5124389207835522e-11,0.9999999101548737,0.9999998602927844,0.9999838555992485,0.9998081146250148,3.4774629601589767e-06,0.9908652224646592,0.041591689438123094,0.0005737134773555138,0.991918428830278
0.9999999880644311,0.9999999903693465,0.9999999878039177,1.0,1.0,0.9999999673714802,0.9999998970021178,0.999999987054153,0.9999999949805415,0.999999982641498,0.9999999969020906,0.9999999831513267,1.9049341386657778e-06,0.9999765670377083,0.9994523179595382,0.9994039285227493,0.523120185480176,3.763339716668757e-05,0.9994434458277974
0.9999999898471402,0.999999992269892,0.9999999900610989,1.0,1.0,0.9999999706594882,0.9999999886076979,0.9999999859935828,0.9999999951147488,0.999999985450387,0.9999999991221388,0.999999986419411,0.9999997024992114,0.9999905378175268,0.9996610825010036,0.9996358610321134,3.129293157984274e-05,0.0002131582590973602,0.9994394629831772
0.9999999516583967,0.9999999614168765,0.9999999522524673,1.0,1.0,0.9999999408681095,0.9999998511959771,0.9999999606151427,0.9999999923575872,0.9999999286034605,0.9999999967926386,1.761403106562847e-12,0.9999967379074151,0.9999940546407896,0.9995329455206925,0.9994143704503639,0.17072755237381215,0.22036414456590342,0.9991714486583664
0.9999999988459934,0.9999999988934576,0.9999999988371826,1.0,1.0,0.9999999982830446,0.9999999386852797,0.9999999988413749,0.9999999993851106,0.9999999985204654,0.9999999986141149,0.9999999954338251,0.9999984725478313,2.696634064519105e-09,0.9993233364465357,0.9990520889017669,0.570930724334781,0.9996617331480879,0.9992704783439413
0.9999999949106241,0.9999999953038811,0.9999999939425807,1.0,1.0,0.999999989811741,0.9999999933532139,0.9999999939407332,0.9999999971318801,0.9999999925939137,0.999999998120842,0.999999990149064,0.999999851351657,0.9999511921510895,0.9982132432839941,0.9984647649512314,0.000497836412415539,0.06976856890537392,0.9986041406600303
0.9999999931604863,0.9999999959853626,0.9999999925621809,1.0,1.0,0.9999999784406558,0.9999999985369499,0.9999999938085012,0.9999999937474798,0.9999999916053782,0.9999999997664873,0.9999999850165013,0.9999998575798901,0.9999478080086378,0.9968766968532455,0.997081659952307,0.013184002016075485,0.08660359853914425,0.9946461275536226
0.9999999713898977,0.9999999765207835,0.9999999721723047,1.0,1.0,0.9999999682860198,0.9999994586743002,0.9999999774238265,0.9999999943783281,0.9999999652660427,0.9999998484931298,3.68436760312757e-11,0.9999935385906007,0.9999858434495266,0.9989893206145121,0.999023951499827,0.46445126582582164,2.361057164808896e-06,0.9991317714712211
0.9999999634612075,0.9999999708953884,0.9999999451949451,1.0,1.0,0.9999997896975339,0.9999999986358148,0.9999999374907438,0.9999999785236188,0.9999999257169804,0.9999999999812417,0.9999999930191309,0.9999998015757454,0.9997941969779375,0.9997459223370853,0.9997152113375976,0.9999976667005023,0.9999790263576301,0.9997803575306494
0.9999999646329492,0.9999999720849364,0.9999999740793019,1.0,1.0,0.9999999188541471,0.9999999995571045,0.9999999697966763,0.9999999973155128,0.9999999542063176,0.9999999995281144,0.9999999152025546,0.9999999108080755,0.9999457772712996,0.9989041559261412,0.9988299712145979,0.9864460957492301,0.0003153050909373692,0.9988983119500602
0.9999999688709528,0.9999999760008084,0.9999999732733191,1.0,1.0,0.9999999414644964,0.9999999989169766,0.9999999736781153,0.9999999959658795,0.9999999615680942,0.9999999999884892,0.9999999472711082,0.9999999393961777,0.9999371881568307,0.9954032620786722,0.995243235659566,0.7883171638652418,0.2011461101305739,0.9955787383611603
0.999999968613921,0.9999999758895658,0.9999999730064251,1.0,1.0,0.9999999517609565,0.9999999998481003,0.9999999735295408,0.9999999958014173,0.9999999596043816,0.9999999998022417,0.9999999397535239,0.9999999358072124,0.9999419369685003,0.9955829407557303,0.9959987116416791,0.7753200887477437,0.20114845536236542,0.994619309524548
0.9999999956682474,0.9999999978153086,0.9999999978337826,1.0,1.0,0.9999999966225205,0.9999265782370887,0.9999999978643644,0.9999999923521018,0.9999999957094162,1.6796927359787092e-10,0.9999999998218243,0.9999997560912575,0.9999685400731644,0.9988525661752695,0.9987318865593051,0.9334127839622403,5.296601060888133e-05,0.9985415248610802
1.6259549104000687e-12,0.9999999202373889,0.9999999220728912,1.0,1.0,0.9999998563529392,0.9999849771649378,0.9999999304021567,0.9999994225396127,0.999999845596347,0.9999999996301625,0.9999999981857286,0.9999979743319951,0.9999771975193356,0.9991285071039865,0.9992337311693449,0.9935826860353807,2.470981719778299e-05,0.9992282814176341
0.9999999882195852,0.9999999940634724,0.9999999941240248,1.0,1.0,0.9999999912690926,0.9999825900775037,0.9999999942083094,0.9999999852810931,0.9999999884456657,0.9999999996086473,0.9999999997068586,0.9999998851463583,0.9999983178833611,0.9989809425670471,0.9991495357542909,2.1473685001820293e-07,0.1903122958925396,0.9990843996024287
0.9999999898759456,0.9999999953345055,0.9999999955218756,1.0,1.0,0.9999999910936738,0.9999995607509901,0.9999999955397813,0.9999999643291069,0.9999999898224844,0.9999999999870397,0.9999999998884733,0.9999999544766223,0.9999961265775836,0.9978190986986987,0.9979033828879432,0.9329248927616457,0.0034171182675392757,0.9979061707273907
0.9999998922395777,0.9999999396001745,0.9999999402309802,1.0,1.0,0.9999999206492479,0.999822353231538,0.9999999432361636,0.9999998988490456,5.026996714540822e-09,0.9999999957260003,0.9999999994485194,0.9999988179130124,0.9999914046798668,0.9991904545866271,0.9992014905011262,6.170179986990479e-06,8.109954968496673e-06,0.9992193610620071
0.9999999890892611,0.9999999939811489,0.999999994147217,1.0,1.0,0.9999999838150162,0.99999986775361,0.9999999935816534,0.9999999035820271,0.9999999858378318,0.9999999999916014,0.9999999997665441,0.9999997263542844,0.9999969245431231,0.9995281457915111,0.9994950005658211,0.9999992755532285,0.999999755922731,0.9994009858058218
0.9999999198099975,0.9999999517641823,0.9999999532509503,1.0,1.0,0.9999998930127334,0.9999969727778284,0.999999950131611,0.9999993094854713,1.0259181270688426e-10,0.999999999973511,0.9999999968117522,0.9999981010010669,0.9999992980737934,0.9991846927640899,0.9991206735754122,0.9999994613723574,0.9999999599713343,0.9991924105411761
0.9999999983598685,0.9999999989699121,0.9999999989410356,1.0,1.0,0.9999999988020676,0.0016922025503416547,0.9999999989550759,0.9999999981089048,0.9999999983504751,0.9999999964022238,0.9999999997728964,0.9999994391949808,0.9999550968477725,0.9996731902971319,0.9996496182210112,0.07501289499014893,0.015469868662156458,0.999664005865329
0.9999999834005993,0.9999999901984468,0.9999999903201627,1.0,1.0,0.999999985385415,0.9999898325895097,0.9999999906744109,0.9999999798769894,0.9999999829509252,0.9999999979691269,0.9999999996442598,0.9999997196952217,0.9999725338986722,0.9988693593591496,0.9991011108514893,5.1995977466734085e-05,0.011212256679788155,0.99884756064389
0.9999999944151768,0.9999999964667269,0.9999999964915106,1.0,1.0,0.9999999961718516,0.0009470038677890124,0.9999999965447587,0.9999999950334485,0.9999999943546386,0.9999999949421295,0.9999999997606039,0.9999989056381386,0.9999768062022668,0.9989921528781694,0.9990961595678026,8.118039221990931e-05,0.03180016751922193,0.9990823221933717
0.9999999904190134,0.99999999493906,0.9999999950698567,1.0,1.0,0.9999999939226286,0.9999759425653514,0.9999999951151609,0.9999999739775096,0.9999999912884335,0.9999999999472067,0.9999999995923191,0.9999998691425931,0.9999495854684496,0.9996092748425152,0.9995953061168158,0.9998898163580344,0.000925080352404125,0.9996039138818067
1.707252449977131e-11,0.9999999331870436,0.9999999333614961,1.0,1.0,0.9999999050310225,0.9993864247051745,0.999999934577263,0.9999999237321079,0.9999998938916036,0.9999999299931969,0.9999999976341912,0.999997877271064,0.9999922340282693,0.9995291165800467,0.9995888744042216,5.565510943163485e-07,0.011682264658770595,0.9994940612441389
0.9999999936990919,0.9999999964886542,0.999999996621611,1.0,1.0,0.9999999946583672,0.9999866573006081,0.99999999687482,0.9999999912819534,0.9999999942927361,0.9999999992211032,0.9999999996146158,6.355333473413946e-07,0.9999585522910245,0.9992136628220303,0.9991781553481592,0.9974375703050339,0.0557611356378406,0.9991010042298861
0.99999998710436,0.9999999940389445,0.9999999940991274,1.0,1.0,0.9999999917914552,0.9999778740343013,0.9999999944237886,0.9999999544632499,0.9999999897506769,0.9999999996680772,0.9999999997651372,0.9999998292361174,0.9999271211718888,0.9996639025873888,0.9997263795851666,0.9997052089111493,0.013865223970590252,0.9996966778712243
0.9999999846498044,0.999999991845968,0.9999999917561412,1.0,1.0,0.9999999857311225,0.9997179701871055,0.9999999921730308,0.9999999808759841,0.9999999856110265,0.9999999986427924,0.9999999994121112,0.9999987647651905,0.9999889517632392,0.9989687264530039,0.9991558116749181,0.1701205624826443,0.0006635639034596558,0.9991102632193917
0.9999999950086506,0.9999999974254052,0.9999999974386924,1.0,1.0,0.9999999950881603,0.9999877358009165,0.9999999974371008,0.9999999935146634,0.9999999955838917,0.9999999997976232,0.999999999775497,0.9999998502583024,0.9999724940547051,0.9980367495241137,0.9983455410632959,0.0306317513803116,0.008336564309805164,0.9978727998950057
0.9999999976294873,0.9999999987902016,0.9999999987778665,1.0,1.0,0.9999999982061071,0.9994703959916452,0.9999999987939816,0.9999999979578577,0.9999999978823696,0.9999999889877672,0.9999999998450022,0.9999972199530863,0.9997177074128258,0.9711012914216615,7.611986583639724e-07,0.36274811170228677,0.0001044422042924558,0.9701520144248147
0.9999999959146494,0.9999999944565162,0.999999994632404,1.0,1.0,0.9999999871588728,0.99999854343748,0.9999999942840959,0.9999999009428443,0.999999989532313,0.999999999993193,0.9999999997146318,0.9999998323736178,0.9998663538344422,0.9822845742990977,0.9813985439052144,0.995597292055916,0.9979249611263002,0.9802048698439239
0.9999988236632289,0.9999991282723889,0.9999991547797029,1.0,1.0,4.685195712396216e-12,0.9999797348162308,0.999999085739964,4.545741646522312e-12,0.9999985654606349,0.9999999939524288,0.9999999218337368,0.999982798443326,0.9999749022288561,0.9933217233622003,0.9944492815312942,0.9992222985714434,0.9978108441834579,0.9927946003430719
0.9999999911396459,0.9999999944599552,0.9999999945993779,1.0,1.0,0.9999999875866622,0.9999998224612925,0.9999999945808186,0.9999999011267612,0.9999999892349792,0.9999999999842686,0.9999999995639116,0.9999998800721032,0.9998798791497112,0.9697181271131311,0.9749177841238101,0.9938677520053655,0.9997894261660071,0.9642436743811635
0.999999991277548,0.9999999945506631,0.9999999947899881,1.0,1.0,0.9999999899523432,0.9999998276384623,0.9999999942611738,0.999999898593975,0.9999999893455397,0.9999999999389217,0.999999999630063,0.9999998203503273,0.9998836516811931,0.9683347773750225,0.973879598056649,0.9976429565086408,0.9996842419620144,0.9659341435860958
0.9999999938903558,0.9999999962062845,0.9999999963336706,1.0,1.0,0.9999999872941318,0.9999997549254703,0.9999999958825471,0.9999999270007605,0.9999999928696043,0.9999999999191688,0.9999999994275015,0.9999998263852357,0.9998626419512329,0.9997439317903037,0.9996672458866641,0.9999996444174635,0.999999784642336,0.9997707027701821
0.999999990203989,0.9999999948185093,0.9999999949506134,1.0,1.0,0.9999999904500357,0.9999979927197808,0.999999995153445,0.9999999695539264,0.9999999911489824,0.9999999970589785,0.9999999991974989,0.9999999744812701,0.9999238264889428,0.9993154633138557,0.9992832123421443,0.9964581875760465,0.001225850749040975,0.9992957117598362
0.9999999910910021,0.9999999952360242,0.9999999953829503,1.0,1.0,0.9999999922110164,0.9999829087868592,0.9999999954725355,0.9999999638956616,0.999999991914038,0.9999999999555628,0.9999999995929585,0.9999999230191067,0.999911304709879,0.9940176665771062,0.9933669756908119,0.856870907778478,0.14775277467090567,0.9945655432496993
0.9999999910575498,0.9999999952592163,0.9999999953725763,1.0,1.0,0.9999999940058047,0.9999992964445485,0.9999999960025862,0.9999999630471174,0.999999991861401,0.9999999989168772,0.9999999995546034,0.9999999063433949,0.999918010247065,0.9949150467003688,0.9950383797116001,0.8535980902445857,0.1477782475817881,0.9934437741996074
0.9999999977765414,0.9999999926998414,0.9999999970944488,1.0,1.0,0.999999999912916,0.999953155261253,0.999999997919801,0.9999999999113102,0.9999999979158787,0.0012271600530066268,0.9999999999497504,0.9999592485380281,0.8700939396442976,0.00045353296804806904,1.4845240323011536e-05,0.9999557523809247,0.9999335246553277,0.0033386140739675623
0.9999999446252035,3.756870155004797e-13,0.9999999287667006,1.0,1.0,0.9999999995084039,0.9999747508799438,0.9999999504403703,0.9999999981457536,0.9999999503241539,0.9999004077302885,0.9999999995867483,0.9999880177469381,0.7676773117038441,0.0006695966061244405,0.0008773863487135307,0.9999442755054737,0.9999468209492951,0.0008117288779170415
0.9999999957403959,0.9999999843189047,0.9999999943013337,1.0,1.0,0.999999999891216,0.9999980577147303,0.9999999960352285,0.9999999999458283,0.9999999960259346,0.9999834009690912,0.9999999999682103,0.9999985787177519,0.4131407337630789,0.00022628186363715753,0.0002986629553437615,0.9999298188248549,0.9999419848110138,0.000274371100931957
0.9999998731515883,0.9999997375835282,0.9999998281756893,1.0,1.0,0.999999999682018,0.9999999798418175,0.9999998834582084,0.999999998788951,0.9999998830553165,0.9999999955769426,0.9999999995996802,0.9999999734161951,0.9999735969532849,0.9974069868951391,0.9921687507620217,0.9999891317999631,9.601883385751092e-09,0.9968595621188672
0.9999997486147582,0.9999994814740981,0.999999660473649,1.0,1.0,0.9999999997782396,0.9999999804822155,0.9999997700293032,0.9999999991693188,0.9999997695647362,0.999999997686004,0.9999999997913136,0.9999999509624485,0.999977135672948,0.9984939497857164,0.9984216678502492,0.9999939309777937,1.0016351403021286e-07,0.9986351943869274
0.999999497790041,0.9999989667501491,0.9999993225810208,1.0,1.0,0.9999999998236291,0.99999999213712,0.9999995443346608,0.9999999994184492,0.9999995426302116,0.9999999935261458,0.9999999996777263,0.9999999831180164,0.9999730306932916,0.9981813418020262,0.9985265276698729,0.9999994417121054,0.00010653567805973665,0.9982801427764738
0.9999997478105661,0.9999994809777275,0.9999996603973793,1.0,1.0,0.9999999997812381,0.9999999976427746,0.999999770340336,0.9999999991845954,0.9999997697940425,0.9999999979063149,0.9999999995967813,0.9999999892345529,0.999979932863391,0.9990108305348897,0.9991806981881238,0.999999718261489,1.0034105146099981e-07,0.9990196503278507
0.9999997477766164,0.9999994808996673,0.9999996598061369,1.0,1.0,0.9999999997343281,0.9999999988897486,0.9999997702939092,0.9999999991365769,0.9999997697483688,0.9999999990607763,0.9999999997280042,0.9999999960520541,0.9999447999402572,0.9983889558907035,0.9986663985219805,0.9999573412572464,6.168158140257975e-05,0.9984337060366348
0.9999996646797479,0.9999993529105173,0.9999995757856558,1.0,1.0,0.9999999997236415,0.9999999965974383,0.9999996348333965,0.9999999991350706,0.9999996339708974,0.9999999967746477,0.9999999994183356,0.9999997810681931,0.9999154789608937,0.9983551343604061,0.9986994029487881,9.358018122187474e-07,0.011901004050651538,0.9983570265498519
0.9999997482277541,0.9999994808756225,0.999999659845572,1.0,1.0,0.9999999997836824,0.9999999933796319,0.9999997702867469,0.9999999991872103,0.9999997697530015,0.9999999991875086,0.9999999995579714,0.9999999797042991,0.9999797398373925,0.9890672330230361,0.9904455772446641,0.99983397537448,0.0033449192811129415,0.9888550028238251
0.9999997475569592,0.9999994820635215,0.9999995745821959,1.0,1.0,0.9999999997435367,0.9999999809594586,0.9999997701399062,0.9999999991765236,0.9999997697758242,0.9999999927187987,0.999999999870596,0.9999999614216372,0.9999757216922416,0.9971671445180025,0.9983489664413965,0.999971501852689,4.533309420936357e-07,0.997322262919189
0.9999997473434981,0.9999994805486168,0.9999995742975668,1.0,1.0,0.9999999996208544,0.9999999930423941,0.9999997700232778,0.9999999990473469,0.9999997700424766,0.9999999827379613,0.9999999998850342,0.9999999693382341,0.9999705652510116,0.9991067868618199,0.9996009778659011,0.9999087989771349,4.734155967295897e-06,0.9992183649810084
0.9999997472650115,0.9999994804252665,0.9999995749068569,1.0,1.0,0.9999999996221477,0.9999999883071383,0.9999997700608086,0.9999999990421885,0.9999997695152683,0.9999999652585252,0.9999999997095586,0.9999999826542025,0.999963589064692,0.9985628660808304,0.9988755281024368,0.9999960040550038,3.939070807051176e-06,0.9983325168460286
0.9999982209199397,0.9999967360542547,5.721754106023269e-13,1.0,1.0,0.999999995695518,0.9999996444982806,0.9999984343105873,0.9999999870452997,0.9999984305084364,0.9999998101583184,0.999999998957577,0.99999938552843,0.9998315053311373,0.9954082055201668,7.438690014226872e-09,0.9999941688005745,0.002263735932058563,0.9951557405525224
0.9999937391909008,0.9999811403176978,0.9999923726496279,1.0,1.0,0.9999999909460798,0.9999998271169525,0.999994354961831,0.9999999876247473,2.83375232875824e-12,0.9999997576690173,0.9999999972467607,0.9999998993926675,0.9999928767191663,0.9984830775591299,0.9989380376393309,0.003414418537804922,0.0056338354639938444,0.9985213443659643
0.9999995609311126,0.9999991150951296,0.9999994649640354,1.0,1.0,0.9999999800759698,0.9999997378683989,0.9999995963516957,8.61233354692532e-14,0.9999994240619781,0.9999998214886734,0.9999999968713383,0.9999980065404631,0.9999915275964442,0.998784128397691,0.999120150507204,0.0001072109111145887,0.038952568874397915,0.9985662304185111
0.9999994981054793,0.9999987956855425,0.9999993230506607,1.0,1.0,0.9999999997951363,0.9999999850558796,0.9999999484850846,0.9999999994010835,0.9999994671590428,0.999999987693002,0.999999999884551,0.9999999782470045,0.9999551960061858,0.9995153653721163,0.9996361204430211,0.9999966375408719,0.00041373105971753547,0.9996351360713097
0.9999998170721537,0.9999996190364457,0.9999997769807969,1.0,1.0,0.999999999228976,0.9999996158360346,0.999999828200871,0.9999999982822204,0.9999997660204362,0.9999991216623861,0.9999999998489102,4.549868495062871e-06,0.9999852196052282,0.9993893767637702,0.9986030597096165,0.00034360208342813266,0.00028673083909887026,0.9995198281101536
0.9999998883555811,0.999999748842146,0.9999998588064145,1.0,1.0,0.9999999998626663,0.9999978647079989,0.9999998956859227,0.9999999996871197,0.9999998579509354,0.9999973104421758,0.9999999997520632,0.999998862733115,0.9995779432773771,0.9910172182853454,0.9925526458365488,2.0123306636503732e-06,2.839957601161837e-05,1.286355278709373e-07
0.9999968503778126,1.0565942822261697e-10,0.9999963138957934,1.0,1.0,0.9999999861835677,0.9999992731153298,0.9999971604294686,0.9999999787584815,0.9999942018628595,0.9999990876638135,0.9999999971053058,7.2819269481610206e-06,0.9999888112443316,0.9995518731323598,0.99968705616257,0.3034092908790209,0.0006485845593870028,0.9995540832755514
0.9999964900246777,5.4942957842896825e-11,0.9999958863467725,1.0,1.0,0.9999999971628172,7.948362601956728e-06,0.9999944764604929,0.9999999956150704,0.9999967186671886,0.9999992508331381,0.9999999953647035,0.9999997866861833,0.9999875553574075,0.9992902943349236,0.999319255952653,0.021162692767344986,0.02498734772151799,0.9992895884197647
0.9999929960483483,0.9999819096311545,0.9999914609206473,1.0,1.0,0.9999999979128235,0.9999995015985198,1.3968714676713794e-12,0.9999999958448741,0.9999934538233894,0.9999987171514833,0.999999996901778,0.9999998461422143,0.9999933777816917,0.9990316965461815,0.9990993480459479,0.021049933599321776,1.4289358429952983e-05,0.9990517251203014
0.9999994999530032,0.999998553650906,0.999999367533918,1.0,1.0,0.9999999995509086,0.9999999561176348,0.9999991838486357,0.9999999997356782,0.9999995155411663,0.9999999658314358,0.9999999998671569,0.9999999711506153,0.9999865305569303,0.9970240548121039,0.9972494256622115,0.0020208776172986895,4.534898985871322e-07,0.995835572576388
0.9999996649297451,0.999999273076321,0.99999957638605,1.0,1.0,0.9999999996370832,0.9999999224993874,0.9999995894116571,0.9999999993151931,0.9999996748523717,0.9999990232778028,0.9999999996963994,0.9999992091789808,0.9999869525240787,0.9988188056988407,0.9989080935538607,1.7247631011910443e-07,4.5370227678801184e-07,0.9988417585765383
0.9999998793351141,0.9999997673150589,0.999999853065159,1.0,1.0,0.9999999997981633,0.9999927590812484,0.9999998519376131,0.9999999996763904,0.9999998825834452,6.054367823807435e-06,0.9999999997651798,0.9999997485566926,0.9999841496146847,0.999203469449613,0.9991908986116155,0.0008194555932094456,0.0016244004557675392,0.9992021762364025
0.9999997473493103,0.9999994153536282,0.9999996595379214,1.0,1.0,0.9999999995988986,0.9999999923112598,0.9999997414143615,0.9999999990589147,0.9999999706866594,0.999999773268951,0.9999999999117222,0.9999999855109537,0.9999702629264665,0.9995378671364255,0.9994860373579828,0.9999991799779432,2.836877965084369e-08,0.9995493837319087
0.9999995543542467,0.9999990330900473,0.9999994364516195,1.0,1.0,0.9999999998037907,0.999999954554782,0.9999994542448218,0.9999999995378346,0.9999995678146061,0.9999999697113969,0.9999999999477609,0.9999999692874161,0.9999857992026256,0.998033348024066,0.9980334952808452,3.3207172650589375e-06,5.401462713000105e-05,0.9980962568909711
0.9999997767213779,0.9999995156163842,0.9999997176891186,1.0,1.0,0.9999999997341292,0.9999999439412067,0.999999726519386,0.9999999994398934,0.9999997833206558,0.9999976624847342,0.9999999998612878,0.9999998610171968,0.999989090581771,0.9991097664557389,0.9991396435023884,2.2432781225993558e-08,5.403036070353067e-05,0.9985527905340711
0.9999999987124683,0.9999999990363051,0.999999997515019,1.0,1.0,0.9999999990099014,0.9999998043409356,0.9999999991399876,0.9999999976842987,0.9999999992003837,0.999999400319505,0.9999999983684802,0.9999999999997585,0.9987528265102488,0.00017721347604887736,0.9837307263995069,8.2948447461335e-08,8.60086729382552e-07,0.9856856255612529
0.9999999973952926,0.9999999978380744,0.9999999937261351,1.0,1.0,0.9999999978280983,0.9999999965441903,0.9999999982358361,0.9999999941601915,0.9999999983573106,0.9999999898665238,0.9999999988852012,0.9999999999996874,0.9999867086684547,0.9990032092317361,0.9987836581461015,0.0009833015061488776,5.44178776529494e-07,0.9986268677762283
0.9999999615762797,0.9999999722670485,0.9999999209586609,1.0,1.0,0.9999999676424812,0.9999999989880167,0.9999999758999824,0.9999999079966003,0.9999999792033523,0.9999999995656168,0.9999999990131841,0.9999999999992895,0.999996415637242,0.9992800484631505,0.9991649676310853,8.64327283253078e-06,0.02155054180487756,0.9990543120983547
5.038311162421675e-12,0.9999999856144514,0.9999999683554966,1.0,1.0,0.9999999848938617,0.9999999700874304,0.9999999875488613,0.9999999335685623,0.9999999887729559,0.9999998996301309,0.9999999866399208,0.9999999999980531,0.9999932329387095,0.9990927632098708,0.9993325246530098,2.608928055772993e-09,0.00031632432733867975,0.9993082409866506
0.9999999448524208,0.9999999536578639,2.1583053703594222e-11,1.0,1.0,0.9999999497333945,0.9999998532170731,0.9999999608917286,0.9999998044787098,0.9999999638276484,0.9999992839604637,0.9999999949657054,0.9999999999974137,0.9999933047405876,0.9990105861429235,0.9988957591839653,1.1264107761428778e-06,1.1776379885985545e-05,0.9989311754794176
0.9999998791750857,0.9999999112152307,1.079152631231061e-12,1.0,1.0,0.9999999102138345,0.9999999993982982,0.9999999105722179,0.9999992986560118,0.9999999214396698,0.9999999810736144,0.9999999957181417,0.9999999999961489,0.9999988725224928,0.9997365640942311,0.9997065560703631,0.9999999993879954,0.40898789289335585,0.9996089581833246
0.9999999888150485,0.9999999931411169,0.9999999654536686,1.0,1.0,0.9999999903083961,0.999999999535092,0.999999992281346,0.9999999367820342,0.9999999930102207,0.9999999995999644,0.9999999996833111,0.9999999999999291,0.9999966984510781,0.9993157600273734,0.9992393444125258,0.9999999946564345,0.044717721739914056,0.9993497471471103
0.9999999985702176,0.9999999982745749,0.9999999974131556,1.0,1.0,0.9999999985811456,0.9999995324469878,0.999999998897195,0.9999999973020836,0.9999999993417532,0.9999999517121138,0.9999999989126424,0.9999999999987352,0.9999877032891539,0.9988438667428167,0.9993445996502207,3.359854763827485e-06,1.2620322914748597e-06,0.999458435224403
0.9999999506633527,1.740663860578148e-11,0.9999999242623432,1.0,1.0,0.9999999518627914,0.9999996190694149,0.9999999607735796,0.9999998988668944,0.9999999849599278,0.9999995637997429,0.9999999868066568,0.999999999994543,0.9999981383521109,0.9998092513652589,0.9997697481641099,1.258618609075855e-07,0.0001206883390057665,0.9997562800749236
0.9999999967482439,0.9999999973848902,0.9999999961615346,1.0,1.0,0.9999999978681586,0.9999999378056563,0.9999999983295284,0.999999991845158,0.9999999986648618,0.9999999924545763,0.9999999993489581,0.9999999999998864,0.9998811061906493,0.9995389472967472,0.9994168529161053,3.630262511723863e-05,0.00020525874234792667,0.9994546770489969
0.9999999946582251,0.9999999935324412,0.9999999907715279,1.0,1.0,0.9999999949406232,0.9999999684667819,0.9999999959606215,0.9999999670044138,0.9999999970452224,0.9999999872288897,0.99999999949236,0.9999999999997016,0.9999897043733564,0.9991986228846991,0.9990546723212701,1.2285028030338906e-05,6.661514641059434e-05,0.9991212601542672
0.9999999954895032,0.999999994185501,0.9999999888236603,1.0,1.0,0.9999999940470589,0.9999999905162441,0.9999999954063555,0.9999999929015219,0.9999999957436502,0.9999999936108851,0.999999998597815,0.9999999999998579,0.9999886655299858,0.9986658695148879,0.9985842586235977,0.005352274692368053,1.6220239915700678e-06,0.998788775891844
0.9999999949927628,0.9999999950238135,0.9999999955496578,1.0,1.0,0.9999999951044743,0.9999999967972429,0.9999999961123082,0.9999999816749894,0.9999999963516616,0.999999989273917,0.9999999996303047,0.9999999999996874,0.9996934133811899,0.9989237286607259,0.9989778741215954,0.03401452026816277,5.4871069993268096e-05,0.9988319242621279
0.9999999552931069,0.999999944629083,0.9999999251617055,1.0,1.0,0.9999999450747781,0.999999708923397,0.9999999544325828,1.1406331538301779e-11,0.9999999571552688,0.9999999498614485,0.9999999959243696,0.9999999999940599,0.9999642517286497,0.9994449008353451,0.9994912850258887,0.001060868566617835,0.00021841146353726432,0.9994337176059277
0.9999999975524362,0.9999999972985593,0.9999999943240853,1.0,1.0,0.9999999967589163,0.9999999391336606,0.9999999977445385,0.9999999856605514,0.9999999979865352,0.9999999932953757,0.9999999986914504,0.99999999999811,0.9999857468972921,0.9990712024153072,0.9989835339656669,0.050868190064978044,3.9554363063573194e-07,0.9992089131119749
0.9999999765459936,0.9999999758284307,7.194352173130946e-12,1.0,1.0,0.9999999760203199,0.9999999528389492,0.9999999799852193,0.9999999261429223,0.9999999812563802,0.9999999277579006,0.9999999858826955,0.9999999999993179,0.9999877573227791,0.999464145455014,0.9993497282317677,0.0851004372054219,0.0002445604049435034,0.9994159983558547
0.999999997137124,0.9999999970522852,0.9999999941527734,1.0,1.0,0.9999999970645918,0.9999999535737072,0.9999999976513294,0.9999999925307038,0.9999999978283826,0.9999993999319894,0.9999999983033518,0.9999999999982521,0.9999929950727374,0.9994094317236522,0.9989413461601029,1.1422749263310042e-08,6.523459649488691e-07,0.9993540894379143
0.9999999985298446,0.9999999985840732,0.9999999971965253,1.0,1.0,0.9999999964690433,0.9999999994053469,0.9999999977875974,0.9999999961719795,0.9999999988994546,0.999999999189086,0.9999999994363833,0.9999999999999432,0.9999803897077272,0.9973104661873946,0.9950129276550507,0.9999997752337006,0.9999996144129886,0.9972755396179525
0.999999997588347,0.999999997651571,0.9999999955544611,1.0,1.0,0.9999999974015453,0.9999999995510224,0.9999999968326563,0.9999999950091195,0.9999999982035632,0.9999999990851052,0.9999999996368416,0.9999999999999147,0.9999854024432504,0.9937093987694043,0.9954712376383438,0.9999997691894844,0.9999990804809151,0.994219337665232
0.9999999844365706,0.9999999856740801,0.9999999753307381,1.0,1.0,2.645113383685087e-12,0.999999965777264,0.9999999928054707,0.9999999827873014,0.9999999874384288,4.2066324222750237e-07,0.9999999896910624,0.9999999999981526,0.9999934709239807,0.9976513045309459,0.997983802913387,0.9999991808359513,0.9999991078037597,0.9970353073423757
0.9999999975871675,0.9999999976532196,0.9999999955628739,1.0,1.0,0.9999999974025969,0.9999999997615845,0.999999996834049,0.9999999950105406,0.9999999982066896,0.999999990851734,0.9999999994377333,0.9999999999999147,0.99998292812358,0.9923751030605976,0.9939593182812555,0.9999998716149688,0.9999991088506867,0.9923050321220779
0.9999999976006394,0.9999999976685104,0.9999999955858813,1.0,1.0,0.9999999954165447,0.9999999990738503,0.9999999968456167,0.9999999950376265,0.9999999982164526,0.9999999985852527,0.9999999994076774,0.9999999999999432,0.9999798449887144,0.9983123589139732,0.9979586350978853,0.9999999991692903,0.9991134928655107,0.9984026023760008
0.9999999976974295,0.9999999977257517,0.9999999958104554,1.0,1.0,0.9999999955126385,0.9999999998456701,0.9999999969077749,0.999999996224645,0.9999999983296136,0.9999999987347793,0.9999999991117647,0.9999999999999147,0.9999824539131079,0.9896741623343065,0.9891172889173548,0.999999258813053,0.9999998695214828,0.9898234910094003
0.9999999975963618,0.9999999976617603,0.9999999955755215,1.0,1.0,0.9999999954103204,0.9999999990381809,0.9999999968423766,0.9999999971100523,0.9999999982137666,0.9999999990015738,0.9999999993601136,0.9999999999999291,0.9999824539131079,0.991915278424661,0.9936345115727209,0.999999681090466,0.9999991196445318,0.9891952345131778
0.9999999975890007,0.999999997662883,0.9999999955601028,1.0,1.0,0.999999998438014,0.9999999997736495,0.9999999968359391,0.9999999961102476,0.9999999982068603,0.9999999988348236,0.9999999992101465,0.9999999999999291,0.9999837805188052,0.9914969992111693,0.9932066614184737,0.9999994527125514,0.9999991196366306,0.9913424405755253
5.4859474416690426e-12,0.9999998611210924,0.9999998762126487,1.0,1.0,0.999999596642407,0.9999996540834276,0.9999998984282196,0.9999998790538245,0.9999998964431197,0.9999930132994379,0.999999819187098,0.9999994681210177,2.9576815236459754e-09,0.9973113217672495,0.9967588202921157,0.9995672819317507,0.8171133696661179,0.9972304077420603
0.9999988192197273,5.839489929096589e-10,4.707664505363908e-10,1.0,1.0,0.9999970025301385,0.9999942432003344,0.9999988973583922,0.9999989861928805,0.9999988548628116,7.233182522549096e-09,0.9999971184793729,0.9999853855960734,0.9999985223636945,0.9997180003042858,0.999676877987435,0.9998445641694927,0.9876355875098556,0.9997914564769165
0.9999999837615265,0.9999999729860893,0.9999999806088058,1.0,1.0,0.9999999543672697,0.9999999993814015,0.9999999863922256,0.9999999979117149,0.9999999931401079,0.9999999439286585,0.9999996955075157,0.9999999228961259,0.999992828196507,0.9876104238613288,0.9842103499524659,0.29353956525340785,0.9999619025807841,0.9880565395942226
0.9999999835720816,0.9999999725073114,0.9999999809184745,1.0,1.0,0.9999999538709272,0.9999999998999698,0.9999999862054666,0.9999999979207247,0.9999999880723324,0.9999999938201399,0.9999996998091969,0.9999999524642375,0.9999922467034292,0.9959471223311523,0.9969286281818404,0.43498934405836276,0.9999994245658805,0.9970364465361703
0.9999999775163676,0.9999999663587296,0.9999999762702604,1.0,1.0,0.9999999172786608,0.9999999990379251,0.9999999850454488,0.9999999927510573,0.9999999841441538,0.9999999765872761,0.9999999640560879,0.9999999812220894,0.9999633026098976,0.9975978229261726,0.9976915724759213,0.9999332601862151,0.07943042424956542,0.9976546135834299
0.9999998116244662,0.999999698461653,0.9999997751767293,1.0,1.0,6.856109187045225e-13,0.9999999987057465,0.9999998441004132,0.999999977103116,0.9999998541364015,0.9999999726906457,0.9999984224734044,0.9999989795191147,0.9999970286113986,0.9996640500326008,0.9996527327803492,0.9999770625214632,0.9999999094019257,0.9995860680751704
0.9999999840790539,0.9999999725465476,0.9999999804764601,1.0,1.0,0.9999999605848026,0.9999999993303419,0.9999999866312238,0.9999999980802556,0.9999999879274811,0.9999999928057265,0.999999920987452,0.9999999229396538,0.9999922520709837,0.9992233137853915,0.9991615145352329,0.9997571489861937,0.9999999750625083,0.9992086612138026
0.9999997554846816,2.3225493680835627e-11,0.9999997562583487,1.0,1.0,0.9999986914596413,0.9999990738874257,0.9999998009539922,0.9999997026165363,0.9999998050306451,0.9999990638556516,0.9999998361685406,0.9999995089636895,0.9999926977067611,0.9988440549475681,0.9992810363282295,0.00011516356292764022,0.01672218571498963,0.999248673580764
0.9999999917487089,0.9999999885840795,0.9999999936836305,1.0,1.0,0.9999999546484741,0.9999999701275618,0.9999999941345977,0.9999999898482771,0.9999999951791382,0.9999994492322583,0.9999999949995698,0.9999999739839329,0.9999811285255115,0.9997435245289821,0.9997787230163384,0.035693283560290084,1.6899597341393036e-05,0.9997683407017668
0.9999999947546031,0.9999999920406851,0.9999999960873539,1.0,1.0,0.9999999845035605,0.9999999345698591,0.9999999965055509,0.9999999949998967,0.999999996333358,1.907849349728358e-06,0.9999999906567326,0.9999999412932414,0.9999914326712588,0.9981961802272215,0.9978859313033877,0.9998735315629638,0.012949196785873892,0.9978974621484741
0.9999999849571425,0.9999999768383535,0.999999988711295,1.0,1.0,0.9999999506883496,0.9999999941514376,0.9999999905034259,0.9999999874169135,0.9999999905107729,0.9999999349223168,0.9999999962521856,0.9999999833917033,0.9999692848144465,0.9998362466253475,0.9998088995923479,0.9999908549560609,0.15406947192346931,0.999826251763092
0.9999998524607857,0.9999998371552428,0.9999998775852323,1.0,1.0,0.9999992451934794,0.9999995140601117,0.9999999072247662,4.789027748464394e-13,0.9999999229267503,0.9999797665272673,0.9999999877599067,0.999999196210023,0.9999851001108091,0.9991549177872725,0.9991956143270058,0.9885535597267868,0.0007120458109501835,0.9988892288431616
0.9999999766298945,0.999999971082659,0.999999979116183,1.0,1.0,0.9999999137105429,0.9999999433103443,0.9999999897890747,0.9999999841323588,0.999999982322848,0.9999994832224303,0.9999999973868938,0.9999999883357732,0.9999720214185556,0.9985429548754151,0.9985722798241223,1.563168648705344e-05,0.0005227259890187899,0.9985433514697348
0.9999998328037945,0.9999998162702496,0.9999998588165184,1.0,1.0,1.2243042044485074e-12,0.9999999145441231,0.9999999132708732,0.9999998953313336,0.9999998875954993,0.9999985806731485,0.9999998366674269,0.9999994368772059,0.9999830071490529,0.9995885908054535,0.999720818663882,0.9998346056410268,0.1537822028906886,0.9996433244791932
0.9999999894621682,0.9999999903855469,0.9999999929557505,1.0,1.0,0.999999933830781,0.9999999892475132,0.9999999926473323,0.9999999851736591,0.9999999933302776,0.9999992965123626,0.999999991851425,0.9999999842457898,0.9999887088301834,0.9988165935453847,0.9987155546641633,0.4419450493819181,0.4929259049948999,0.9989230625942437
0.9999999911673997,0.9999999900381057,0.9999999934257034,1.0,1.0,0.9999999490350588,0.9999999879598392,0.9999999940546759,0.9999999904766385,0.9999999937565606,0.9999997555666498,0.9999999903884743,0.9999999915020369,0.9999867341257971,0.9975729064936583,0.9976072732080136,0.09774360408688605,0.033619247476336434,0.9971210962936761
0.9999999861952348,0.9999999870327373,0.9999999883433902,1.0,1.0,0.999999927875808,0.9999999773878304,0.9999999916285277,0.9999999909911425,0.9999999911580205,0.9999998172044425,0.9999999966219663,0.9999999789419863,0.9999828758887533,0.996933983878161,0.9966258484359721,0.8310529047594439,0.052375466366092936,0.9966641037602838
0.9999999847233314,0.9999999837928331,0.9999999879440936,1.0,1.0,0.9999999306300846,0.9999999636876005,0.9999999902992586,0.9999999902022411,0.9999999890356436,0.9999998007995913,0.9999999961198541,0.999999961416777,0.9999619390892539,0.997147382341594,0.9972093136992822,0.9925720303317505,2.645025220527222e-07,0.9972315487945906
0.9999999902932474,0.9999999895374431,0.9999999926453854,1.0,1.0,0.9999999454128685,0.9999999652241065,0.9999999945444388,0.9999999896179049,0.9999999935637477,0.9999996647168382,0.9999999966935179,0.9999999847730694,0.9999729618046799,0.9990405356763876,0.9990958106195718,0.1663095672857162,3.0146679425287086e-07,0.9992034455794417
0.999999993028638,0.9999999916807526,0.9999999940628471,1.0,1.0,0.9999999849045624,0.9999996645079529,0.999999995560117,0.9999999948842345,0.9999999956149993,0.9999876308121308,0.9999999965260998,0.9999999337729855,8.428902578408117e-12,0.9947231584211269,0.9950429950521449,0.9308503326629537,3.598865255955573e-05,0.9933848513188924
0.9999999833634379,0.9999999805088182,0.9999999863312042,1.0,1.0,0.9999999308676617,0.9999999697267731,0.9999999898952866,0.9999999901744588,0.9999999890174253,0.9999997162594786,0.9999999966321697,0.999999958224735,0.9999668657307136,0.9940562876470611,0.9947700816822727,0.9712571405162281,2.6611278714522183e-07,0.9943485799498518
0.9999999965711909,0.9999999952914324,0.9999999965153991,1.0,1.0,0.99999999275083,0.9999999757942536,0.9999999974412503,0.9999999989528875,0.9999999971773265,8.056173832285818e-08,0.999999990210256,0.9999999115028442,0.9999392120748719,0.9998971582946451,0.9998517262460728,0.9999210643642378,0.9999992897358929,0.999904924753769
0.9999999833606241,0.9999999805095146,0.9999999862967998,1.0,1.0,0.9999999305919995,0.9999999832749895,0.9999999898736861,0.9999999901986315,0.9999999896581216,0.9999997018099994,0.9999999972603605,0.9999999725139905,0.9999659453657,0.999416627706043,0.9993372192567195,0.9999128291401164,1.529874124780945e-06,0.999429831794755
0.9999999866788302,0.9999999849747641,0.9999999889671615,1.0,1.0,0.9999999241698021,0.9999999816651697,0.9999999918577488,0.9999999939081478,0.9999999911131426,0.9999999018952841,0.9999999988771578,0.9999999882940075,0.9999636219288969,0.9962164018526033,0.9956217424451734,0.9963408869742828,0.0025451423672717727,0.9963572218466386
0.9999999866363966,0.9999999850142418,0.9999999889340075,1.0,1.0,0.9999999229000908,0.9999999885037313,0.9999999918488102,0.9999999924464761,0.9999999910792924,0.9999998902199881,0.9999999987311554,0.9999999874379456,0.9999663723151447,0.9963911460180876,0.9967520228769435,0.996341047581961,0.002547052385000512,0.9955227889173154
0.9999999778105891,0.9999999664268564,0.9999999644495154,1.0,1.0,0.9999997754487961,0.9999999968975858,0.999999968597877,0.9999997904137323,0.9999999786621036,0.9999999999146639,0.9999999749463772,0.9999996620364445,0.9999652212263429,0.9964700738390552,0.9956125577490754,0.9859375193612877,0.15871603566789844,0.9958456883896996
0.9999999371177515,0.9999999068674343,0.9999999044507792,1.0,1.0,0.9999997101826773,0.9999999971195308,0.9999999254532697,0.999999680523112,0.999999937671989,0.9999999999700862,0.9999999904849518,0.9999989636549854,0.999994197022642,0.9972707648394331,0.9969778547134962,0.9985086814204939,0.8769052311510267,0.9972526490464289
0.9999999446833117,0.9999999187113564,0.9999999185536443,1.0,1.0,0.9999996366147407,0.9999999907638825,0.9999999365528701,0.9999996680269715,0.9999999484713427,0.9999999998633626,0.9999999885721566,0.9999992756415347,0.9999943420962911,0.9984464715614064,0.9984556127698697,0.985437585307969,0.8422794350263461,0.9983551879358356
0.9999997840339553,0.9999996757251879,0.9999994316890531,1.0,1.0,0.9999952536209042,0.9999999997701821,0.9999995378368924,0.9999976548672792,0.9999998130572896,0.9999999999908908,0.9999999943871672,0.9999989130880006,0.99999988748447,0.9968734639183461,0.9980223062799621,0.9771068026812085,0.9998588230202559,0.9981332213714589
0.9999999136435529,0.9999998652597049,0.9999998740071812,1.0,1.0,0.9999994816015979,0.9999999975634353,0.9999998914470811,0.9999992964484707,0.9999999244322055,0.9999999999360654,0.9999999861157961,0.9999993818409713,0.9999977460755751,0.9981052748057474,0.9979391925218453,0.9976249444981258,0.16609775372913535,0.9980279525252802
0.9999978212040763,0.9999969122811401,0.9999949606936909,1.0,1.0,5.740030689286591e-12,0.9999999975219965,0.9999953570030796,0.999984589776723,0.999997985407373,0.9999999995473702,0.9999999518104529,0.9999805718222726,0.9999999235802223,0.9997818955318887,0.9997530290870207,0.999999347741308,0.9999910696320743,0.9997076465326824
0.9999978191333461,0.9999969154688807,5.8237938096292474e-12,1.0,1.0,0.9999791977420882,0.9999999778878536,0.9999962895798887,0.9999900019972765,0.9999979923925908,0.9999999998817231,0.9999999614927767,0.9999823801142111,0.9999999236331293,0.9996161172512966,0.9995603099186436,0.9999961741582126,0.9999986331302145,0.999587426341618
0.9999995944041699,8.94367498179506e-11,0.9999994035954176,1.0,1.0,0.9999988512186553,0.999998110984344,0.9999994854270727,0.9999990844307476,0.9999996488691401,0.9999999915769423,0.9999999383458535,0.9999411604033885,0.9999677770582359,0.9995513283937768,0.9996460976412294,0.0006694495969048986,0.008401384045989372,0.9996458180892046
0.999999947132936,0.9999999017340335,0.9999999225670311,1.0,1.0,0.9999996739289222,0.9999999795720529,0.9999999160432971,0.9999997531061829,0.999999952265655,0.9999999948121144,0.9999999818201959,0.9999990339894088,0.9999868001733663,0.9982612567872875,0.9980996632874712,5.8968695547221214e-05,0.013413787047870843,0.9981261602750829
0.9999999711174046,0.9999999442617752,0.9999999593415945,1.0,1.0,0.9999998596993961,0.9999999504627239,0.9999999622158108,0.9999998207529065,0.9999999709654337,0.9999999994530384,0.9999999882825393,0.9999997542494601,0.999977546228468,0.997214642698105,0.9969960190726852,0.9971388254826491,0.6185433656825388,0.9969394166390989
0.9999999832677704,0.9999999683649753,0.999999975681661,1.0,1.0,0.9999999560132419,0.9999996298011642,0.999999979320606,0.9999999630180562,0.9999999839745046,0.9999999946401205,0.9999999899203403,0.9999989967109773,0.9999885657699267,0.9993613157424044,0.9993403321203447,5.315937814457184e-11,0.6770186961985771,0.9993326743635723
0.9999999667848135,0.9999999437844752,0.9999999465026136,1.0,1.0,0.9999998586859917,0.9999996727085086,0.9999999299644767,0.9999999080792222,0.9999999651769407,0.9999999651149387,0.9999999830993149,0.9999983055228515,0.9999925231094972,0.9994907498150458,0.9995083987141153,5.226635218728723e-05,7.61035310761013e-06,0.9994707124265878
0.9999999665876947,0.9999999504904067,0.999999951778649,1.0,1.0,0.9999998488113534,0.9999999753248975,0.9999999626448365,0.999999887948639,0.9999999704089082,0.9999999988471587,0.9999999876813633,0.9999997727769713,0.9999807164100463,0.9992826227377882,0.9992842204268405,0.002832937153096017,0.003717641083751399,0.9992183935738891
0.9999999679469914,0.9999999527231024,0.9999999541333449,1.0,1.0,0.9999999101081484,0.9999996259412701,0.9999999691068956,0.9999999127526319,0.9999999725839932,0.9999999953903683,0.9999999899732189,0.9999994271716808,0.9999887288168856,0.9986363575857566,0.9988531864929253,0.000523929386706196,0.0002694941254569944,0.998930352174664
0.9999999445029759,0.9999999151396574,0.9999999142399398,1.0,1.0,0.9999995733038447,0.999999876646705,0.9999998707943063,0.9999996881582891,0.9999999433182313,0.9999999982359357,0.9999999792593288,0.9999991389890125,0.9999787394853413,0.9989421019342869,0.9989929765923068,0.6257915110783729,0.00018607264671869587,0.9989355909785561
0.9999999700420267,0.9999999554770947,0.9999999574650938,1.0,1.0,0.9999999102182257,0.9999999139193145,0.999999939948312,0.9999999337275534,0.9999999718144328,0.9999999952765394,0.9999999821196754,0.9999947340529854,0.9999869212088229,0.9989522241018028,0.9989610493021789,1.6213410623723523e-05,0.0004367913745797563,0.9988646704625037
0.9999999801349875,0.999999970640403,0.9999999720285193,1.0,1.0,0.9999999500296908,0.9999999468451662,0.9999999711879757,0.99999996936667,0.9999999812670526,0.9999999953478494,0.9999999852682607,0.9999945807090047,0.9999925734640066,0.9985776020158337,0.9980213541636463,0.0013215097604068837,0.005526781613587193,0.9984723065971487
0.9999999642838737,0.9999999450495396,0.9999999471819067,1.0,1.0,0.999999925153719,0.9999990783978758,0.9999999538713962,0.9999999336781138,0.9999999651157203,0.9999999423535558,0.9999999667022058,0.9999757252947905,0.6629599921053795,0.9918778476371695,6.933467383111143e-07,1.3553470255319593e-06,0.003656319801704997,0.9916871751906731
0.9999999519629638,0.9999999202813431,0.9999999255222917,1.0,1.0,0.9999998852441148,0.9999998526996843,0.9999999244509781,0.9999998826278257,0.9999999490178921,0.9999999615075986,0.9999999952082989,0.9999952855147716,0.9802652146403102,0.9995984538197418,0.99978462676601,2.655661688910744e-05,7.316148617087592e-05,0.9996422191206309
0.9999999206608866,0.9999998986719926,0.9999998776020864,1.0,1.0,0.999999673426995,0.9999999839148759,0.9999999015568242,0.9999997564692236,0.9999999220788172,0.9999999977732017,0.9999999644844741,0.999999089695168,0.9917586979925987,0.9993034420526168,0.9994198579649014,0.004293711308977352,0.0002951312667853717,0.9986562143793065
