Index,Attribute
78,birthyear
220,birthplace
235,birthyear
261,birthplace
269,birthyear
307,birthyear
322,birthplace
409,birthyear
437,birthplace
524,birthyear
534,birthplace
593,birthyear
604,birthplace
606,birthplace
613,birthplace
628,birthyear
687,birthyear
711,birthplace
746,birthplace
765,birthyear
792,birthyear
832,team
839,birthyear
888,birthplace
897,team
932,birthplace
933,team
1020,team
1058,birthplace
1094,birthplace
1099,birthplace
1149,birthyear
1165,team
1168,birthplace
1175,birthplace
1219,birthyear
1228,birthplace
1232,birthplace
1238,birthyear
1262,birthplace
1264,birthplace
1281,birthyear
1292,birthplace
1306,team
1309,team
1318,birthyear
1318,team
1342,birthyear
1361,birthyear
1389,team
1392,team
1418,team
1425,birthyear
1432,team
1452,team
1465,team
1487,team
1500,birthplace
1525,team
1540,birthyear
1544,birthyear
1550,birthplace
1554,team
1567,team
1589,birthyear
1630,birthplace
1703,birthyear
1738,birthplace
1740,birthplace
1743,birthyear
1743,team
1745,birthyear
1774,birthplace
1791,birthyear
1835,birthplace
1844,birthyear
1871,birthyear
1871,team
1894,birthyear
1896,team
1908,birthplace
1910,birthplace
1960,team
1964,birthyear
1972,birthyear
1973,birthplace
2008,birthyear
2019,birthplace
2029,team
2056,birthyear
2068,birthplace
2071,birthyear
2141,team
2202,team
2211,team
2232,birthyear
2253,birthyear
2269,team
2290,team
2297,birthplace
2301,birthplace
2317,team
2342,team
2350,birthplace
2362,team
2388,team
2391,birthyear
2397,team
2452,birthyear
2467,birthyear
2473,birthplace
2481,team
2506,birthplace
2517,birthyear
2521,birthplace
2531,birthyear
2556,team
2560,birthplace
2584,birthyear
2602,birthyear
2620,birthyear
2628,birthplace
2639,team
2668,birthplace
2725,birthyear
2734,birthyear
2763,birthplace
2806,team
2813,team
2822,birthyear
2826,birthplace
2843,birthyear
2843,team
2896,birthplace
2907,birthplace
2911,team
2912,team
2922,team
2926,birthyear
2938,birthyear
2962,team
2968,team
2974,birthplace
2988,team
3004,birthyear
3007,birthplace
3011,birthplace
3025,team
3028,birthplace
3049,birthplace
3056,birthyear
3063,birthyear
3068,birthplace
3083,team
3131,team
3134,birthplace
3135,birthplace
3139,birthplace
3142,birthyear
3142,team
3153,birthplace
3174,birthyear
3218,birthplace
3251,birthplace
3264,team
3266,birthplace
3274,birthyear
3275,birthyear
3294,birthplace
3300,team
3310,birthyear
3332,team
3333,birthplace
3369,birthplace
3386,birthyear
3399,birthplace
3407,team
3411,birthplace
3418,team
3419,birthplace
3460,birthyear
3480,team
3483,birthyear
3495,team
3502,team
3515,birthyear
3544,birthplace
3582,birthyear
3585,birthyear
3585,team
3605,team
3606,birthplace
3613,team
3625,birthplace
3627,birthyear
3657,birthplace
3660,birthyear
3670,team
3708,birthplace
3746,team
3759,birthyear
3768,birthplace
3847,birthplace
3878,team
3889,birthplace
3901,team
3916,birthplace
3917,birthyear
3956,birthyear
3973,birthyear
4056,birthplace
4066,birthyear
4126,birthyear
4137,team
4165,birthplace
4168,team
4191,birthplace
4203,team
4204,team
4253,birthyear
4266,birthyear
4271,team
4278,team
4289,birthplace
4326,team
4337,birthplace
4369,birthplace
4370,birthyear
4417,birthyear
4441,birthplace
4472,birthplace
4479,birthyear
4500,birthyear
4509,birthyear
4513,birthplace
4516,team
4537,birthyear
4549,team
4578,birthyear
4580,team
4592,birthplace
4617,birthyear
4621,birthplace
4664,team
4667,birthplace
4684,birthyear
4701,birthplace
4724,team
4733,team
4735,team
4748,birthyear
4785,team
4790,birthyear
4791,birthplace
4808,team
4819,birthplace
4871,birthyear
4882,birthyear
4904,team
4914,birthyear
4916,birthyear
4917,birthplace
4945,team
4961,birthplace
4985,birthyear
5003,birthplace
5039,birthyear
5047,team
5053,birthplace
5082,birthplace
5083,birthyear
5102,team
5118,birthyear
5118,team
5141,team
5148,birthyear
5152,birthplace
5213,birthplace
5344,birthplace
5368,birthplace
5385,birthplace
5394,team
5446,birthyear
5462,birthyear
5467,team
5473,birthplace
5481,team
5504,birthyear
5504,team
5521,birthplace
5531,birthyear
5559,birthplace
5565,birthplace
5578,team
5598,birthyear
5613,team
5623,birthyear
5626,birthyear
5687,birthplace
5700,birthyear
5716,birthplace
5764,team
5768,birthplace
5818,birthplace
5839,team
5868,birthplace
5888,birthplace
5892,birthplace
5916,team
5917,birthyear
5926,birthyear
5926,team
5934,birthplace
6000,team
6010,birthyear
6018,birthyear
6023,birthplace
6070,birthyear
6101,team
6135,team
6148,team
6150,birthyear
6182,birthyear
6187,birthplace
6214,birthyear
6230,team
6234,birthplace
6252,birthplace
6282,birthyear
6282,team
6283,birthyear
6307,birthyear
6307,team
6308,birthplace
6324,team
6342,birthplace
6362,birthyear
6377,birthplace
6381,birthplace
6395,team
6397,birthplace
6406,birthyear
6442,birthyear
6478,birthyear
6482,birthplace
6486,birthyear
6510,birthyear
6522,birthplace
6528,birthplace
6535,team
6536,team
6592,birthplace
6597,team
6601,birthyear
6601,team
6653,birthplace
6723,team
6734,birthyear
6738,birthyear
6785,team
6818,team
6850,team
6859,team
6921,birthyear
6928,birthyear
6933,team
6947,birthplace
6948,birthplace
6961,birthplace
7057,birthyear
7057,team
7061,team
7097,birthplace
7099,team
7120,team
7126,team
7133,birthplace
7137,birthyear
7138,team
7157,birthplace
7159,birthyear
7159,team
7168,birthplace
7188,birthyear
7190,birthyear
7192,team
7233,birthplace
7280,birthplace
7292,birthplace
7310,birthplace
7348,birthyear
7387,birthplace
7399,birthyear
7403,birthplace
7511,team
7513,team
7529,team
7550,birthplace
7577,birthplace
7583,birthplace
7608,birthplace
7612,birthplace
7622,birthyear
7622,team
7640,team
7650,team
7657,birthplace
7697,birthyear
7711,birthyear
7742,birthplace
7755,team
7756,team
7817,birthyear
7826,birthplace
7838,birthyear
7839,team
7857,team
7863,birthplace
7864,birthplace
7871,birthplace
7890,birthplace
7893,team
7930,birthplace
7934,birthyear
7958,birthyear
7963,birthplace
7968,birthplace
7978,birthplace
7999,team
8004,team
8015,birthplace
8051,birthyear
8051,team
8056,birthplace
8077,birthplace
8081,birthplace
8090,team
8102,birthplace
8123,birthplace
8127,birthplace
8149,birthyear
8175,birthplace
8214,birthplace
8247,birthplace
8248,birthyear
8248,team
8322,team
8332,birthplace
8341,team
8344,birthplace
8354,birthplace
8363,birthplace
8372,birthyear
8385,birthplace
8393,birthplace
8470,birthyear
8484,team
8490,birthyear
8497,birthyear
8501,birthyear
8501,team
8514,birthyear
8518,team
8537,birthplace
8575,birthyear
8678,birthyear
8688,team
8700,birthyear
8700,team
8717,birthyear
8723,birthplace
8742,birthplace
8766,team
8791,team
8804,team
8854,team
8868,team
8888,birthyear
8892,birthyear
8947,birthyear
8954,birthyear
8966,birthplace
8968,team
8978,birthyear
8978,team
8994,birthyear
9004,birthyear
9004,team
9061,birthyear
9095,team
9102,birthplace
9156,team
9158,team
9183,team
9187,birthyear
9198,birthplace
9203,birthplace
9204,birthplace
9247,birthyear
9278,birthyear
9285,team
9290,birthplace
9300,birthplace
9320,birthplace
9324,birthyear
9346,birthplace
9376,team
9400,birthyear
9407,birthyear
9409,birthyear
9409,team
9440,birthyear
9442,team
9447,birthplace
9467,birthyear
9487,birthyear
9501,birthplace
9517,team
9528,birthyear
9569,birthyear
9569,team
9643,birthplace
9662,team
9670,birthyear
9670,team
9671,birthplace
9688,birthyear
9688,team
9711,birthyear
9712,birthyear
9758,team
9776,birthplace
9788,birthplace
9799,birthyear
9852,birthyear
9854,team
9855,team
9862,birthplace
9897,birthplace
9910,birthplace
9952,birthplace
9967,birthyear
9972,birthyear
9975,birthplace
9987,birthplace
9993,birthyear
9997,birthplace
10025,birthplace
10078,birthyear
10098,birthyear
10102,birthyear
10123,birthplace
10154,birthplace
10200,birthyear
10245,birthyear
10294,team
10335,team
10341,birthyear
10344,birthplace
10381,birthyear
10425,birthyear
10460,team
10465,birthplace
10475,birthyear
10490,birthplace
10506,birthplace
10518,birthplace
10539,team
10552,birthyear
10553,team
10569,team
10573,birthplace
10624,team
10631,birthplace
10642,birthyear
10642,team
10645,team
10649,birthplace
10670,birthplace
10671,birthyear
10674,birthplace
10703,birthyear
10712,team
10733,birthyear
10758,birthyear
10764,birthplace
10769,team
10780,birthplace
10801,birthyear
10801,team
10827,birthplace
10835,team
10850,birthyear
10874,birthplace
10886,birthplace
10887,birthplace
10890,birthplace
10906,birthyear
10923,birthplace
10933,birthyear
10933,team
10945,birthplace
10954,birthplace
10956,team
10966,birthyear
10966,team
10968,birthyear
10989,birthplace
10990,team
11004,birthplace
11010,birthyear
11012,birthplace
11054,birthplace
11055,birthyear
11075,birthplace
11081,team
11111,team
11185,team
11193,birthplace
11258,team
11270,birthplace
11283,team
11326,birthyear
11338,birthplace
11352,birthyear
11356,team
11366,birthyear
11366,team
11401,birthplace
11412,birthyear
11427,birthplace
11442,team
11474,birthplace
11506,birthyear
11539,team
11544,birthyear
11545,birthplace
11551,birthyear
11561,birthyear
11595,birthyear
11605,team
11620,team
11621,birthplace
11627,birthyear
11680,team
11685,birthplace
11708,birthplace
11729,birthyear
11729,team
11731,birthyear
11741,birthplace
11769,birthplace
11784,team
11786,birthyear
11826,birthyear
11834,team
11835,birthyear
11839,team
11862,birthyear
11891,birthplace
11898,team
11911,team
11921,birthplace
11927,birthyear
11928,team
11939,birthplace
11941,birthyear
11945,birthplace
11958,team
11962,birthplace
11971,birthplace
11981,birthyear
11989,team
12015,birthplace
12025,birthyear
12025,team
12026,birthplace
12032,birthyear
12032,team
12048,team
12068,birthyear
12068,team
12093,birthyear
12093,team
12119,team
12125,team
12142,team
12156,birthplace
12168,birthplace
12173,team
12175,birthyear
12198,team
12215,team
12268,team
12269,team
12327,team
12334,team
12350,team
12381,team
12387,birthyear
12395,team
12411,birthyear
12460,birthplace
12479,birthplace
12504,birthyear
12517,birthplace
12534,birthplace
12542,birthyear
12563,birthplace
12566,birthplace
12568,team
12572,birthplace
12609,birthyear
12625,birthplace
12626,birthyear
12633,team
12651,team
12658,team
12726,birthyear
12741,birthyear
12756,birthplace
12764,birthyear
12788,team
12793,team
12823,birthyear
12832,birthplace
12844,birthplace
12851,team
12858,birthplace
12890,birthyear
12892,birthplace
12900,birthyear
12909,team
12921,birthyear
12945,team
12961,team
13001,birthyear
13014,birthplace
13061,team
13069,birthyear
13076,team
13091,birthplace
13093,birthplace
13100,birthyear
13112,team
13123,birthyear
13135,birthyear
13157,birthplace
13212,birthyear
13232,birthplace
13245,team
13262,birthplace
13264,birthplace
13268,birthplace
13272,team
13275,team
13282,birthyear
13341,birthplace
13353,birthplace
13362,birthyear
13393,birthyear
13408,birthplace
13480,birthplace
13495,birthplace
13501,birthyear
13516,birthyear
13548,birthplace
13555,birthplace
13584,birthplace
13585,team
13611,birthplace
13616,birthplace
13620,team
13621,birthplace
13627,birthplace
13632,birthplace
13643,team
13645,birthyear
13659,birthyear
13664,birthplace
13669,birthyear
13711,birthplace
13714,birthyear
13716,team
13738,birthplace
13767,birthyear
13781,birthplace
13793,team
13820,team
13839,team
13886,birthplace
13978,team
14002,birthplace
14003,team
14004,birthyear
14036,team
14050,birthplace
14053,team
14096,birthyear
14106,birthplace
14110,team
14114,team
14121,birthyear
14125,birthplace
14140,birthplace
14176,team
14184,team
14199,birthplace
14203,birthplace
14220,birthyear
14221,birthyear
14223,birthyear
14240,birthyear
14266,team
14284,birthyear
14308,birthyear
14309,team
14341,team
14365,team
14383,team
14399,birthyear
14404,birthyear
14408,team
14417,team
14418,birthplace
14422,birthyear
14435,team
14454,team
14459,birthplace
14468,team
14475,birthplace
14490,birthplace
14532,birthyear
14535,team
14548,team
14564,birthplace
14574,team
14592,birthyear
14620,birthplace
14629,birthplace
14682,birthyear
14728,team
14805,birthyear
14826,team
14848,birthplace
14870,birthyear
14883,birthyear
14883,team
14909,birthyear
14956,birthyear
14956,team
14971,birthplace
14999,birthplace
15043,birthplace
15062,team
15075,birthplace
15123,birthplace
15148,birthyear
15182,birthplace
15221,team
15281,birthyear
15308,birthyear
15321,birthyear
15325,birthplace
15340,team
15385,birthyear
15413,birthplace
15421,birthyear
15448,team
15495,birthplace
15530,birthyear
15537,birthplace
15541,birthplace
15551,birthplace
15558,team
15560,birthplace
15586,birthplace
15611,birthyear
15630,team
15641,birthplace
15673,birthyear
15674,birthyear
15681,team
15688,team
15702,birthyear
15702,team
15704,team
15716,birthplace
15733,birthplace
15773,birthyear
15781,birthplace
15814,birthplace
15817,team
15826,team
15829,team
15844,birthyear
15844,team
15858,birthplace
15895,birthyear
15927,team
15940,birthyear
15944,birthplace
15946,team
15951,birthplace
15990,team
16037,team
16044,team
16052,birthyear
16060,team
16074,team
16101,birthplace
16106,birthplace
16119,team
16128,team
16136,birthplace
16163,birthyear
16177,birthplace
16216,team
16237,birthplace
16290,birthplace
16302,team
16306,birthyear
16310,birthyear
16325,birthyear
16371,team
16378,birthplace
16383,team
16385,birthyear
16397,team
16433,team
16445,birthplace
16450,team
16465,team
16503,team
16518,birthyear
16519,birthyear
16538,birthplace
16544,birthyear
16568,birthyear
16579,team
16585,birthplace
16675,birthplace
16684,birthplace
16685,birthyear
16695,birthyear
16717,birthplace
16741,birthyear
16743,birthplace
16758,birthplace
16777,birthplace
16792,team
16803,team
16828,birthplace
16850,birthyear
16896,birthyear
16896,team
16947,birthplace
16969,birthplace
16980,birthyear
17015,birthyear
17019,birthyear
17072,birthyear
17072,team
17078,birthplace
17118,birthyear
17197,birthplace
17199,birthplace
17241,birthyear
17264,birthyear
17323,birthplace
17352,birthplace
17383,birthyear
17429,birthyear
17435,birthyear
17438,birthyear
17439,birthyear
17439,team
17488,team
17509,birthyear
17540,team
17546,birthplace
17547,birthyear
17567,birthyear
17584,birthyear
17598,birthplace
17658,team
17662,team
17700,birthyear
17746,team
17750,team
17783,birthyear
17815,birthyear
17857,team
17876,birthplace
17911,birthplace
17939,team
17943,birthplace
18027,birthyear
18073,birthyear
18073,team
18076,team
18077,team
18084,birthplace
18124,birthplace
18152,birthplace
18165,team
18173,birthyear
18173,team
18200,birthplace
18204,birthplace
18213,birthplace
18244,birthyear
18244,team
18261,team
18274,birthplace
18304,birthplace
18318,team
18321,team
18337,birthplace
18361,birthplace
18389,birthyear
18401,birthyear
18475,team
18530,birthplace
18534,birthplace
18598,team
18604,birthplace
18605,birthplace
18620,birthplace
18690,birthplace
18714,team
18719,birthyear
18726,birthyear
18733,birthyear
18734,birthplace
18760,birthyear
18782,team
18786,birthyear
18795,birthplace
18800,birthplace
18805,birthyear
18807,birthplace
18819,birthplace
18838,birthplace
18852,birthyear
18881,birthyear
18881,team
18884,team
18888,team
18931,birthplace
18938,birthplace
18951,birthyear
18992,birthplace
19004,team
19012,birthplace
19030,birthplace
19034,team
19041,birthyear
19047,birthplace
19055,birthplace
19058,birthyear
19060,team
19070,birthplace
19075,birthplace
19096,team
19103,team
19105,birthyear
19160,birthplace
19201,birthplace
19203,birthyear
19204,birthplace
19205,team
19233,birthplace
19260,birthplace
19264,team
19275,team
19291,team
19296,birthplace
19303,birthplace
19307,team
19323,birthplace
19333,team
19336,birthplace
19355,birthplace
19399,birthplace
19427,birthyear
19487,birthplace
19517,birthyear
19539,birthyear
19577,birthplace
19587,birthyear
19587,team
19596,birthyear
19600,birthyear
19608,team
19635,birthyear
19639,birthplace
19696,birthyear
19705,birthplace
19709,team
19730,birthplace
19755,birthyear
19760,birthyear
19765,birthyear
19782,team
19785,birthplace
19813,birthyear
19829,birthplace
19845,birthplace
19897,birthplace
19898,birthyear
19911,team
19921,birthplace
19925,birthplace
19934,team
19939,birthyear
19953,birthyear
19957,birthyear
19960,birthyear
19994,birthyear
20039,birthyear
20040,birthyear
20050,team
20054,team
20059,team
20077,birthyear
20107,team
20119,birthplace
20135,birthplace
20168,birthplace
20183,birthplace
20184,birthplace
20204,team
20210,birthplace
20211,birthyear
20213,birthyear
20250,birthyear
20251,team
20287,birthplace
20303,birthyear
20303,team
20305,birthplace
20329,team
20362,birthplace
20371,birthplace
20397,team
20412,birthyear
20435,team
20446,birthyear
20469,birthplace
20497,team
20569,birthplace
20625,team
20705,birthyear
20710,birthplace
20722,birthyear
20726,birthplace
20741,birthyear
20760,team
20800,birthyear
20823,team
20852,birthyear
20882,birthplace
20897,birthyear
20898,birthplace
20899,birthyear
20908,team
20922,birthyear
20930,birthyear
20961,birthyear
20973,birthplace
20974,birthplace
20980,team
21045,birthplace
21078,birthyear
21078,team
21082,team
21088,birthplace
21109,team
21169,birthyear
21169,team
21199,team
21239,team
21250,team
21264,birthplace
21292,birthplace
21303,team
21325,team
21336,birthplace
21394,birthplace
21397,birthyear
21420,birthyear
21422,team
21423,team
21433,team
21434,birthplace
21441,team
21450,team
21474,birthplace
21480,birthplace
21518,birthyear
21535,birthplace
21541,birthyear
21542,team
21550,birthyear
21553,birthyear
21553,team
21558,team
21578,birthplace
21619,birthplace
21631,birthyear
21660,birthplace
21661,team
21667,birthplace
21668,birthplace
21669,team
21676,birthyear
21689,team
21695,team
21707,birthplace
21727,team
21736,birthyear
21741,birthyear
21765,birthplace
21786,birthyear
21801,team
21818,team
21820,team
21833,birthplace
21857,birthyear
21860,birthyear
21861,birthplace
21872,team
21875,birthyear
21875,team
21891,birthyear
21896,birthplace
21929,birthyear
21939,birthyear
21949,birthplace
21992,birthplace
21993,birthplace
22018,birthyear
22020,team
22153,team
22163,birthplace
22165,team
22201,team
22212,birthplace
22249,team
22271,team
22275,birthplace
22278,birthplace
22283,birthyear
22312,birthplace
22318,birthplace
22328,birthplace
22363,birthyear
22371,birthyear
22441,birthyear
22444,birthyear
22448,birthyear
22473,birthyear
22473,team
22479,team
22480,birthyear
22499,birthyear
22499,team
22522,birthyear
22535,birthplace
22561,birthplace
22582,team
22589,team
22598,birthyear
22598,team
22623,birthplace
22633,team
22650,birthyear
22650,team
22663,birthyear
22701,birthplace
22703,team
22755,team
22756,birthyear
22765,birthyear
22788,birthplace
22796,birthyear
22819,birthplace
22820,birthyear
22830,team
22840,team
22915,birthplace
22970,birthplace
22986,birthplace
22991,birthplace
22992,team
23003,birthplace
23009,birthplace
23010,team
23044,birthyear
23045,team
23072,team
23076,team
23081,team
23095,birthplace
23097,birthyear
23147,birthyear
23158,birthyear
23180,birthplace
23222,birthyear
23230,birthplace
23243,birthplace
23278,birthplace
23304,birthplace
23308,team
23321,birthplace
23327,team
23342,birthplace
23370,birthplace
23372,team
23384,birthplace
23404,team
23414,birthplace
23424,team
23425,team
23443,birthyear
23461,birthplace
23483,birthplace
23485,birthyear
23499,birthyear
23597,birthyear
23597,team
23598,team
23616,birthyear
23616,team
23661,team
23663,birthyear
23700,team
23731,birthyear
23731,team
23746,birthplace
23751,birthyear
23812,team
23815,birthyear
23854,birthyear
23869,birthplace
23879,birthyear
23912,team
23940,birthplace
23955,birthplace
23975,team
24003,team
24022,birthplace
24030,birthyear
24030,team
24041,birthplace
24085,team
24087,team
24144,team
24156,birthplace
24196,birthyear
24275,team
24277,birthyear
24277,team
24296,team
24311,team
24367,birthyear
24368,team
24385,birthplace
24386,birthyear
24390,birthyear
24393,birthplace
24416,birthplace
24423,team
24435,birthplace
24457,team
24460,team
24505,birthyear
24508,birthyear
24513,birthplace
24514,birthplace
24664,birthplace
24675,birthplace
24676,team
24703,birthplace
24708,birthplace
24717,birthplace
24747,team
24751,birthyear
24759,birthplace
24783,birthyear
24824,birthyear
24824,team
24833,team
24844,team
24856,birthplace
24872,team
24881,birthplace
24889,birthplace
24904,team
24926,birthplace
24942,birthplace
24947,birthyear
24947,team
24962,birthplace
24973,team
24986,birthplace
25022,birthyear
25022,team
25025,birthyear
25044,team
25052,birthyear
25087,birthplace
25144,birthyear
25170,team
25171,birthplace
25174,birthplace
25208,birthplace
25215,birthplace
25222,birthyear
25252,birthyear
25274,team
25280,birthplace
25283,birthplace
25317,birthyear
25340,birthyear
25390,birthyear
25398,team
25427,birthplace
25432,birthplace
25449,birthyear
25465,birthplace
25474,birthplace
25494,team
25498,birthplace
25519,birthplace
25547,birthplace
25552,birthyear
25572,team
25597,birthyear
25624,birthplace
25629,team
25644,birthplace
25664,birthyear
25664,team
25676,birthyear
25681,birthplace
25695,team
25711,birthplace
25719,birthyear
25739,birthyear
25743,team
25763,birthyear
25763,team
25771,birthplace
25827,birthyear
25833,birthyear
25845,birthplace
25908,birthplace
25929,team
25930,birthplace
25944,birthyear
25968,birthyear
25976,team
26012,birthplace
26034,birthyear
26050,birthyear
26050,team
26125,birthyear
26171,team
26186,team
26188,birthyear
26214,team
26216,team
26217,team
26238,team
26246,birthyear
26265,birthplace
26277,team
26285,team
26286,birthyear
26295,birthyear
26326,birthyear
26370,birthyear
26370,team
26373,team
26448,birthyear
26459,birthplace
26463,birthplace
26512,birthplace
26527,birthplace
26537,birthplace
26545,birthyear
26545,team
26549,birthyear
26559,birthyear
26575,team
26581,birthplace
26586,birthyear
26633,birthplace
26644,birthplace
26648,team
26686,birthyear
26723,team
26725,birthplace
26770,team
26786,team
26849,birthplace
26862,birthyear
26890,birthplace
26907,team
26914,birthplace
26925,birthplace
26941,birthyear
26955,team
26985,birthyear
27027,birthplace
27059,team
27109,team
27114,birthplace
27115,birthyear
27115,team
27120,team
27134,team
27146,team
27166,team
27187,team
27193,birthplace
27195,team
27199,team
27232,team
27235,team
27238,team
27266,birthplace
27278,birthyear
27298,birthyear
27298,team
27336,birthplace
27349,birthplace
27377,birthyear
27389,birthplace
27403,birthyear
27412,team
27436,birthyear
27461,team
27463,birthyear
27469,birthplace
27488,team
27493,birthyear
27502,birthyear
27502,team
27525,team
27528,team
27532,birthyear
27551,birthyear
27568,birthplace
27570,birthplace
27595,team
27601,team
27638,birthyear
27645,team
27657,birthplace
27673,birthplace
27694,birthplace
27695,birthplace
27702,team
27721,team
27734,team
27743,birthplace
27825,birthyear
27828,birthyear
27840,team
27855,team
27869,team
27872,birthplace
27908,team
27914,birthyear
27916,birthplace
27941,birthplace
27947,birthplace
27951,birthplace
27969,birthyear
27975,birthplace
27980,birthplace
27996,birthyear
28010,birthplace
28014,birthyear
28018,birthyear
28025,team
28047,birthplace
28048,birthyear
28057,birthyear
28074,birthyear
28074,team
28100,birthyear
28125,birthyear
28155,birthplace
28159,birthyear
28171,birthplace
28183,team
28194,birthplace
28197,birthyear
28200,birthplace
28203,team
28216,birthyear
28231,team
28256,birthyear
28256,team
28257,birthplace
28261,birthplace
28298,team
28306,birthyear
28306,team
28309,team
28320,birthyear
28328,birthyear
28328,team
28344,birthplace
28379,birthyear
28384,birthyear
28450,birthyear
28451,birthyear
28459,birthplace
28468,birthyear
28494,birthplace
28496,team
28530,team
28533,birthplace
28537,birthyear
28539,birthyear
28539,team
28545,birthplace
28547,birthplace
28549,team
28564,birthplace
28581,birthyear
28581,team
28587,birthplace
28589,birthplace
28620,birthplace
28647,birthyear
28663,team
28670,team
28671,team
28719,team
28726,birthyear
28743,birthplace
28797,birthyear
28811,birthyear
28817,birthplace
28836,team
28841,team
28852,team
28865,birthplace
28878,team
28896,team
28907,team
28925,birthyear
28954,birthyear
28964,birthyear
28967,team
29047,birthyear
29047,team
29078,birthplace
29080,birthplace
29098,birthplace
29111,birthyear
29119,birthyear
29119,team
29124,team
29139,birthplace
29142,birthplace
29162,birthplace
29194,birthyear
29194,team
29221,birthplace
29227,birthyear
29261,birthplace
29279,birthplace
29356,birthplace
29357,birthplace
29379,team
29384,birthyear
29411,team
29439,birthplace
29458,birthplace
29475,team
29478,birthyear
29480,team
29495,birthyear
29495,team
29510,team
29519,birthyear
29525,birthyear
29525,team
29587,birthplace
29595,team
29606,birthyear
29624,team
29661,team
29683,team
29688,birthyear
29714,team
29800,birthyear
29812,team
29831,team
29845,birthplace
29865,birthplace
29891,team
29920,team
29940,birthplace
29956,birthyear
29960,team
29965,birthyear
29978,birthplace
30002,team
30003,team
30012,team
30021,birthyear
30022,team
30025,birthyear
30038,team
30064,birthplace
30080,team
30097,team
30119,birthplace
30174,team
30175,birthyear
30183,birthyear
30198,birthyear
30204,birthyear
30220,team
30226,birthyear
30264,team
30283,team
30293,birthplace
30300,birthplace
30303,birthplace
30331,birthplace
30425,birthplace
30459,team
30468,birthyear
30469,birthyear
30511,birthplace
30534,birthplace
30543,birthyear
30552,birthplace
30573,birthyear
30613,birthyear
30636,birthplace
30640,birthyear
30650,team
30666,team
30668,birthyear
30676,birthyear
30683,team
30730,team
30738,team
30754,birthyear
30794,birthyear
30840,birthyear
30858,birthplace
30909,birthplace
30918,team
30926,birthyear
30926,team
30935,birthplace
30949,birthplace
30997,birthplace
30999,birthplace
31018,birthplace
31069,birthplace
31132,birthplace
31146,birthplace
31162,team
31168,team
31188,team
31193,birthplace
31224,birthyear
31232,team
31248,birthyear
31248,team
31249,team
31250,birthplace
31253,birthplace
31255,birthyear
31269,birthyear
31278,birthplace
31279,team
31285,birthyear
31296,birthplace
31316,team
31322,birthyear
31323,birthplace
31327,birthyear
31349,birthplace
31356,birthyear
31356,team
31360,birthplace
31376,birthplace
31397,team
31404,birthyear
31414,birthyear
31504,birthplace
31511,team
31527,birthyear
31530,birthyear
31536,team
31555,birthyear
31564,team
31594,birthplace
31597,birthyear
31600,birthyear
31622,birthplace
31629,birthyear
31658,birthyear
31658,team
31709,birthplace
31806,birthyear
31806,team
31813,birthplace
31826,team
31848,birthplace
31903,birthplace
31938,birthplace
31942,birthplace
31981,birthyear
32021,team
32029,birthplace
32035,birthyear
32035,team
32045,birthyear
32066,birthyear
32099,team
32114,team
32127,birthyear
32127,team
32130,birthyear
32130,team
32139,birthplace
32162,birthyear
32184,team
32196,team
32262,birthyear
32269,team
32294,team
32306,team
32307,birthplace
32338,birthplace
32392,birthplace
32394,birthyear
32394,team
32395,team
32418,birthplace
32446,birthyear
32465,birthyear
32475,birthyear
32493,birthplace
32523,birthplace
32542,team
32544,birthplace
32555,team
32578,birthplace
32583,birthyear
32610,birthyear
32651,birthyear
32675,team
32709,team
32720,birthplace
32721,birthyear
32735,birthplace
32743,birthyear
32774,birthplace
32786,birthplace
32846,team
32847,birthyear
32849,team
32867,team
32875,birthplace
32878,birthplace
32917,team
32939,team
32960,birthyear
32979,team
33012,birthplace
33029,birthplace
33032,birthyear
33069,team
33085,birthyear
33111,birthplace
33141,team
33151,team
33155,team
33156,birthplace
33178,birthplace
33204,birthyear
33211,birthplace
33215,team
33225,birthplace
33227,birthyear
33239,birthyear
33259,team
33267,birthyear
33267,team
33268,team
33274,team
33276,team
33285,birthyear
33308,birthyear
33323,birthplace
33362,birthyear
33363,team
33372,birthplace
33375,birthyear
33389,team
33412,team
33421,birthplace
33442,team
33445,team
33484,birthyear
33491,birthyear
33494,team
33549,birthplace
33559,birthplace
33562,birthyear
33580,team
33581,birthyear
33596,birthyear
33619,birthplace
33623,birthyear
33624,birthplace
33631,team
33649,birthyear
33664,team
33687,team
33700,birthyear
33706,birthplace
33710,birthplace
33728,birthyear
33775,birthplace
33799,birthyear
33857,birthyear
33867,birthyear
33868,team
33893,team
33899,birthyear
33934,birthplace
33944,birthplace
33985,birthplace
33987,birthplace
33990,birthplace
34001,birthyear
34001,team
34006,birthyear
34009,team
34011,birthplace
34052,birthplace
34078,birthyear
34100,birthyear
34118,birthplace
34141,birthyear
34149,birthyear
34153,team
34162,birthyear
34166,birthplace
34189,birthplace
34214,birthyear
34217,team
34240,birthplace
34254,birthplace
34299,birthyear
34300,birthyear
34319,birthplace
34351,birthyear
34362,team
34382,team
34396,team
34453,birthplace
34464,birthplace
34485,birthyear
34507,birthyear
34517,birthplace
34532,birthyear
34571,birthyear
34584,birthyear
34603,team
34607,birthyear
34632,team
34652,team
34653,birthplace
34717,team
34720,team
34741,birthplace
34770,team
34800,birthplace
34807,birthyear
34835,birthplace
34868,team
34869,birthyear
34887,birthplace
34889,birthyear
34890,team
34900,team
34939,birthyear
34985,team
35008,birthplace
35035,birthyear
35098,birthplace
35099,birthplace
35124,team
35142,team
35165,birthyear
35175,birthplace
35180,birthyear
35182,team
35229,birthyear
35248,birthyear
35251,birthplace
35282,birthplace
35301,birthplace
35304,team
35352,birthyear
35363,birthplace
35419,birthplace
35435,team
35447,birthyear
35459,birthyear
35479,birthplace
35503,team
35504,birthyear
35511,birthyear
35531,birthyear
35533,birthyear
35535,birthyear
35549,birthplace
35581,birthyear
35588,birthyear
35630,birthplace
35675,team
35699,birthyear
35706,birthyear
35755,birthplace
35760,team
35786,team
35798,team
35807,birthyear
35829,birthyear
35829,team
35830,team
35843,birthyear
35857,team
35879,team
35892,birthplace
35893,birthplace
35894,team
35907,team
35929,team
35932,birthyear
35954,birthyear
35989,birthyear
36027,team
36039,team
36046,birthyear
36047,birthplace
36051,birthyear
36051,team
36058,team
36062,team
36098,birthyear
36125,birthplace
36133,birthyear
36145,birthyear
36158,birthyear
36158,team
36198,birthyear
36237,birthyear
36240,birthplace
36263,birthyear
36307,birthyear
36307,team
36313,team
36328,birthyear
36332,team
36342,birthplace
36345,birthyear
36345,team
36370,birthplace
36401,birthyear
36401,team
36409,birthyear
36430,team
36447,team
36478,birthplace
36515,birthplace
36552,team
36559,birthplace
36585,team
36590,birthyear
36618,birthplace
36626,birthplace
36655,team
36657,team
36660,birthplace
36665,birthyear
36686,team
36706,birthplace
36707,team
36724,birthplace
36734,birthplace
36735,birthyear
36746,birthplace
36764,team
36800,team
36806,birthyear
36810,birthplace
36842,birthplace
36856,birthyear
36874,team
36889,birthplace
36921,team
36923,birthyear
36929,birthyear
36935,birthyear
36950,team
36960,birthyear
36976,birthplace
36981,team
36987,birthplace
37023,birthyear
37062,birthyear
37073,birthyear
37091,team
37094,birthplace
37096,birthplace
37108,birthplace
37118,birthplace
37183,team
37200,birthyear
37237,team
37257,birthyear
37285,team
37307,birthyear
37323,birthyear
37325,birthplace
37363,birthyear
37423,team
37426,birthyear
37434,birthyear
37435,birthyear
37449,birthyear
37449,team
37463,birthplace
37490,birthyear
37499,birthyear
37509,team
37530,birthplace
37535,birthplace
37549,birthyear
37551,team
37559,birthplace
37563,team
37586,team
37612,birthyear
37628,birthplace
37642,team
37654,birthplace
37663,birthyear
37692,birthyear
37828,birthyear
37828,team
37836,birthplace
37841,birthplace
37854,team
37909,team
37992,birthyear
37993,team
38080,team
38082,birthplace
38085,team
38118,birthyear
38122,birthplace
38152,birthplace
38154,birthyear
38182,team
38188,birthyear
38188,team
38190,birthyear
38204,birthplace
38205,birthyear
38248,team
38266,team
38274,birthyear
38287,birthyear
38318,team
38330,birthyear
38382,birthyear
38398,team
38400,team
38401,team
38404,birthyear
38410,birthyear
38412,team
38414,birthplace
38448,birthyear
38468,birthplace
38538,team
38550,team
38570,team
38620,team
38633,birthyear
38639,birthyear
38644,birthplace
38652,birthplace
38659,birthyear
38660,birthyear
38668,birthyear
38689,birthplace
38707,birthyear
38722,team
38741,birthplace
38756,birthplace
38789,birthplace
38797,birthplace
38802,birthplace
38821,birthplace
38822,team
38828,birthyear
38834,team
38868,team
38882,birthyear
38882,team
38898,team
38903,birthyear
38935,team
39006,birthyear
39028,team
39033,birthyear
39034,team
39068,birthplace
39082,birthyear
39094,birthplace
39115,birthplace
39127,birthplace
39161,birthyear
39164,team
39172,team
39186,birthyear
39226,birthyear
39264,team
39284,team
39308,birthplace
39314,birthplace
39342,team
39348,team
39350,birthyear
39358,birthyear
39384,birthplace
39405,birthplace
39450,birthplace
39454,birthyear
39462,birthplace
39481,birthplace
39490,team
39548,birthplace
39549,birthyear
39551,birthplace
39552,birthyear
39552,team
39583,birthplace
39591,birthplace
39604,birthplace
39610,team
39615,team
39617,team
39622,birthyear
39627,birthyear
39684,team
39698,birthyear
39710,birthplace
39726,birthplace
39747,birthyear
39751,birthplace
39762,team
39787,team
39790,birthplace
39828,birthyear
39830,team
39837,team
39842,birthyear
39848,birthplace
39876,team
39892,team
39976,team
39984,team
40008,birthplace
40015,birthplace
40042,birthyear
40059,team
40061,team
40077,birthyear
40078,birthplace
40093,birthplace
40123,team
40191,team
40196,birthplace
40198,birthplace
40213,birthyear
40219,birthplace
40259,team
40315,team
40352,team
40380,birthyear
40400,team
40424,birthyear
40440,birthyear
40460,team
40494,birthplace
40501,birthplace
40507,birthyear
40507,team
40533,birthplace
40538,team
40573,birthplace
40583,team
40591,birthyear
40611,birthyear
40634,birthplace
40688,team
40729,birthplace
40732,birthyear
40761,birthplace
40768,birthyear
40809,birthyear
40809,team
40819,team
40835,birthyear
40852,birthyear
40855,birthyear
40873,team
40880,birthyear
40880,team
40883,birthyear
40883,team
40969,team
40970,birthyear
41073,team
41086,team
41093,birthyear
41107,birthyear
41119,birthyear
41127,birthplace
41140,birthyear
41182,birthplace
41183,birthplace
41188,birthplace
41211,birthplace
41222,birthplace
41224,team
41240,birthplace
41248,birthplace
41250,birthyear
41254,birthplace
41256,team
41264,team
41265,birthplace
41285,birthplace
41319,birthplace
41333,birthyear
41336,birthyear
41340,team
41351,team
41406,birthplace
41425,birthyear
41440,team
41471,team
41503,birthyear
41503,team
41514,birthyear
41522,team
41545,birthplace
41557,birthplace
41590,birthplace
41608,birthplace
41625,team
41647,birthplace
41658,birthyear
41663,team
41680,team
41705,birthyear
41726,birthplace
41815,birthplace
41831,team
41850,birthplace
41946,birthplace
41956,birthplace
41957,birthyear
41965,birthyear
41966,birthplace
41982,team
41987,birthyear
42010,birthplace
42018,team
42019,birthplace
42028,birthplace
42029,birthplace
42068,team
42102,team
42169,birthyear
42285,team
42299,team
42301,birthplace
42309,team
42338,birthyear
42377,birthplace
42416,birthplace
42431,birthyear
42435,birthplace
42437,team
42447,team
42449,team
42467,team
42472,birthplace
42476,birthplace
42485,birthyear
42495,birthplace
42509,team
42513,team
42539,birthyear
42545,team
42577,birthplace
42586,team
42627,birthyear
42633,birthplace
42640,birthyear
42771,birthplace
42775,team
42780,birthplace
42785,birthplace
42816,birthplace
42823,birthplace
42832,birthyear
42844,birthyear
42872,birthplace
42888,birthyear
42893,birthyear
42942,birthplace
42950,birthyear
42955,birthyear
42984,team
43001,birthyear
43051,birthplace
43121,birthplace
43130,birthplace
43143,team
43146,birthyear
43153,birthyear
43161,birthyear
43164,birthyear
43164,team
43170,birthyear
43176,team
43185,team
43191,birthyear
43208,birthplace
43209,birthyear
43221,team
43246,team
43279,birthyear
43280,birthplace
43298,birthyear
43312,birthyear
43314,team
43321,birthyear
43341,birthplace
43376,birthyear
43383,birthplace
43389,birthyear
43411,birthyear
43443,birthplace
43465,team
43470,birthyear
43502,birthplace
43503,team
43536,birthyear
43577,birthyear
43608,team
43675,birthplace
43679,team
43721,team
43746,team
43798,birthyear
43819,birthplace
43829,birthyear
43904,birthplace
43913,birthplace
43918,birthyear
43935,team
43963,birthplace
43964,team
43985,team
44010,birthplace
44013,team
44052,birthplace
44057,birthyear
44177,team
44194,birthplace
44249,team
44264,birthplace
44312,team
44342,birthplace
44348,birthplace
44358,team
44364,birthplace
44373,birthplace
44375,birthyear
44375,team
44390,birthyear
44393,team
44404,birthplace
44407,birthyear
44437,birthplace
44438,birthyear
44459,team
44501,birthyear
44536,birthyear
44557,team
44577,team
44586,birthyear
44589,team
44592,team
44607,birthyear
44607,team
44637,birthyear
44644,team
44651,birthyear
44668,birthplace
44730,team
44733,birthyear
44742,birthplace
44752,team
44760,team
44777,birthplace
44780,team
44812,birthplace
44819,birthyear
44826,team
44860,birthplace
44870,team
44877,team
44889,birthyear
44932,team
44939,birthplace
44953,birthplace
44957,team
44986,team
45000,birthplace
45025,birthyear
45025,team
45036,team
45044,team
45069,birthyear
45085,birthplace
45181,team
45183,team
45219,team
45245,birthplace
45260,team
45267,birthplace
45270,team
45296,birthplace
45303,team
45308,birthyear
45308,team
45322,team
45392,birthplace
45393,birthyear
45396,birthyear
45400,team
45407,birthplace
45410,birthplace
45429,birthplace
45434,birthplace
45464,birthplace
45470,birthyear
45471,birthyear
45471,team
45475,birthplace
45505,birthplace
45537,team
45544,birthplace
45547,birthplace
45593,birthyear
45594,birthplace
45626,team
45665,team
45667,birthyear
45676,birthplace
45680,birthyear
45680,team
45696,birthyear
45705,birthplace
45734,birthplace
45756,birthplace
45819,birthplace
45836,birthyear
45850,team
45875,birthyear
45875,team
45881,birthplace
45928,birthplace
45937,birthplace
45955,birthplace
45956,birthplace
45965,birthyear
45969,birthplace
45980,birthyear
46029,birthplace
46044,birthyear
46044,team
46048,birthplace
46072,birthplace
46084,birthyear
46091,birthyear
46092,team
46132,birthyear
46140,birthyear
46166,birthyear
46191,birthplace
46205,team
46206,team
46209,birthyear
46209,team
46250,birthyear
46264,team
46304,birthplace
46336,birthplace
46352,birthplace
46387,birthyear
46428,birthplace
46445,birthplace
46448,birthyear
46502,team
46506,team
46532,team
46535,birthyear
46535,team
46541,birthyear
46565,birthplace
46583,birthyear
46596,birthyear
46600,birthplace
46640,birthyear
46724,birthyear
46750,team
46761,birthplace
46766,birthyear
46778,birthyear
46845,birthyear
46865,birthyear
46865,team
46942,birthplace
46969,birthplace
46994,team
47013,birthplace
47020,birthyear
47034,birthplace
47059,birthplace
47077,team
47089,birthplace
47097,birthplace
47125,team
47129,team
47132,team
47135,team
47137,team
47142,birthyear
47142,team
47160,birthplace
47165,team
47174,birthplace
47183,team
47187,birthplace
47191,team
47192,birthyear
47214,birthplace
47215,birthyear
47257,team
47278,birthplace
47291,birthyear
47308,team
47312,birthplace
47322,birthyear
47322,team
47329,team
47341,birthyear
47353,birthplace
47372,birthplace
47377,team
47387,birthyear
47417,team
47427,birthplace
47503,team
47528,team
47573,team
47583,birthplace
47631,team
47640,birthyear
47667,birthyear
47683,birthyear
47686,birthyear
47705,team
47736,team
47741,birthyear
47759,birthyear
47768,birthplace
47838,birthplace
47848,birthplace
47857,birthyear
47883,birthplace
47890,team
47895,birthyear
47895,team
47933,team
47938,team
47954,team
47976,birthplace
47981,birthplace
47985,team
47994,birthplace
48018,team
48074,birthplace
48081,team
48097,birthyear
48133,birthplace
48203,team
48204,birthyear
48218,team
48221,birthplace
48234,birthplace
48235,team
48280,team
48289,birthyear
48295,birthyear
48301,birthplace
48304,birthplace
48305,birthyear
48313,birthyear
48313,team
48318,team
48321,team
48353,birthyear
48365,birthplace
48420,birthplace
48429,team
48443,team
48449,team
48462,birthplace
48463,birthyear
48480,birthplace
48495,team
48520,team
48550,team
48557,birthyear
48559,birthplace
48578,birthyear
48585,birthyear
48585,team
48618,team
48619,birthyear
48668,birthplace
48671,birthplace
48717,birthplace
48736,birthplace
48751,team
48776,birthplace
48799,team
48824,birthplace
48835,birthplace
48838,birthyear
48864,team
48869,birthplace
48872,birthyear
48913,birthplace
48914,birthyear
48925,birthyear
48935,birthplace
48945,birthyear
48945,team
48956,birthplace
48960,birthplace
48966,birthplace
48972,team
48975,team
48980,team
49000,team
49001,team
49015,team
49042,birthyear
49043,team
49056,birthplace
49065,birthyear
49091,birthplace
49101,team
49137,team
49159,birthyear
49162,birthyear
49173,birthplace
49185,birthyear
49187,birthyear
49187,team
49235,birthyear
49242,birthplace
49298,team
49305,birthplace
49310,birthyear
49320,birthplace
49347,birthplace
49356,birthplace
49359,birthyear
49362,team
49394,birthyear
49394,team
49427,birthplace
49430,team
49431,birthplace
49437,team
49439,birthyear
49439,team
49447,team
49508,team
49520,team
49525,birthyear
49531,team
49549,team
49570,birthyear
49570,team
49574,birthplace
49582,team
49595,birthyear
49597,birthyear
49600,birthyear
49613,birthyear
49627,birthyear
49637,birthplace
49652,birthplace
49658,birthyear
49658,team
49677,birthplace
49698,birthplace
49732,team
49768,birthyear
49866,team
49871,team
49879,birthplace
49939,team
49941,birthplace
49942,birthplace
50001,birthplace
50002,birthplace
50046,team
50052,birthyear
50078,team
50095,team
50103,birthplace
50104,birthyear
50106,team
50107,birthplace
50108,birthplace
50123,birthyear
50171,team
50177,birthyear
50179,team
50189,team
50191,birthplace
50219,birthyear
50222,birthplace
50244,birthyear
50259,team
50264,team
50269,team
50321,birthplace
50327,team
50367,birthplace
50369,birthplace
50375,birthplace
50405,birthyear
50406,birthyear
50419,birthplace
50436,team
50451,birthyear
50460,birthyear
50528,birthplace
50531,birthplace
50542,birthplace
50553,team
50614,birthyear
50641,birthplace
50655,birthyear
50665,team
50680,team
50685,team
50686,birthplace
50724,birthplace
50727,birthyear
50731,birthplace
50733,team
50743,birthyear
50746,team
50753,birthplace
50761,birthyear
50783,team
50784,birthyear
50787,birthyear
50788,birthyear
50788,team
50801,team
50807,birthyear
50807,team
50813,birthyear
50845,team
50853,birthyear
50853,team
50888,birthplace
50890,team
50913,team
50916,birthyear
50921,birthyear
50934,birthplace
50957,birthyear
50976,team
50977,birthyear
50978,birthplace
50999,team
51001,birthplace
51010,birthyear
51035,birthyear
51036,birthyear
51053,team
51059,team
51070,birthplace
51080,birthyear
51089,birthplace
51124,birthplace
51136,team
51137,birthyear
51158,birthyear
51163,birthplace
51181,birthyear
51181,team
51185,birthplace
51222,team
51271,birthplace
51292,team
51310,birthplace
51351,birthyear
51352,team
51369,birthyear
51389,team
51391,birthyear
51430,birthyear
51446,team
51470,team
51472,birthplace
51475,team
51489,team
51497,team
51520,team
51522,team
51532,birthyear
51532,team
51537,birthyear
51544,birthyear
51577,team
51596,birthplace
51597,birthplace
51624,birthyear
51624,team
51625,birthplace
51672,birthplace
51679,birthplace
51682,birthplace
51704,team
51717,team
51741,birthyear
51771,birthyear
51781,birthyear
51803,birthplace
51815,team
51820,team
51830,birthplace
51837,team
51879,birthplace
51894,birthplace
51898,birthplace
51902,team
51971,birthplace
51976,birthplace
51999,team
52033,team
52081,birthplace
52097,team
52141,birthyear
52151,team
52176,birthplace
52180,team
52183,birthplace
52273,birthplace
52287,birthplace
52303,birthplace
52305,birthplace
52324,birthyear
52337,birthyear
52361,birthplace
52375,team
52397,team
52408,team
52423,birthplace
52425,team
52443,birthplace
52482,team
52485,team
52495,birthyear
52509,team
52511,birthplace
52529,team
52550,birthplace
52557,team
52571,team
52594,birthplace
52621,birthyear
52653,birthplace
52657,birthyear
52663,birthplace
52669,birthplace
52695,birthplace
52764,birthplace
52776,birthplace
52813,birthyear
52815,birthplace
52827,birthyear
52831,birthyear
52843,team
52847,birthplace
52858,birthyear
52872,team
52874,birthplace
52887,birthyear
52894,team
52900,team
52912,birthyear
52915,birthplace
52931,team
52933,birthyear
52992,birthyear
53001,team
53004,birthplace
53007,birthplace
53085,birthplace
53129,birthyear
53131,birthyear
53162,team
53165,team
53167,team
53172,birthyear
53174,birthplace
53182,birthplace
53183,birthplace
53188,birthplace
53197,team
53220,team
53227,birthplace
53240,birthplace
53273,team
53275,birthyear
53335,birthplace
53338,team
53427,team
53431,birthyear
53467,birthplace
53489,birthyear
53501,birthyear
53524,team
53541,birthyear
53573,birthyear
53582,birthplace
53594,birthyear
53604,team
53635,birthplace
53663,birthyear
53667,birthyear
53677,team
53686,birthplace
53719,birthplace
53723,birthyear
53727,birthyear
53727,team
53767,team
53769,birthyear
53771,team
53792,birthyear
53792,team
53798,team
53802,birthyear
53804,birthplace
53819,team
53821,birthplace
53828,birthyear
53860,team
53870,birthyear
53881,birthyear
53911,birthplace
53927,birthyear
53934,team
53938,team
53989,birthplace
54018,birthplace
54022,birthplace
54026,birthyear
54036,team
54056,birthplace
54059,birthyear
54119,team
54130,birthplace
54135,team
54175,birthyear
54175,team
54185,birthplace
54241,team
54301,birthyear
54333,team
54367,birthyear
54368,birthyear
54373,birthplace
54382,birthyear
54389,birthyear
54409,team
54418,team
54494,birthyear
54529,birthplace
54554,birthyear
54554,team
54566,birthyear
54582,birthyear
54586,team
54598,birthplace
54602,birthyear
54646,birthplace
54677,team
54691,birthplace
54705,team
54707,team
54730,birthplace
54748,birthplace
54750,birthplace
54769,birthyear
54770,team
54789,birthyear
54843,team
54851,birthyear
54881,birthyear
54886,team
54896,team
54901,birthyear
54909,birthplace
54933,team
54954,team
55027,team
55038,birthyear
55049,birthplace
55050,team
55064,team
55070,birthyear
55070,team
55075,birthplace
55087,birthplace
55105,team
55130,team
55141,birthyear
55150,team
55175,birthplace
55201,birthyear
55209,birthyear
55229,birthplace
55237,birthyear
55262,team
55271,birthplace
55288,birthyear
55292,birthplace
55301,birthplace
55364,birthyear
55372,birthplace
55399,birthplace
55404,team
55413,birthyear
55416,birthyear
55420,birthyear
55470,birthyear
55486,birthplace
55514,team
55518,birthplace
55537,team
55539,birthplace
55540,birthyear
55547,team
55575,birthplace
55619,birthyear
55619,team
55635,team
55647,team
55650,birthyear
55660,birthplace
55699,team
55723,birthyear
55731,team
55740,birthplace
55775,team
55784,birthplace
55823,birthplace
55833,team
55836,team
55852,birthyear
55856,birthplace
55861,birthplace
55886,team
55887,birthplace
55888,birthyear
55890,birthyear
55924,birthplace
55926,birthyear
55940,birthyear
55945,birthyear
55974,birthplace
55977,birthplace
56012,birthplace
56015,birthyear
56017,birthplace
56023,birthyear
56039,birthplace
56057,birthyear
56058,birthplace
56128,team
56161,birthyear
56175,birthplace
56202,birthplace
56225,birthyear
56248,birthyear
56259,birthplace
56289,birthyear
56333,team
56338,birthyear
56394,team
56424,birthplace
56429,birthplace
56441,birthyear
56462,birthyear
56463,team
56497,birthyear
56515,birthplace
56585,birthyear
56601,team
56610,birthyear
56622,team
56632,birthplace
56665,team
56689,team
56696,team
56722,birthyear
56740,birthyear
56740,team
56747,birthplace
56767,birthplace
56778,birthplace
56800,team
56813,birthyear
56818,birthyear
56837,team
56855,birthplace
56857,birthplace
56876,birthplace
56886,birthyear
56920,team
56924,birthyear
56929,team
56965,birthplace
56974,birthyear
56977,birthyear
56995,birthyear
56995,team
56998,birthplace
57002,birthplace
57008,birthyear
57013,team
57021,birthplace
57030,team
57037,team
57059,birthplace
57095,birthyear
57178,team
57209,birthplace
57230,team
57233,birthyear
57248,team
57249,team
57269,birthplace
57283,birthyear
57290,birthplace
57321,birthplace
57325,birthplace
57359,birthplace
57379,team
57380,birthyear
57383,birthyear
57430,birthplace
57444,birthyear
57462,birthyear
57468,birthyear
57474,birthyear
57484,birthyear
57509,birthyear
57513,team
57519,birthyear
57521,birthplace
57526,team
57539,birthyear
57569,team
57592,birthplace
57612,team
57694,birthyear
57698,birthplace
57714,birthplace
57748,team
57776,birthplace
57786,birthyear
57832,birthplace
57843,team
57846,birthplace
57850,birthyear
57850,team
57858,birthplace
57879,birthplace
57893,birthyear
57902,birthplace
57906,birthyear
57913,birthyear
57928,birthyear
57945,team
57947,birthplace
57954,birthyear
57966,birthyear
57966,team
57999,team
58019,birthplace
58020,birthplace
58031,birthyear
58044,birthplace
58057,birthyear
58061,birthplace
58110,birthplace
58117,birthyear
58120,birthplace
58126,birthyear
58126,team
58135,birthplace
58136,birthyear
58141,team
58154,birthplace
58183,team
58197,birthyear
58197,team
58199,birthplace
58266,birthyear
58283,team
58292,birthplace
58346,birthplace
58350,birthplace
58383,birthyear
58438,team
58459,birthyear
58507,team
58518,team
58527,birthyear
58527,team
58536,team
58558,birthplace
58568,team
58572,birthplace
58574,team
58582,team
58601,birthplace
58617,birthplace
58633,team
58645,birthplace
58682,birthplace
58687,birthplace
58697,birthyear
58701,birthplace
58713,birthyear
58737,birthplace
58786,team
58816,birthyear
58848,birthplace
58849,birthyear
58880,birthplace
58885,birthyear
58898,team
58903,birthyear
58904,team
58916,birthyear
58931,birthyear
58942,birthyear
58955,birthyear
58955,team
59017,birthyear
59017,team
59020,birthyear
59022,birthplace
59031,team
59056,birthyear
59065,team
59099,birthyear
59122,birthyear
59126,team
59130,birthyear
59136,team
59161,birthyear
59161,team
59176,birthyear
59209,team
59305,team
59326,birthplace
59346,birthplace
59371,team
59382,birthyear
59385,team
59487,birthyear
59505,birthplace
59549,birthplace
59551,birthyear
59604,birthyear
59610,team
59612,birthplace
59618,birthyear
59633,birthplace
59643,birthplace
59646,birthyear
59677,team
59708,team
59712,birthyear
59712,team
59718,birthyear
59764,birthplace
59767,birthyear
59784,birthyear
59791,birthyear
59795,birthyear
59799,birthyear
59850,birthyear
59891,birthplace
59932,team
59938,birthplace
59940,birthplace
59945,birthplace
59967,team
59985,team
59999,birthyear
60000,birthyear
60000,team
60007,birthplace
60042,birthplace
60051,birthplace
60065,team
60070,team
60073,birthplace
60080,birthplace
60104,team
60107,birthyear
60149,team
60159,birthyear
60159,team
60161,birthyear
60184,birthplace
60225,team
60295,birthplace
60305,team
60310,team
60314,birthplace
60321,birthplace
60324,birthplace
60325,birthplace
60343,birthplace
60355,birthyear
60361,team
60403,birthplace
60420,birthyear
60441,birthplace
60468,birthyear
60479,team
60497,birthplace
60527,birthplace
60558,birthplace
60575,birthplace
60612,team
60634,birthyear
60637,birthplace
60638,birthplace
60704,team
60718,team
60749,team
60755,birthplace
60766,birthyear
60861,birthyear
60863,birthyear
60885,birthplace
60894,birthplace
60914,birthyear
60918,team
60919,birthyear
60950,birthplace
60995,birthyear
60995,team
61029,team
61040,birthplace
61142,birthplace
61146,birthyear
61155,birthyear
61180,team
61185,team
61192,team
61208,birthplace
61236,birthyear
61236,team
61295,birthyear
61325,birthplace
61347,team
61358,team
61393,team
61424,birthyear
61477,team
61480,birthyear
61480,team
61494,team
61541,birthplace
61610,team
61647,team
61653,team
61680,team
61681,birthplace
61723,birthplace
61727,birthyear
61730,birthplace
61754,team
61769,birthyear
61817,birthyear
61834,birthplace
61865,birthyear
61891,birthplace
61928,birthyear
61952,birthplace
61967,birthplace
61982,birthyear
62007,team
62048,team
62054,birthplace
62081,birthplace
62091,team
62106,birthplace
62149,birthplace
62266,team
62329,birthyear
62338,birthplace
62363,birthplace
62379,team
62403,team
62420,team
62444,birthplace
62450,birthyear
62451,birthplace
62464,birthplace
62467,birthplace
62474,birthplace
62476,birthyear
62488,team
62501,birthplace
62518,birthplace
62601,birthplace
62620,birthplace
62702,birthyear
62769,team
62816,team
62826,birthplace
62841,team
62910,team
62923,birthplace
62934,birthplace
62942,birthyear
63016,birthplace
63021,team
63029,birthplace
63094,team
63096,birthyear
63131,team
63146,birthyear
63188,birthplace
63194,team
63243,birthyear
63245,birthyear
63251,team
63270,birthplace
63274,team
63328,team
63332,birthyear
63335,team
63343,birthyear
63346,team
63382,team
63388,birthplace
63427,team
63442,birthplace
63449,birthyear
63459,team
63462,birthyear
63471,team
63473,birthyear
63496,birthplace
63519,team
63544,team
63546,team
63620,team
63656,birthplace
63671,birthplace
63697,birthplace
63744,birthyear
63756,team
63783,birthyear
63784,birthplace
63795,birthyear
63797,birthplace
63834,birthyear
63841,team
63843,birthplace
63898,birthyear
63901,birthplace
63911,team
63926,birthplace
63935,team
63947,birthyear
63953,birthplace
63955,birthyear
63957,birthplace
63988,team
64015,birthyear
64022,birthyear
64034,team
64080,birthyear
64089,birthplace
64112,birthyear
64158,birthplace
64173,birthplace
64175,birthplace
64181,birthplace
64194,birthyear
64231,birthplace
64271,birthyear
64315,birthplace
64325,birthyear
64358,team
64365,team
64377,birthplace
64381,team
64391,birthplace
64397,team
64505,birthyear
64516,birthyear
64524,team
64537,birthyear
64541,birthplace
64568,birthplace
64572,birthplace
64583,birthyear
64606,team
64639,birthyear
64639,team
64641,birthplace
64666,birthyear
64680,team
64697,birthplace
64713,birthplace
64752,birthplace
64759,birthplace
64816,team
64823,team
64835,birthplace
64862,team
64878,birthyear
64881,birthplace
64894,birthplace
64922,birthplace
64940,team
64967,birthplace
64972,birthplace
64976,birthplace
65014,team
65056,team
65057,birthyear
65069,birthplace
65085,birthplace
65110,birthplace
65126,birthplace
65147,birthplace
65148,birthplace
65149,team
65167,birthplace
65180,birthyear
65192,team
65193,team
65226,birthplace
65234,birthplace
65262,birthyear
65278,birthplace
65284,birthplace
65287,team
65289,birthplace
65292,team
65341,team
65345,team
65355,birthyear
65398,birthyear
65408,team
65411,birthyear
65415,birthplace
65423,team
65435,birthplace
65456,birthyear
65548,birthplace
65575,birthplace
65595,birthplace
65633,birthplace
65635,birthyear
65647,birthplace
65704,team
65716,birthplace
65719,birthyear
65719,team
65725,birthyear
65725,team
65750,birthplace
65802,team
65824,team
65839,birthplace
65884,team
65904,birthyear
65911,birthyear
65930,birthplace
65944,birthplace
65950,birthyear
65966,birthplace
65990,birthplace
66047,birthplace
66072,team
66089,birthyear
66097,birthplace
66103,birthyear
66145,birthplace
66172,birthplace
66190,birthyear
66218,birthyear
66237,birthyear
66249,birthplace
66254,birthyear
66264,birthyear
66296,birthyear
66312,team
66318,birthplace
66320,team
66346,birthplace
66366,team
66401,birthplace
66411,birthplace
66417,birthyear
66417,team
66423,birthplace
66427,birthyear
66428,team
66442,team
66444,birthplace
66495,team
66504,birthplace
66518,birthyear
66553,birthplace
66555,birthplace
66560,birthplace
66564,birthplace
66565,birthplace
66571,team
66572,birthyear
66596,birthplace
66650,birthyear
66663,team
66687,birthplace
66715,team
66724,birthplace
66754,birthyear
66758,team
66764,birthyear
66813,birthplace
66818,birthplace
66831,team
66854,birthplace
66861,birthplace
66870,birthplace
66878,birthyear
66898,team
66901,birthyear
66902,team
66903,birthplace
66904,team
66915,birthplace
66952,birthyear
66973,birthplace
66986,birthplace
67013,birthplace
67017,team
67020,birthplace
67055,birthplace
67066,team
67105,birthplace
67152,team
67181,birthyear
67205,team
67223,team
67284,birthyear
67348,team
67367,birthyear
67442,birthplace
67447,birthplace
67460,birthplace
67466,team
67467,team
67484,birthplace
67522,team
67524,birthyear
67524,team
67549,team
67553,birthplace
67556,team
67557,birthyear
67576,birthplace
67611,team
67612,birthyear
67612,team
67652,birthplace
67680,birthyear
67715,team
67734,birthyear
67734,team
67748,birthplace
67788,birthyear
67790,birthyear
67793,team
67930,birthplace
67948,birthyear
67995,birthyear
68022,birthplace
68057,team
68065,birthplace
68072,birthplace
68095,birthplace
68109,birthyear
68128,birthplace
68207,birthyear
68214,team
68217,team
68229,team
68239,birthyear
68267,birthyear
68267,team
68281,birthplace
68304,team
68366,birthyear
68436,birthplace
68477,birthplace
68482,birthplace
68513,birthplace
68540,team
68543,birthplace
68560,birthyear
68581,birthyear
68583,birthyear
68596,birthplace
68633,birthplace
68647,birthyear
68674,team
68690,team
68700,team
68740,birthplace
68760,birthplace
68761,birthyear
68761,team
68783,birthyear
68825,birthyear
68843,team
68855,birthplace
68873,team
68877,birthyear
68902,team
68906,team
68919,birthyear
68919,team
68931,birthyear
68945,team
68961,birthplace
68975,birthplace
68997,birthplace
69008,birthplace
69019,team
69021,birthyear
69025,birthyear
69040,birthyear
69044,birthyear
69082,birthyear
69145,birthyear
69150,team
69163,team
69168,team
69183,team
69184,birthplace
69193,team
69215,birthplace
69261,birthplace
69283,birthplace
69298,birthplace
69379,birthyear
69379,team
69388,birthyear
69400,team
69408,birthyear
69408,team
69417,team
69434,birthplace
69466,team
69504,team
69508,birthplace
69545,birthyear
69549,birthyear
69574,birthplace
69595,team
69610,birthplace
69617,team
69622,birthplace
69632,team
69661,birthplace
69664,team
69682,team
69683,birthyear
69720,birthplace
69727,birthplace
69735,birthyear
69744,team
69749,team
69752,birthyear
69759,birthyear
69766,birthplace
69771,team
69779,birthplace
69800,team
69807,birthplace
69845,team
69878,birthyear
69938,team
69942,team
69958,birthplace
69960,birthplace
69983,birthyear
69987,team
70015,birthplace
70040,team
70125,birthplace
70145,birthplace
70153,team
70175,birthplace
70206,team
70211,birthplace
70220,birthyear
70249,birthplace
70259,birthplace
70279,team
70352,team
70357,birthplace
70360,birthplace
70361,birthyear
70376,team
70382,team
70403,birthplace
70415,birthplace
70426,birthyear
70437,team
70463,team
70474,birthplace
70482,birthyear
70497,birthyear
70497,team
70514,birthyear
70516,birthyear
70520,team
70522,birthplace
70596,birthyear
70665,birthplace
70708,birthplace
70709,birthyear
70744,birthplace
70790,birthplace
70841,birthplace
70845,team
70849,birthplace
70883,team
70899,birthyear
70901,team
70902,birthyear
70924,team
71023,birthplace
71034,birthplace
71052,birthplace
71070,birthplace
71073,birthplace
71080,birthyear
71080,team
71082,team
71100,birthplace
71103,birthplace
71123,birthplace
71127,birthplace
71133,birthplace
71168,team
71185,team
71209,birthyear
71218,birthyear
71218,team
71248,team
71259,birthplace
71292,birthplace
71342,birthyear
71383,team
71400,team
71429,team
71496,birthplace
71508,team
71535,birthplace
71586,team
71592,team
71626,birthplace
71630,birthyear
71635,birthyear
71635,team
71668,birthplace
71671,birthyear
71685,birthyear
71728,team
71735,birthyear
71735,team
71771,team
71798,team
71814,team
71829,birthplace
71905,team
71914,birthplace
71917,team
71956,birthplace
71977,birthplace
72016,team
72059,birthyear
72093,birthyear
72094,birthyear
72094,team
72104,team
72119,birthyear
72125,birthplace
72137,birthplace
72177,birthyear
72191,birthplace
72227,birthplace
72229,birthyear
72242,birthplace
72244,birthyear
72249,birthyear
72253,team
72287,birthyear
72319,team
72328,team
72364,birthplace
72376,team
72380,birthyear
72385,birthyear
72403,birthyear
72420,team
72423,birthplace
72426,team
72433,birthplace
72483,team
72507,birthyear
72509,team
72529,birthplace
72533,birthplace
72540,birthyear
72632,birthplace
72635,birthplace
72655,team
72662,team
72673,team
72682,birthplace
72688,birthplace
72736,team
72738,birthplace
72762,birthplace
72786,team
72806,team
72817,team
72820,birthplace
72834,birthyear
72842,birthyear
72868,birthyear
72874,team
72876,birthyear
72877,team
72899,birthplace
72905,birthyear
72906,team
72919,team
72927,birthplace
72942,birthyear
73005,team
73012,team
73040,birthyear
73059,team
73069,team
73098,birthyear
73122,team
73172,team
73187,birthyear
73187,team
73190,birthplace
73203,team
73218,birthplace
73226,team
73276,team
73283,birthplace
73309,birthyear
73324,birthplace
73335,team
73337,birthyear
73353,birthplace
73363,team
73377,team
73415,birthyear
73426,team
73455,birthplace
73463,birthplace
73489,birthplace
73495,team
73521,birthyear
73540,team
73558,team
73561,birthplace
73569,team
73572,team
73642,birthplace
73656,team
73686,birthplace
73720,birthplace
73748,team
73760,birthyear
73795,birthplace
73807,team
73819,team
73868,birthyear
73868,team
73869,team
73881,birthyear
74013,team
74091,birthyear
74105,birthplace
74148,birthplace
74165,birthplace
74167,birthplace
74203,birthplace
74207,team
74235,birthyear
74257,birthplace
74293,birthplace
74305,birthplace
74307,team
74332,birthyear
74337,birthplace
74358,birthyear
74400,team
74416,birthplace
74455,birthplace
74458,birthyear
74562,birthyear
74598,birthyear
74621,birthyear
74629,birthplace
74707,birthplace
74718,birthplace
74729,birthplace
74793,birthyear
74801,birthplace
74889,birthyear
74911,birthyear
75081,birthyear
75095,birthyear
75143,birthplace
75153,birthplace
75167,birthplace
75188,birthyear
75219,birthplace
75272,birthplace
75275,birthyear
75295,birthyear
75322,birthplace
75381,birthplace
75400,birthplace
75411,birthplace
75415,birthyear
75440,birthplace
75493,birthplace
75495,birthyear
75496,birthplace
75561,birthplace
75591,birthyear
75625,birthyear
75637,birthyear
75641,birthplace
75656,birthplace
75667,birthplace
75675,birthplace
75685,birthyear
75687,birthplace
75695,birthplace
75715,birthplace
75745,birthplace
75779,birthplace
75780,birthplace
75793,birthplace
75803,birthplace
75813,birthplace
75920,birthyear
75942,birthplace
75950,birthplace
75953,birthplace
75961,birthplace
76082,birthplace
76111,birthplace
76115,birthplace
76154,birthplace
76161,birthplace
76166,birthplace
76175,birthyear
76199,birthyear
76205,birthplace
76207,birthplace
76234,birthplace
76266,birthplace
76306,birthplace
76326,birthplace
76349,birthplace
76356,birthyear
76361,birthplace
76411,birthplace
76429,birthplace
76461,birthplace
76473,birthplace
76505,birthplace
76509,birthyear
76516,birthplace
76540,birthyear
76566,birthplace
76568,birthplace
76666,birthyear
76754,birthyear
76755,birthplace
76802,birthplace
76847,birthyear
76881,birthplace
76883,birthplace
76999,birthyear
77024,birthplace
77077,birthyear
77110,birthyear
77128,birthyear
77133,birthyear
77134,birthyear
77136,birthyear
77174,birthplace
77183,birthplace
77204,birthyear
77205,birthplace
77322,birthyear
77343,birthplace
77355,birthyear
77393,birthyear
77471,birthplace
77476,birthplace
77508,birthplace
77522,birthyear
77543,birthplace
77562,birthplace
77586,birthplace
77705,birthyear
77757,birthyear
77870,birthyear
77881,birthplace
77895,birthyear
77907,birthplace
77932,birthyear
77934,birthplace
77974,birthplace
77980,birthyear
77984,birthplace
77998,birthplace
78013,birthplace
78028,birthplace
78083,birthplace
78091,birthplace
78113,birthplace
78134,birthplace
78175,birthplace
78191,birthplace
78193,birthyear
78194,birthplace
78250,birthyear
78280,birthyear
78294,birthplace
78335,birthyear
78356,birthyear
78361,birthyear
78365,birthplace
78500,birthplace
78554,birthyear
78588,birthplace
78593,birthyear
78599,birthplace
78610,birthplace
78626,birthyear
78664,birthplace
78671,birthyear
78693,birthplace
78743,birthyear
78754,birthplace
78832,birthplace
78867,birthyear
78869,birthyear
78887,birthplace
78898,birthyear
78908,birthplace
78944,birthplace
78987,birthplace
79012,birthyear
79049,birthplace
79083,birthplace
79101,birthplace
79118,birthyear
79161,birthyear
79175,birthplace
79258,birthplace
79291,birthyear
79314,birthyear
79322,birthplace
79334,birthplace
79404,birthyear
79408,birthyear
79488,birthplace
79534,birthplace
79599,birthplace
79617,birthyear
79685,birthyear
79759,birthplace
79762,birthplace
79784,birthplace
79806,birthplace
79807,birthyear
79813,birthplace
79857,birthplace
79881,birthyear
79947,birthyear
79991,birthyear
79995,birthplace
80063,birthyear
80081,birthplace
80083,birthplace
80089,birthyear
80099,birthplace
80124,birthyear
80158,birthyear
80183,birthplace
80207,birthplace
80265,birthyear
80273,birthplace
80284,birthplace
80289,birthyear
80324,birthyear
80337,birthplace
80384,birthyear
80420,birthyear
80425,birthyear
80477,birthyear
80480,birthplace
80483,birthyear
80525,birthplace
80565,birthplace
80579,birthplace
80599,birthplace
80601,birthplace
80611,birthplace
80620,birthplace
80665,birthplace
80700,birthplace
80705,birthyear
80709,birthplace
80724,birthplace
80735,birthplace
80755,birthplace
80757,birthyear
80770,birthplace
80781,birthplace
80786,birthyear
80822,birthplace
80832,birthyear
80853,birthplace
80858,birthplace
80863,birthplace
80885,birthyear
80919,birthyear
80948,birthyear
80962,birthplace
81025,birthyear
81057,birthplace
81063,birthyear
81112,birthplace
81113,birthyear
81120,birthplace
81138,birthplace
81213,birthplace
81269,birthplace
81313,birthplace
81374,birthyear
81395,birthplace
81401,birthplace
81481,birthplace
81520,birthplace
81524,birthplace
81556,birthyear
81579,birthplace
81597,birthplace
81618,birthplace
81642,birthplace
81677,birthyear
81717,birthplace
81752,birthplace
81910,birthplace
81911,birthyear
81930,birthplace
81982,birthplace
82004,birthplace
82005,birthplace
82018,birthplace
82059,birthplace
82102,birthyear
82106,birthplace
82161,birthyear
82254,birthplace
82344,birthplace
82379,birthplace
82403,birthyear
82410,birthplace
82422,birthplace
82521,birthplace
82537,birthyear
82578,birthplace
82608,birthplace
82609,birthplace
82621,birthplace
82684,birthyear
82713,birthplace
82746,birthplace
82796,birthyear
82797,birthplace
82814,birthplace
82922,birthplace
82988,birthplace
82995,birthplace
83041,birthyear
83048,birthplace
83063,birthyear
83077,birthplace
83078,birthplace
83124,birthplace
83135,birthplace
83151,birthplace
83161,birthyear
83212,birthplace
83243,birthyear
83251,birthyear
83258,birthplace
83269,birthyear
83280,birthplace
83283,birthplace
83329,birthyear
83330,birthplace
83374,birthyear
83385,birthyear
83418,birthplace
83432,birthyear
83451,birthplace
83515,birthplace
83566,birthplace
83579,birthplace
83596,birthplace
83598,birthplace
83610,birthplace
83662,birthyear
83667,birthplace
83714,birthplace
83743,birthplace
83746,birthplace
83818,birthplace
83826,birthyear
83828,birthplace
83883,birthplace
83892,birthplace
83907,birthplace
83971,birthplace
83984,birthplace
84060,birthyear
84115,birthplace
84120,birthplace
84190,birthplace
84212,birthyear
84349,birthplace
84360,birthplace
84394,birthplace
84404,birthplace
84576,birthplace
84584,birthplace
84633,birthplace
84688,birthyear
84740,birthplace
84938,birthplace
84953,birthplace
84962,birthyear
85001,birthplace
85036,birthplace
85072,birthyear
85079,birthplace
85083,birthplace
85119,birthplace
85159,birthplace
85171,birthplace
85182,birthplace
85213,birthyear
85223,birthyear
85253,birthplace
85263,birthyear
85325,birthyear
85333,birthplace
85355,birthyear
85359,birthplace
85366,birthplace
85385,birthplace
85402,birthplace
85417,birthplace
85466,birthplace
85474,birthplace
85572,birthplace
85587,birthplace
85589,birthplace
85607,birthplace
85632,birthyear
85741,birthplace
85882,birthplace
85894,birthplace
85971,birthplace
85977,birthyear
85990,birthyear
85992,birthplace
86098,birthyear
86148,birthplace
86248,birthplace
86258,birthyear
86281,birthyear
86309,birthplace
86329,birthyear
86397,birthplace
86410,birthplace
86463,birthplace
86470,birthyear
86471,birthyear
86540,birthyear
86681,birthplace
86699,birthplace
86732,birthplace
86788,birthplace
86850,birthplace
86886,birthplace
86940,birthplace
86941,birthplace
86996,birthplace
87027,birthyear
87038,birthplace
87049,birthplace
87100,birthplace
87114,birthplace
87119,birthplace
87155,birthplace
87187,birthyear
87206,birthplace
87208,birthplace
87217,birthyear
87301,birthplace
87322,birthplace
87349,birthyear
87351,birthplace
87420,birthplace
87505,birthplace
87524,birthplace
87589,birthplace
87591,birthplace
87620,birthplace
87651,birthyear
87706,birthplace
87734,birthplace
87760,birthplace
87765,birthplace
87804,birthyear
87859,birthyear
87883,birthyear
87898,birthplace
87914,birthplace
87924,birthplace
88015,birthplace
88021,birthplace
88035,birthplace
88039,birthyear
88050,birthplace
88078,birthplace
88105,birthplace
88182,birthplace
88183,birthyear
88234,birthplace
88236,birthplace
88238,birthplace
88297,birthplace
88305,birthyear
88340,birthplace
88367,birthyear
88413,birthplace
88500,birthyear
88509,birthplace
88519,birthyear
88551,birthplace
88582,birthplace
88590,birthyear
88605,birthplace
88613,birthplace
88616,birthplace
88641,birthplace
88687,birthplace
88763,birthplace
88774,birthyear
88778,birthplace
88818,birthplace
88856,birthyear
88965,birthplace
89002,birthplace
89006,birthplace
89022,birthplace
89037,birthplace
89088,birthplace
89101,birthplace
89110,birthplace
89129,birthyear
89226,birthyear
89246,birthplace
89273,birthplace
89274,birthplace
89292,birthplace
89304,birthplace
89313,birthplace
89319,birthyear
89343,birthplace
89357,birthplace
89360,birthplace
89381,birthplace
89400,birthyear
89447,birthyear
89450,birthyear
89503,birthyear
89523,birthplace
89533,birthplace
89599,birthplace
89605,birthplace
89629,birthplace
89655,birthplace
89657,birthplace
89731,birthplace
89766,birthplace
89803,birthplace
89815,birthplace
89817,birthplace
89839,birthplace
89855,birthplace
89891,birthplace
89917,birthplace
89946,birthyear
89958,birthplace
89987,birthplace
89995,birthplace
90016,birthplace
90051,birthplace
90077,birthyear
90145,birthplace
90168,birthplace
90264,birthyear
90336,birthplace
90369,birthplace
90396,birthplace
90403,birthyear
90440,birthplace
90461,birthplace
90464,birthplace
90479,birthplace
90550,birthplace
90583,birthyear
90616,birthyear
90626,birthplace
90631,birthplace
90682,birthplace
90721,birthplace
90734,birthplace
90760,birthyear
90773,birthyear
90812,birthplace
90882,birthplace
90889,birthplace
90901,birthplace
90935,birthplace
90984,birthplace
91089,birthyear
91094,birthyear
91113,birthplace
91124,birthplace
91130,birthplace
91155,birthplace
91214,birthplace
91259,birthplace
91298,birthyear
91319,birthyear
91334,birthplace
91373,birthplace
91413,birthplace
91414,birthyear
91454,birthplace
91472,birthyear
91478,birthplace
91490,birthplace
91516,birthplace
91524,birthplace
91551,birthplace
91567,birthyear
91621,birthplace
91642,birthplace
91666,birthplace
91680,birthplace
91693,birthplace
91731,birthplace
91733,birthyear
91750,birthyear
91777,birthplace
91814,birthyear
92015,birthplace
92045,birthyear
92056,birthplace
92086,birthyear
92102,birthplace
92107,birthplace
92139,birthyear
92178,birthyear
92211,birthyear
92227,birthplace
92239,birthplace
92240,birthplace
92242,birthplace
92270,birthyear
92318,birthplace
92319,birthyear
92330,birthyear
92380,birthplace
92394,birthplace
92395,birthplace
92418,birthyear
92537,birthplace
92548,birthplace
92551,birthyear
92594,birthyear
92613,birthplace
92642,birthplace
92729,birthyear
92769,birthplace
92781,birthplace
92785,birthyear
92936,birthplace
92962,birthplace
93010,birthplace
93064,birthplace
93086,birthyear
93098,birthyear
93103,birthplace
93260,birthplace
93266,birthyear
93278,birthplace
93302,birthplace
93330,birthplace
93337,birthplace
93367,birthplace
93390,birthplace
93394,birthplace
93400,birthyear
93509,birthyear
93541,birthplace
93554,birthyear
93602,birthplace
93609,birthplace
93623,birthyear
93674,birthplace
93703,birthplace
93712,birthyear
93721,birthplace
93729,birthplace
93751,birthplace
93760,birthplace
93857,birthplace
93861,birthplace
93879,birthplace
93895,birthplace
93911,birthplace
93923,birthyear
94018,birthyear
94109,birthplace
94115,birthplace
94118,birthyear
94138,birthyear
94142,birthyear
94168,birthyear
94181,birthplace
94342,birthyear
94344,birthyear
94367,birthplace
94380,birthplace
94394,birthyear
94402,birthplace
94403,birthplace
94404,birthplace
94408,birthplace
94411,birthplace
94457,birthyear
94475,birthplace
94480,birthplace
94485,birthplace
94492,birthplace
94495,birthyear
94525,birthplace
94656,birthplace
94662,birthplace
94783,birthplace
94793,birthyear
94814,birthyear
94818,birthplace
94853,birthplace
94881,birthplace
94914,birthplace
94973,birthplace
94984,birthplace
94995,birthplace
95099,birthplace
95120,birthplace
95134,birthplace
95149,birthyear
95156,birthplace
95165,birthplace
95189,birthplace
95199,birthplace
95217,birthyear
95258,birthplace
95271,birthyear
95353,birthplace
95361,birthplace
95396,birthplace
95430,birthplace
95455,birthplace
95468,birthyear
95485,birthplace
95533,birthplace
95553,birthplace
95560,birthyear
95572,birthyear
95577,birthyear
95727,birthplace
95732,birthplace
95779,birthplace
95805,birthyear
95875,birthplace
95878,birthyear
95950,birthplace
95991,birthplace
96016,birthplace
96031,birthyear
96059,birthyear
96130,birthplace
96161,birthplace
96187,birthplace
96234,birthplace
96338,birthplace
96402,birthplace
96407,birthyear
96453,birthplace
96501,birthyear
96502,birthyear
96508,birthyear
96544,birthplace
96546,birthyear
96578,birthplace
96630,birthplace
96644,birthyear
96654,birthplace
96699,birthplace
96701,birthplace
96708,birthplace
96715,birthyear
96721,birthplace
96835,birthplace
96852,birthplace
96893,birthplace
96894,birthplace
96955,birthyear
96995,birthplace
97122,birthplace
97127,birthyear
97155,birthyear
97167,birthyear
97182,birthyear
97189,birthyear
97199,birthplace
97202,birthplace
97206,birthplace
97289,birthplace
97326,birthyear
97338,birthplace
97359,birthplace
97382,birthplace
97408,birthplace
97419,birthplace
97430,birthplace
97442,birthyear
97481,birthplace
97491,birthyear
97496,birthplace
97515,birthplace
97539,birthyear
97568,birthyear
97582,birthplace
97588,birthplace
97641,birthyear
97658,birthyear
97674,birthyear
97685,birthplace
97720,birthplace
97731,birthplace
97760,birthplace
97767,birthyear
97831,birthyear
97841,birthyear
97858,birthplace
97903,birthplace
97934,birthplace
97978,birthplace
97996,birthplace
98004,birthplace
98112,birthplace
98120,birthyear
98207,birthplace
98217,birthplace
98286,birthyear
98301,birthplace
98317,birthplace
98318,birthyear
98349,birthplace
98419,birthplace
98420,birthyear
98440,birthyear
98534,birthplace
98567,birthyear
98611,birthplace
98628,birthplace
98670,birthyear
98715,birthplace
98717,birthplace
98786,birthplace
98875,birthplace
98886,birthyear
98916,birthplace
98919,birthyear
98930,birthplace
98959,birthyear
99029,birthplace
99036,birthyear
99064,birthplace
99200,birthyear
99204,birthplace
99212,birthyear
99223,birthyear
99252,birthyear
99262,birthplace
99290,birthyear
99318,birthyear
99350,birthyear
99370,birthplace
99423,birthplace
99511,birthyear
99526,birthyear
99573,birthyear
99619,birthplace
99636,birthyear
99664,birthyear
99734,birthyear
99772,birthplace
99780,birthplace
99831,birthplace
99846,birthplace
99879,birthyear
99896,birthyear
99990,birthyear
100023,birthplace
100032,birthplace
100078,birthyear
100134,birthplace
100220,birthplace
100261,birthplace
100269,birthyear
100322,birthplace
100437,birthplace
100447,birthplace
100509,birthyear
100534,birthplace
100555,birthplace
100604,birthplace
100606,birthplace
100613,birthplace
100625,birthplace
100687,birthyear
100689,birthplace
100711,birthplace
100745,birthplace
100746,birthplace
100765,birthyear
100799,birthplace
100839,birthyear
100888,birthplace
100932,birthplace
101058,birthplace
101094,birthplace
101099,birthplace
101149,birthyear
101168,birthplace
101175,birthplace
101219,birthyear
101228,birthplace
101232,birthplace
101238,birthyear
101262,birthplace
101264,birthplace
101281,birthyear
101292,birthplace
101318,birthplace
101425,birthyear
101500,birthplace
101540,birthyear
101544,birthyear
101550,birthplace
101630,birthplace
101703,birthyear
101738,birthplace
101740,birthplace
101743,birthplace
101774,birthplace
101791,birthyear
101835,birthplace
101844,birthyear
101871,birthplace
101894,birthyear
101908,birthplace
101910,birthplace
101973,birthplace
102008,birthyear
102019,birthplace
102056,birthyear
102068,birthplace
102071,birthyear
102232,birthyear
102253,birthyear
102297,birthplace
102301,birthplace
102350,birthplace
102473,birthplace
102506,birthplace
102521,birthplace
102531,birthyear
102560,birthplace
102584,birthyear
102602,birthyear
102628,birthplace
102668,birthplace
102725,birthyear
102763,birthplace
102822,birthyear
102826,birthplace
102843,birthplace
102896,birthplace
102907,birthplace
102926,birthyear
102938,birthyear
102974,birthplace
103004,birthyear
103007,birthplace
103011,birthplace
103028,birthplace
103049,birthplace
103056,birthyear
103063,birthyear
103068,birthplace
103134,birthplace
103135,birthplace
103139,birthplace
103142,birthplace
103153,birthplace
103218,birthplace
103251,birthplace
103266,birthplace
103274,birthyear
103275,birthyear
103294,birthplace
103310,birthyear
103333,birthplace
103369,birthplace
103399,birthplace
103411,birthplace
103419,birthplace
103483,birthyear
103515,birthyear
103544,birthplace
103582,birthyear
103585,birthplace
103606,birthplace
103625,birthplace
103657,birthplace
103660,birthyear
103708,birthplace
103768,birthplace
103847,birthplace
103889,birthplace
103916,birthplace
103917,birthyear
103973,birthyear
104056,birthplace
104165,birthplace
104191,birthplace
104253,birthyear
104289,birthplace
104337,birthplace
104369,birthplace
104370,birthyear
104441,birthplace
104472,birthplace
104479,birthyear
104513,birthplace
104537,birthyear
104592,birthplace
104621,birthplace
104667,birthplace
104684,birthyear
104701,birthplace
104748,birthyear
104790,birthyear
104791,birthplace
104819,birthplace
104871,birthyear
104882,birthyear
104916,birthyear
104917,birthplace
104961,birthplace
104985,birthyear
105003,birthplace
105039,birthyear
105053,birthplace
105082,birthplace
105083,birthyear
105118,birthplace
105152,birthplace
105213,birthplace
105344,birthplace
105368,birthplace
105385,birthplace
105473,birthplace
105504,birthplace
105521,birthplace
105531,birthyear
105559,birthplace
105565,birthplace
105598,birthyear
105626,birthyear
105687,birthplace
105716,birthplace
105768,birthplace
105818,birthplace
105868,birthplace
105888,birthplace
105892,birthplace
105917,birthyear
105926,birthplace
105934,birthplace
106010,birthyear
106023,birthplace
106070,birthyear
106182,birthyear
106187,birthplace
106214,birthyear
106234,birthplace
106252,birthplace
106282,birthplace
106307,birthplace
106308,birthplace
106342,birthplace
106377,birthplace
106381,birthplace
106397,birthplace
106406,birthyear
106442,birthyear
106478,birthyear
106482,birthplace
106486,birthyear
106510,birthyear
106522,birthplace
106528,birthplace
106592,birthplace
106601,birthplace
106653,birthplace
106738,birthyear
106921,birthyear
106928,birthyear
106947,birthplace
106948,birthplace
106961,birthplace
107057,birthplace
107097,birthplace
107133,birthplace
107137,birthyear
107157,birthplace
107159,birthplace
107168,birthplace
107190,birthyear
107233,birthplace
107280,birthplace
107292,birthplace
107310,birthplace
107387,birthplace
107399,birthyear
107403,birthplace
107550,birthplace
107577,birthplace
107583,birthplace
107608,birthplace
107612,birthplace
107622,birthplace
107657,birthplace
107697,birthyear
107711,birthyear
107742,birthplace
107817,birthyear
107826,birthplace
107863,birthplace
107864,birthplace
107871,birthplace
107890,birthplace
107930,birthplace
107958,birthyear
107963,birthplace
107968,birthplace
107978,birthplace
108015,birthplace
108051,birthplace
108056,birthplace
108077,birthplace
108081,birthplace
108102,birthplace
108123,birthplace
108127,birthplace
108175,birthplace
108214,birthplace
108247,birthplace
108248,birthplace
108322,team
108332,birthplace
108341,team
108344,birthplace
108354,birthplace
108363,birthplace
108372,birthyear
108385,birthplace
108393,birthplace
108484,team
108490,birthyear
108497,birthyear
108501,birthyear
108501,team
108514,birthyear
108518,team
108537,birthplace
108575,birthyear
108678,birthyear
108688,team
108700,birthyear
108700,team
108717,birthyear
108723,birthplace
108742,birthplace
108766,team
108791,team
108804,team
108854,team
108868,team
108892,birthyear
108947,birthyear
108954,birthyear
108966,birthplace
108968,team
108978,birthyear
108978,team
108994,birthyear
109004,birthyear
109004,team
109095,team
109102,birthplace
109156,team
109158,team
109183,team
109187,birthyear
109198,birthplace
109203,birthplace
109204,birthplace
109247,birthyear
109285,team
109290,birthplace
109300,birthplace
109320,birthplace
109324,birthyear
109346,birthplace
109376,team
109409,birthyear
109409,team
109440,birthyear
109442,team
109447,birthplace
109501,birthplace
109517,team
109528,birthyear
109569,birthyear
109569,team
109643,birthplace
109662,team
109670,birthyear
109670,team
109671,birthplace
109688,birthyear
109688,team
109711,birthyear
109712,birthyear
109758,team
109776,birthplace
109788,birthplace
109799,birthyear
109852,birthyear
109854,team
109855,team
109862,birthplace
109897,birthplace
109910,birthplace
109952,birthplace
109967,birthyear
109972,birthyear
109975,birthplace
109987,birthplace
109997,birthplace
110025,birthplace
110078,birthyear
110098,birthyear
110123,birthplace
110154,birthplace
110200,birthyear
110294,team
110335,team
110341,birthyear
110344,birthplace
110425,birthyear
110460,team
110465,birthplace
110490,birthplace
110506,birthplace
110518,birthplace
110539,team
110552,birthyear
110553,team
110569,team
110573,birthplace
110624,team
110631,birthplace
110642,birthyear
110642,team
110645,team
110649,birthplace
110670,birthplace
110674,birthplace
110712,team
110733,birthyear
110764,birthplace
110769,team
110780,birthplace
110801,birthyear
110801,team
110827,birthplace
110835,team
110874,birthplace
110886,birthplace
110887,birthplace
110890,birthplace
110906,birthyear
110923,birthplace
110933,birthyear
110933,team
110945,birthplace
110954,birthplace
110956,team
110966,birthyear
110966,team
110968,birthyear
110989,birthplace
110990,team
111004,birthplace
111010,birthyear
111012,birthplace
111054,birthplace
111055,birthyear
111075,birthplace
111081,team
111111,team
111185,team
111193,birthplace
111258,team
111270,birthplace
111283,team
111326,birthyear
111338,birthplace
111352,birthyear
111356,team
111366,birthyear
111366,team
111401,birthplace
111412,birthyear
111427,birthplace
111442,team
111474,birthplace
111539,team
111544,birthyear
111545,birthplace
111551,birthyear
111595,birthyear
111605,team
111620,team
111621,birthplace
111680,team
111685,birthplace
111708,birthplace
111729,birthyear
111729,team
111731,birthyear
111741,birthplace
111769,birthplace
111784,team
111786,birthyear
111826,birthyear
111834,team
111835,birthyear
111839,team
111862,birthyear
111891,birthplace
111898,team
111911,team
111921,birthplace
111928,team
111939,birthplace
111945,birthplace
111958,team
111962,birthplace
111971,birthplace
111981,birthyear
111989,team
112015,birthplace
112025,birthyear
112025,team
112026,birthplace
112032,birthyear
112032,team
112048,team
112068,birthyear
112068,team
112093,birthyear
112093,team
112119,team
112125,team
112142,team
112156,birthplace
112168,birthplace
112173,team
112175,birthyear
112198,team
112215,team
112268,team
112269,team
112327,team
112334,team
112350,team
112381,team
112387,birthyear
112395,team
112411,birthyear
112460,birthplace
112479,birthplace
112504,birthyear
112517,birthplace
112534,birthplace
112542,birthyear
112563,birthplace
112566,birthplace
112568,team
112572,birthplace
112609,birthyear
112625,birthplace
112626,birthyear
112633,team
112651,team
112658,team
112726,birthyear
112756,birthplace
112764,birthyear
112788,team
112793,team
112823,birthyear
112832,birthplace
112844,birthplace
112851,team
112858,birthplace
112890,birthyear
112892,birthplace
112900,birthyear
112909,team
112921,birthyear
112945,team
112961,team
113001,birthyear
113014,birthplace
113061,team
113076,team
113091,birthplace
113093,birthplace
113112,team
113157,birthplace
113232,birthplace
113245,team
113262,birthplace
113264,birthplace
113268,birthplace
113272,team
113275,team
113282,birthyear
113341,birthplace
113353,birthplace
113362,birthyear
113408,birthplace
113480,birthplace
113495,birthplace
113501,birthyear
113548,birthplace
113555,birthplace
113584,birthplace
113585,team
113611,birthplace
113616,birthplace
113620,team
113621,birthplace
113627,birthplace
113632,birthplace
113643,team
113659,birthyear
113664,birthplace
113711,birthplace
113716,team
113738,birthplace
113767,birthyear
113781,birthplace
113793,team
113820,team
113839,team
113886,birthplace
113978,team
114002,birthplace
114003,team
114004,birthyear
114036,team
114050,birthplace
114053,team
114106,birthplace
114110,team
114114,team
114121,birthyear
114125,birthplace
114140,birthplace
114176,team
114184,team
114199,birthplace
114203,birthplace
114220,birthyear
114266,team
114308,birthyear
114309,team
114341,team
114365,team
114383,team
114399,birthyear
114404,birthyear
114408,team
114417,team
114418,birthplace
114435,team
114454,team
114459,birthplace
114468,team
114475,birthplace
114490,birthplace
114532,birthyear
114535,team
114548,team
114564,birthplace
114574,team
114592,birthyear
114620,birthplace
114629,birthplace
114682,birthyear
114728,team
114805,birthyear
114826,team
114848,birthplace
114870,birthyear
114883,birthyear
114883,team
114956,birthyear
114956,team
114971,birthplace
114999,birthplace
115043,birthplace
115062,team
115075,birthplace
115123,birthplace
115148,birthyear
115182,birthplace
115221,team
115321,birthyear
115325,birthplace
115340,team
115385,birthyear
115413,birthplace
115421,birthyear
115448,team
115495,birthplace
115530,birthyear
115537,birthplace
115541,birthplace
115551,birthplace
115558,team
115560,birthplace
115586,birthplace
115611,birthyear
115630,team
115641,birthplace
115673,birthyear
115674,birthyear
115681,team
115688,team
115702,birthyear
115702,team
115704,team
115716,birthplace
115733,birthplace
115781,birthplace
115814,birthplace
115817,team
115826,team
115829,team
115844,birthyear
115844,team
115858,birthplace
115895,birthyear
115927,team
115944,birthplace
115946,team
115951,birthplace
115990,team
116037,team
116044,team
116052,birthyear
116060,team
116074,team
116101,birthplace
116106,birthplace
116119,team
116128,team
116136,birthplace
116163,birthyear
116177,birthplace
116216,team
116237,birthplace
116290,birthplace
116302,team
116310,birthyear
116325,birthyear
116371,team
116378,birthplace
116383,team
116385,birthyear
116397,team
116433,team
116445,birthplace
116450,team
116465,team
116503,team
116519,birthyear
116538,birthplace
116568,birthyear
116579,team
116585,birthplace
116675,birthplace
116684,birthplace
116685,birthyear
116717,birthplace
116741,birthyear
116743,birthplace
116758,birthplace
116777,birthplace
116792,team
116803,team
116828,birthplace
116850,birthyear
116896,birthyear
116896,team
116947,birthplace
116969,birthplace
116980,birthyear
117015,birthyear
117019,birthyear
117072,birthyear
117072,team
117078,birthplace
117118,birthyear
117197,birthplace
117199,birthplace
117241,birthyear
117323,birthplace
117352,birthplace
117429,birthyear
117435,birthyear
117439,birthyear
117439,team
117488,team
117540,team
117546,birthplace
117547,birthyear
117567,birthyear
117584,birthyear
117598,birthplace
117658,team
117662,team
117746,team
117750,team
117783,birthyear
117815,birthyear
117857,team
117876,birthplace
117911,birthplace
117939,team
117943,birthplace
118027,birthyear
118073,birthyear
118073,team
118076,team
118077,team
118084,birthplace
118124,birthplace
118152,birthplace
118165,team
118173,birthyear
118173,team
118200,birthplace
118204,birthplace
118213,birthplace
118244,birthyear
118244,team
118261,team
118274,birthplace
118304,birthplace
118318,team
118321,team
118337,birthplace
118361,birthplace
118389,birthyear
118401,birthyear
118475,team
118530,birthplace
118534,birthplace
118598,team
118604,birthplace
118605,birthplace
118620,birthplace
118690,birthplace
118714,team
118726,birthyear
118733,birthyear
118734,birthplace
118760,birthyear
118782,team
118795,birthplace
118800,birthplace
118807,birthplace
118819,birthplace
118838,birthplace
118852,birthyear
118881,birthyear
118881,team
118884,team
118888,team
118931,birthplace
118938,birthplace
118992,birthplace
119004,team
119012,birthplace
119030,birthplace
119034,team
119041,birthyear
119047,birthplace
119055,birthplace
119060,team
119070,birthplace
119075,birthplace
119096,team
119103,team
119160,birthplace
119201,birthplace
119204,birthplace
119205,team
119233,birthplace
119260,birthplace
119264,team
119275,team
119291,team
119296,birthplace
119303,birthplace
119307,team
119323,birthplace
119333,team
119336,birthplace
119355,birthplace
119399,birthplace
119427,birthyear
119487,birthplace
119517,birthyear
119539,birthyear
119577,birthplace
119587,birthyear
119587,team
119596,birthyear
119608,team
119639,birthplace
119705,birthplace
119709,team
119730,birthplace
119755,birthyear
119760,birthyear
119765,birthyear
119782,team
119785,birthplace
119813,birthyear
119829,birthplace
119845,birthplace
119897,birthplace
119898,birthyear
119911,team
119921,birthplace
119925,birthplace
119934,team
119939,birthyear
119953,birthyear
119957,birthyear
119994,birthyear
120040,birthyear
120050,team
120054,team
120059,team
120107,team
120119,birthplace
120135,birthplace
120168,birthplace
120183,birthplace
120184,birthplace
120204,team
120210,birthplace
120211,birthyear
120213,birthyear
120250,birthyear
120251,team
120287,birthplace
120303,birthyear
120303,team
120305,birthplace
120329,team
120362,birthplace
120371,birthplace
120397,team
120412,birthyear
120435,team
120469,birthplace
120497,team
120569,birthplace
120625,team
120705,birthyear
120710,birthplace
120722,birthyear
120726,birthplace
120741,birthyear
120760,team
120800,birthyear
120823,team
120882,birthplace
120897,birthyear
120898,birthplace
120908,team
120922,birthyear
120930,birthyear
120961,birthyear
120973,birthplace
120974,birthplace
120980,team
121045,birthplace
121078,birthyear
121078,team
121082,team
121088,birthplace
121109,team
121169,birthyear
121169,team
121199,team
121239,team
121250,team
121264,birthplace
121292,birthplace
121303,team
121325,team
121336,birthplace
121394,birthplace
121422,team
121423,team
121433,team
121434,birthplace
121441,team
121450,team
121474,birthplace
121480,birthplace
121518,birthyear
121535,birthplace
121541,birthyear
121542,team
121550,birthyear
121553,birthyear
121553,team
121558,team
121578,birthplace
121619,birthplace
121631,birthyear
121660,birthplace
121661,team
121667,birthplace
121668,birthplace
121669,team
121676,birthyear
121689,team
121695,team
121707,birthplace
121727,team
121736,birthyear
121741,birthyear
121765,birthplace
121786,birthyear
121801,team
121818,team
121820,team
121833,birthplace
121857,birthyear
121861,birthplace
121872,team
121875,birthyear
121875,team
121891,birthyear
121896,birthplace
121929,birthyear
121949,birthplace
121992,birthplace
121993,birthplace
122018,birthyear
122020,team
122153,team
122163,birthplace
122165,team
122201,team
122212,birthplace
122249,team
122271,team
122275,birthplace
122278,birthplace
122312,birthplace
122318,birthplace
122328,birthplace
122363,birthyear
122371,birthyear
122441,birthyear
122444,birthyear
122448,birthyear
122473,birthyear
122473,team
122479,team
122480,birthyear
122499,birthyear
122499,team
122522,birthyear
122535,birthplace
122561,birthplace
122582,team
122589,team
122598,birthyear
122598,team
122623,birthplace
122633,team
122650,birthyear
122650,team
122701,birthplace
122703,team
122755,team
122765,birthyear
122788,birthplace
122796,birthyear
122819,birthplace
122820,birthyear
122830,team
122840,team
122915,birthplace
122970,birthplace
122986,birthplace
122991,birthplace
122992,team
123003,birthplace
123009,birthplace
123010,team
123045,team
123072,team
123076,team
123081,team
123095,birthplace
123147,birthyear
123158,birthyear
123180,birthplace
123222,birthyear
123230,birthplace
123243,birthplace
123278,birthplace
123304,birthplace
123308,team
123321,birthplace
123327,team
123342,birthplace
123370,birthplace
123372,team
123384,birthplace
123404,team
123414,birthplace
123424,team
123425,team
123443,birthyear
123461,birthplace
123483,birthplace
123597,birthyear
123597,team
123598,team
123616,birthyear
123616,team
123661,team
123700,team
123731,birthyear
123731,team
123746,birthplace
123812,team
123815,birthyear
123854,birthyear
123869,birthplace
123879,birthyear
123912,team
123940,birthplace
123955,birthplace
123975,team
124003,team
124022,birthplace
124030,birthyear
124030,team
124041,birthplace
124085,team
124087,team
124144,team
124156,birthplace
124196,birthyear
124275,team
124277,birthyear
124277,team
124296,team
124311,team
124368,team
124385,birthplace
124390,birthyear
124393,birthplace
124416,birthplace
124423,team
124435,birthplace
124457,team
124460,team
124513,birthplace
124514,birthplace
124664,birthplace
124675,birthplace
124676,team
124703,birthplace
124708,birthplace
124717,birthplace
124747,team
124751,birthyear
124759,birthplace
124783,birthyear
124824,birthyear
124824,team
124833,team
124844,team
124856,birthplace
124872,team
124881,birthplace
124889,birthplace
124904,team
124926,birthplace
124942,birthplace
124947,birthyear
124947,team
124962,birthplace
124973,team
124986,birthplace
125022,birthyear
125022,team
125044,team
125087,birthplace
125170,team
125171,birthplace
125174,birthplace
125208,birthplace
125215,birthplace
125252,birthyear
125274,team
125280,birthplace
125283,birthplace
125340,birthyear
125390,birthyear
125398,team
125427,birthplace
125432,birthplace
125449,birthyear
125465,birthplace
125474,birthplace
125494,team
125498,birthplace
125519,birthplace
125547,birthplace
125572,team
125624,birthplace
125629,team
125644,birthplace
125664,birthyear
125664,team
125676,birthyear
125681,birthplace
125695,team
125711,birthplace
125743,team
125763,birthyear
125763,team
125771,birthplace
125827,birthyear
125833,birthyear
125845,birthplace
125908,birthplace
125929,team
125930,birthplace
125944,birthyear
125968,birthyear
125976,team
126012,birthplace
126034,birthyear
126050,birthyear
126050,team
126125,birthyear
126171,team
126186,team
126188,birthyear
126214,team
126216,team
126217,team
126238,team
126265,birthplace
126277,team
126285,team
126286,birthyear
126295,birthyear
126326,birthyear
126370,birthyear
126370,team
126373,team
126448,birthyear
126459,birthplace
126463,birthplace
126512,birthplace
126527,birthplace
126537,birthplace
126545,birthyear
126545,team
126549,birthyear
126575,team
126581,birthplace
126633,birthplace
126644,birthplace
126648,team
126723,team
126725,birthplace
126770,team
126786,team
126849,birthplace
126890,birthplace
126907,team
126914,birthplace
126925,birthplace
126955,team
126985,birthyear
127027,birthplace
127059,team
127109,team
127114,birthplace
127115,birthyear
127115,team
127120,team
127134,team
127146,team
127166,team
127187,team
127193,birthplace
127195,team
127199,team
127232,team
127235,team
127238,team
127266,birthplace
127298,birthyear
127298,team
127336,birthplace
127349,birthplace
127389,birthplace
127412,team
127461,team
127463,birthyear
127469,birthplace
127488,team
127493,birthyear
127502,birthyear
127502,team
127525,team
127528,team
127532,birthyear
127551,birthyear
127568,birthplace
127570,birthplace
127595,team
127601,team
127638,birthyear
127645,team
127657,birthplace
127673,birthplace
127694,birthplace
127695,birthplace
127702,team
127721,team
127734,team
127743,birthplace
127828,birthyear
127840,team
127855,team
127869,team
127872,birthplace
127908,team
127914,birthyear
127916,birthplace
127941,birthplace
127947,birthplace
127951,birthplace
127969,birthyear
127975,birthplace
127980,birthplace
127996,birthyear
128010,birthplace
128018,birthyear
128025,team
128047,birthplace
128048,birthyear
128057,birthyear
128074,birthyear
128074,team
128100,birthyear
128155,birthplace
128159,birthyear
128171,birthplace
128183,team
128194,birthplace
128200,birthplace
128203,team
128216,birthyear
128231,team
128256,birthyear
128256,team
128257,birthplace
128261,birthplace
128298,team
128306,birthyear
128306,team
128309,team
128328,birthyear
128328,team
128344,birthplace
128379,birthyear
128450,birthyear
128459,birthplace
128468,birthyear
128494,birthplace
128496,team
128530,team
128533,birthplace
128539,birthyear
128539,team
128545,birthplace
128547,birthplace
128549,team
128564,birthplace
128581,birthyear
128581,team
128587,birthplace
128589,birthplace
128620,birthplace
128647,birthyear
128663,team
128670,team
128671,team
128719,team
128743,birthplace
128797,birthyear
128811,birthyear
128817,birthplace
128836,team
128841,team
128852,team
128865,birthplace
128878,team
128896,team
128907,team
128925,birthyear
128954,birthyear
128964,birthyear
128967,team
129047,birthyear
129047,team
129078,birthplace
129080,birthplace
129098,birthplace
129111,birthyear
129119,birthyear
129119,team
129124,team
129139,birthplace
129142,birthplace
129162,birthplace
129194,birthyear
129194,team
129221,birthplace
129227,birthyear
129261,birthplace
129279,birthplace
129356,birthplace
129357,birthplace
129379,team
129411,team
129439,birthplace
129458,birthplace
129475,team
129478,birthyear
129480,team
129495,birthyear
129495,team
129510,team
129525,birthyear
129525,team
129587,birthplace
129595,team
129606,birthyear
129624,team
129661,team
129683,team
129688,birthyear
129714,team
129812,team
129831,team
129845,birthplace
129865,birthplace
129891,team
129920,team
129940,birthplace
129956,birthyear
129960,team
129978,birthplace
130002,team
130003,team
130012,team
130021,birthyear
130022,team
130025,birthyear
130038,team
130064,birthplace
130080,team
130097,team
130119,birthplace
130174,team
130183,birthyear
130198,birthyear
130204,birthyear
130220,team
130264,team
130283,team
130293,birthplace
130300,birthplace
130303,birthplace
130331,birthplace
130425,birthplace
130459,team
130468,birthyear
130511,birthplace
130534,birthplace
130543,birthyear
130552,birthplace
130636,birthplace
130640,birthyear
130650,team
130666,team
130676,birthyear
130683,team
130730,team
130738,team
130754,birthyear
130840,birthyear
130858,birthplace
130909,birthplace
130918,team
130926,birthyear
130926,team
130935,birthplace
130949,birthplace
130997,birthplace
130999,birthplace
131018,birthplace
131069,birthplace
131132,birthplace
131146,birthplace
131162,team
131168,team
131188,team
131193,birthplace
131232,team
131248,birthyear
131248,team
131249,team
131250,birthplace
131253,birthplace
131278,birthplace
131279,team
131285,birthyear
131296,birthplace
131316,team
131322,birthyear
131323,birthplace
131327,birthyear
131349,birthplace
131356,birthyear
131356,team
131360,birthplace
131376,birthplace
131397,team
131504,birthplace
131511,team
131527,birthyear
131530,birthyear
131536,team
131555,birthyear
131564,team
131594,birthplace
131600,birthyear
131622,birthplace
131629,birthyear
131658,birthyear
131658,team
131709,birthplace
131806,birthyear
131806,team
131813,birthplace
131826,team
131848,birthplace
131903,birthplace
131938,birthplace
131942,birthplace
131981,birthyear
132021,team
132029,birthplace
132035,birthyear
132035,team
132099,team
132114,team
132127,birthyear
132127,team
132130,birthyear
132130,team
132139,birthplace
132184,team
132196,team
132262,birthyear
132269,team
132294,team
132306,team
132307,birthplace
132338,birthplace
132392,birthplace
132394,birthyear
132394,team
132395,team
132418,birthplace
132446,birthyear
132465,birthyear
132475,birthyear
132493,birthplace
132523,birthplace
132542,team
132544,birthplace
132555,team
132578,birthplace
132583,birthyear
132610,birthyear
132651,birthyear
132675,team
132709,team
132720,birthplace
132721,birthyear
132735,birthplace
132743,birthyear
132774,birthplace
132786,birthplace
132846,team
132849,team
132867,team
132875,birthplace
132878,birthplace
132917,team
132939,team
132979,team
133012,birthplace
133029,birthplace
133069,team
133085,birthyear
133111,birthplace
133141,team
133151,team
133155,team
133156,birthplace
133178,birthplace
133204,birthyear
133211,birthplace
133215,team
133225,birthplace
133239,birthyear
133259,team
133267,birthyear
133267,team
133268,team
133274,team
133276,team
133308,birthyear
133323,birthplace
133362,birthyear
133363,team
133372,birthplace
133375,birthyear
133389,team
133412,team
133421,birthplace
133442,team
133445,team
133484,birthyear
133491,birthyear
133494,team
133549,birthplace
133559,birthplace
133562,birthyear
133580,team
133596,birthyear
133619,birthplace
133623,birthyear
133624,birthplace
133631,team
133664,team
133687,team
133700,birthyear
133706,birthplace
133710,birthplace
133728,birthyear
133775,birthplace
133799,birthyear
133867,birthyear
133868,team
133893,team
133899,birthyear
133934,birthplace
133944,birthplace
133985,birthplace
133987,birthplace
133990,birthplace
134001,birthyear
134001,team
134006,birthyear
134009,team
134011,birthplace
134052,birthplace
134078,birthyear
134100,birthyear
134118,birthplace
134153,team
134162,birthyear
134166,birthplace
134189,birthplace
134214,birthyear
134217,team
134240,birthplace
134254,birthplace
134299,birthyear
134319,birthplace
134351,birthyear
134362,team
134382,team
134396,team
134453,birthplace
134464,birthplace
134485,birthyear
134517,birthplace
134571,birthyear
134603,team
134607,birthyear
134632,team
134652,team
134653,birthplace
134717,team
134720,team
134741,birthplace
134770,team
134800,birthplace
134807,birthyear
134835,birthplace
134868,team
134869,birthyear
134887,birthplace
134889,birthyear
134890,team
134900,team
134985,team
135008,birthplace
135098,birthplace
135099,birthplace
135124,team
135142,team
135165,birthyear
135175,birthplace
135180,birthyear
135182,team
135229,birthyear
135248,birthyear
135251,birthplace
135282,birthplace
135301,birthplace
135304,team
135352,birthyear
135363,birthplace
135419,birthplace
135435,team
135447,birthyear
135459,birthyear
135479,birthplace
135503,team
135504,birthyear
135531,birthyear
135535,birthyear
135549,birthplace
135581,birthyear
135630,birthplace
135675,team
135699,birthyear
135706,birthyear
135755,birthplace
135760,team
135786,team
135798,team
135829,birthyear
135829,team
135830,team
135843,birthyear
135857,team
135879,team
135892,birthplace
135893,birthplace
135894,team
135907,team
135929,team
135932,birthyear
135954,birthyear
135989,birthyear
136027,team
136039,team
136047,birthplace
136051,birthyear
136051,team
136058,team
136062,team
136098,birthyear
136125,birthplace
136133,birthyear
136145,birthyear
136158,birthyear
136158,team
136198,birthyear
136240,birthplace
136307,birthyear
136307,team
136313,team
136328,birthyear
136332,team
136342,birthplace
136345,birthyear
136345,team
136370,birthplace
136401,birthyear
136401,team
136409,birthyear
136430,team
136447,team
136478,birthplace
136515,birthplace
136552,team
136559,birthplace
136585,team
136590,birthyear
136618,birthplace
136626,birthplace
136655,team
136657,team
136660,birthplace
136665,birthyear
136686,team
136706,birthplace
136707,team
136724,birthplace
136734,birthplace
136735,birthyear
136746,birthplace
136764,team
136800,team
136810,birthplace
136842,birthplace
136856,birthyear
136874,team
136889,birthplace
136921,team
136923,birthyear
136950,team
136960,birthyear
136976,birthplace
136981,team
136987,birthplace
137023,birthyear
137062,birthyear
137073,birthyear
137091,team
137094,birthplace
137096,birthplace
137108,birthplace
137118,birthplace
137183,team
137200,birthyear
137237,team
137285,team
137323,birthyear
137325,birthplace
137423,team
137426,birthyear
137449,birthyear
137449,team
137463,birthplace
137490,birthyear
137509,team
137530,birthplace
137535,birthplace
137549,birthyear
137551,team
137559,birthplace
137563,team
137586,team
137612,birthyear
137628,birthplace
137642,team
137654,birthplace
137828,birthyear
137828,team
137836,birthplace
137841,birthplace
137854,team
137909,team
137992,birthyear
137993,team
138080,team
138082,birthplace
138085,team
138118,birthyear
138122,birthplace
138152,birthplace
138154,birthyear
138182,team
138188,birthyear
138188,team
138190,birthyear
138204,birthplace
138205,birthyear
138248,team
138266,team
138274,birthyear
138287,birthyear
138318,team
138398,team
138400,team
138401,team
138404,birthyear
138410,birthyear
138412,team
138414,birthplace
138448,birthyear
138468,birthplace
138538,team
138550,team
138570,team
138620,team
138633,birthyear
138639,birthyear
138644,birthplace
138652,birthplace
138660,birthyear
138668,birthyear
138689,birthplace
138707,birthyear
138722,team
138741,birthplace
138756,birthplace
138789,birthplace
138797,birthplace
138802,birthplace
138821,birthplace
138822,team
138834,team
138868,team
138882,birthyear
138882,team
138898,team
138903,birthyear
138935,team
139006,birthyear
139028,team
139033,birthyear
139034,team
139068,birthplace
139082,birthyear
139094,birthplace
139115,birthplace
139127,birthyear
139161,birthyear
139164,team
139172,team
139264,team
139284,team
139308,birthplace
139314,birthplace
139342,team
139348,team
139350,birthyear
139358,birthyear
139384,birthplace
139405,birthplace
139450,birthplace
139454,birthyear
139462,birthplace
139481,birthplace
139490,team
139548,birthplace
139551,birthplace
139552,birthyear
139552,team
139583,birthplace
139591,birthplace
139604,birthplace
139610,team
139615,team
139617,team
139622,birthyear
139684,team
139698,birthyear
139710,birthplace
139726,birthplace
139747,birthyear
139751,birthplace
139762,team
139787,team
139790,birthplace
139828,birthyear
139830,team
139837,team
139842,birthyear
139848,birthplace
139876,team
139892,team
139976,team
139984,team
140008,birthplace
140015,birthplace
140042,birthyear
140059,team
140061,team
140077,birthyear
140078,birthyear
140093,birthplace
140123,team
140191,team
140196,birthyear
140198,birthplace
140219,birthplace
140259,team
140315,team
140352,team
140380,birthyear
140400,team
140424,birthyear
140440,birthyear
140460,team
140494,birthplace
140501,birthyear
140507,birthyear
140507,team
140533,birthplace
140538,team
140573,birthyear
140583,team
140611,birthyear
140634,birthplace
140688,team
140729,birthplace
140761,birthplace
140768,birthyear
140809,birthyear
140809,team
140819,team
140835,birthyear
140852,birthyear
140873,team
140880,birthyear
140880,team
140883,birthyear
140883,team
140969,team
140970,birthyear
141073,team
141086,team
141093,birthyear
141119,birthyear
141127,birthplace
141182,birthplace
141183,birthyear
141188,birthplace
141211,birthplace
141222,birthplace
141224,team
141240,birthplace
141248,birthplace
141250,birthyear
141254,birthplace
141256,team
141264,team
141265,birthplace
141285,birthplace
141319,birthplace
141333,birthyear
141340,team
141351,team
141406,birthplace
141425,birthyear
141440,team
141471,team
141503,birthyear
141503,team
141514,birthyear
141522,team
141545,birthplace
141557,birthplace
141590,birthplace
141608,birthplace
141625,team
141647,birthplace
141658,birthyear
141663,team
141680,team
141705,birthyear
141726,birthplace
141815,birthplace
141831,team
141850,birthplace
141946,birthplace
141956,birthplace
141965,birthyear
141966,birthplace
141982,team
141987,birthyear
142010,birthplace
142018,team
142019,birthyear
142028,birthplace
142029,birthplace
142068,team
142102,team
142169,birthyear
142285,team
142299,team
142301,birthplace
142309,team
142377,birthplace
142416,birthplace
142435,birthplace
142437,team
142447,team
142449,team
142467,team
142472,birthplace
142476,birthyear
142485,birthyear
142495,birthplace
142509,team
142513,team
142539,birthyear
142545,team
142577,birthplace
142586,team
142627,birthyear
142633,birthplace
142771,birthyear
142775,team
142780,birthplace
142785,birthplace
142816,birthplace
142823,birthplace
142832,birthyear
142844,birthyear
142872,birthplace
142888,birthyear
142893,birthyear
142942,birthplace
142950,birthyear
142984,team
143051,birthyear
143121,birthplace
143130,birthplace
143143,team
143146,birthyear
143153,birthyear
143164,birthyear
143164,team
143170,birthyear
143176,team
143185,team
143191,birthyear
143208,birthplace
143209,birthyear
143221,team
143246,team
143279,birthyear
143280,birthplace
143298,birthyear
143314,team
143321,birthyear
143341,birthplace
143376,birthyear
143383,birthyear
143389,birthyear
143411,birthyear
143443,birthplace
143465,team
143502,birthyear
143503,team
143536,birthyear
143577,birthyear
143608,team
143675,birthplace
143679,team
143721,team
143746,team
143819,birthyear
143829,birthyear
143904,birthplace
143913,birthplace
143935,team
143963,birthplace
143964,team
143985,team
144010,birthplace
144013,team
144052,birthplace
144177,team
144194,birthplace
144249,team
144264,birthplace
144312,team
144342,birthplace
144348,birthplace
144358,team
144364,birthplace
144373,birthplace
144375,birthyear
144375,team
144393,team
144404,birthplace
144407,birthyear
144437,birthplace
144459,team
144536,birthyear
144557,team
144577,team
144589,team
144592,team
144607,birthyear
144607,team
144637,birthyear
144644,team
144651,birthyear
144668,birthplace
144730,team
144733,birthyear
144742,birthplace
144752,team
144760,team
144777,birthplace
144780,team
144812,birthyear
144819,birthyear
144826,team
144860,birthplace
144870,team
144877,team
144932,team
144939,birthplace
144953,birthplace
144957,team
144986,team
145000,birthplace
145025,birthyear
145025,team
145036,team
145044,team
145069,birthyear
145085,birthplace
145181,team
145183,team
145219,team
145245,birthplace
145260,team
145267,birthplace
145270,team
145296,birthplace
145303,team
145308,birthyear
145308,team
145322,team
145392,birthplace
145393,birthyear
145396,birthyear
145400,team
145407,birthplace
145410,birthplace
145429,birthplace
145434,birthplace
145464,birthyear
145470,birthyear
145471,birthyear
145471,team
145475,birthplace
145505,birthplace
145537,team
145544,birthplace
145547,birthyear
145593,birthyear
145594,birthplace
145626,team
145665,team
145667,birthyear
145676,birthplace
145680,birthyear
145680,team
145696,birthyear
145705,birthplace
145734,birthplace
145756,birthplace
145819,birthplace
145836,birthyear
145850,team
145875,birthyear
145875,team
145881,birthplace
145928,birthplace
145937,birthplace
145955,birthplace
145956,birthplace
145965,birthyear
145969,birthplace
146029,birthyear
146044,birthyear
146044,team
146048,birthplace
146072,birthplace
146092,team
146132,birthyear
146140,birthyear
146166,birthyear
146191,birthplace
146205,team
146206,team
146209,birthyear
146209,team
146264,team
146304,birthplace
146336,birthplace
146352,birthplace
146387,birthyear
146428,birthplace
146445,birthplace
146448,birthyear
146502,team
146506,team
146532,team
146535,birthyear
146535,team
146565,birthplace
146596,birthyear
146600,birthplace
146640,birthyear
146724,birthyear
146750,team
146761,birthyear
146766,birthyear
146778,birthyear
146845,birthyear
146865,birthyear
146865,team
146942,birthplace
146969,birthplace
146994,team
147013,birthplace
147034,birthyear
147059,birthplace
147077,team
147089,birthyear
147097,birthplace
147125,team
147129,team
147132,team
147135,team
147137,team
147142,birthyear
147142,team
147160,birthplace
147165,team
147174,birthplace
147183,team
147187,birthplace
147191,team
147192,birthyear
147214,birthyear
147257,team
147278,birthplace
147291,birthyear
147308,team
147312,birthplace
147322,birthyear
147322,team
147329,team
147341,birthyear
147353,birthplace
147372,birthyear
147377,team
147387,birthyear
147417,team
147427,birthplace
147503,team
147528,team
147573,team
147583,birthplace
147631,team
147640,birthyear
147667,birthyear
147683,birthyear
147686,birthyear
147705,team
147736,team
147741,birthyear
147759,birthyear
147768,birthyear
147838,birthplace
147848,birthplace
147857,birthyear
147883,birthplace
147890,team
147895,birthyear
147895,team
147933,team
147938,team
147954,team
147976,birthplace
147981,birthplace
147985,team
147994,birthplace
148018,team
148074,birthplace
148081,team
148097,birthyear
148133,birthplace
148203,team
148218,team
148221,birthplace
148234,birthplace
148235,team
148280,team
148289,birthyear
148301,birthplace
148304,birthplace
148305,birthyear
148313,birthyear
148313,team
148318,team
148321,team
148353,birthyear
148365,birthplace
148420,birthplace
148429,team
148443,team
148449,team
148462,birthplace
148463,birthyear
148480,birthplace
148495,team
148520,team
148550,team
148557,birthyear
148559,birthplace
148578,birthyear
148585,birthyear
148585,team
148618,team
148619,birthyear
148668,birthplace
148671,birthplace
148717,birthplace
148736,birthplace
148751,team
148776,birthplace
148799,team
148824,birthplace
148835,birthplace
148838,birthyear
148864,team
148869,birthyear
148913,birthplace
148914,birthyear
148925,birthyear
148935,birthplace
148945,birthyear
148945,team
148956,birthplace
148960,birthplace
148966,birthplace
148972,team
148975,team
148980,team
149000,team
149001,team
149015,team
149043,team
149056,birthplace
149091,birthplace
149101,team
149137,team
149173,birthplace
149185,birthyear
149187,birthyear
149187,team
149242,birthplace
149298,team
149305,birthplace
149310,birthyear
149320,birthplace
149347,birthplace
149356,birthplace
149359,birthyear
149362,team
149394,birthyear
149394,team
149427,birthplace
149430,team
149431,birthplace
149437,team
149439,birthyear
149439,team
149447,team
149508,team
149520,team
149525,birthyear
149531,team
149549,team
149570,birthyear
149570,team
149574,birthplace
149582,team
149600,birthyear
149627,birthyear
149637,birthplace
149652,birthplace
149658,birthyear
149658,team
149677,birthplace
149698,birthplace
149732,team
149768,birthyear
149866,team
149871,team
149879,birthplace
149939,team
149941,birthplace
149942,birthplace
