src,flight,schedDepTime,actDepTime,schedArrTime,actArrTime
0.06767937802935832,0.9992910743016583,0.9998660636111052,0.9991578861210677,0.9990416032572358,0.3684998542922847
0.07934062116401874,0.9994223450642662,0.9993737125545957,0.5904990425759233,0.9991539438760149,0.9889991853108336
0.06561392702660036,0.9996594786729046,0.9996900882615154,0.9708879508538777,0.9993892840885782,0.998585768974834
0.06425725336087366,0.9994769909516871,0.9995138341711638,0.9992573196528604,0.9993327312802175,0.9686608974503718
0.0714687454240874,0.9992731261893123,0.9991217798430161,0.5652808605635528,0.9995764525743634,0.9955102899571108
0.1281768698797819,0.9933848038039272,0.9939881816159525,0.9748266586765902,0.0024811844232421523,0.9794817218697048
0.04735120565788426,0.9997258982143502,0.9997403999813006,0.9996276144750443,0.9996329590789894,0.9860253402836678
0.06869988824402261,0.9996599843074266,0.9996909652464928,0.9810705295458546,0.9994792111019988,0.9870717196243087
0.058809649155572734,0.9993119161108919,0.9992587278238882,0.5765212088685778,0.9996375801561732,0.9982187807190369
0.0628442800274557,0.9984913061169657,0.9995843452192421,0.34196360959896044,0.9975036732434609,0.9649508655430191
0.05908351519131349,0.9986228074862683,0.9982030219669648,0.9948639202161301,0.9986312935584825,0.9931937612432136
0.07545879689620577,0.9990720274432987,0.9991278350086144,0.9950522458034581,0.9989275488464906,0.9515017831943283
0.08333481724867989,0.9985828623395752,0.998636765921591,0.4359136297752316,0.9983351588605233,0.7724989197874871
0.0763251372307388,0.9994859955997111,0.99950838549814,0.999637263046993,0.9993090447968656,0.9047867272028915
0.08658642324004165,0.9983230081275098,0.9983930947383135,0.9925892807288251,0.9990964995982576,0.012387024018842894
0.06088811992582304,0.9990633651593533,0.9992100182694431,0.8606812612171013,0.9986391054551778,0.9320726567005351
0.07461902416447244,0.9984321700702472,0.9979813968907529,0.8798338782258249,0.9982788637452059,0.9712799088149325
0.10679503356062267,0.9992100352275944,0.9990398264385861,0.9428888666538267,0.9984711779691872,0.9561968566718005
0.06678554889265768,0.9991300598208673,0.9990890777938625,0.9123330046290279,0.9985239643915849,0.9822560657059584
0.06186270676570795,0.9996707651664823,0.9996595394076755,0.9993486729934475,0.9995647264330176,0.9799734504648083
0.0822322398084604,0.9991510421933247,0.9997223893848954,0.5977865822335411,0.9993481324943946,0.9893964341111126
0.0826150779189967,0.9994550674850533,0.9994986070986672,0.9995790205405635,0.9982778431944376,0.9740919118406637
0.0908597214625015,0.9987051315795515,0.9995059902571494,0.5701767268224153,0.9972990015846424,0.8405248553958041
0.07136922678731311,0.9994366988303142,0.9993880890877151,0.8994918300751886,0.9992030534376097,0.9895906190496804
0.0461413019187824,0.998915959783589,0.9991357979720029,0.21452798667939696,0.9987481563616161,0.983136236220768
0.05316134605784848,0.9990710795784932,0.9997422300204049,0.5997941713438296,0.9985333612070287,0.9885464024110775
0.08828655891605858,0.9969775434282967,0.9994369622058105,0.4509085909385933,0.9963725278397008,0.9271013831075138
0.10237217824352746,0.997746060126831,0.9979554672865637,0.757435975213644,0.99645587754712,0.855493643510509
0.06245101083329836,0.9997474909949645,0.9996883236682117,0.9993556048758914,0.9996263146190846,0.9341932382215791
0.07899185378855343,0.9986154191616791,0.9996197832275928,0.5602158407858961,0.9972935142368056,0.991945076137051
0.08286481702689875,0.998237660885471,0.9995106014883172,0.6966738204271407,0.9977487867598049,0.9694836809873283
0.13498969780788322,0.991666847638953,0.9910080534998192,0.9747872689806318,0.002636513184306338,0.9753401642676618
0.13078425156313792,0.9932981229985838,0.993905238443962,0.9757763326645212,0.0015473765164138904,0.9764946963460553
0.05703883215173472,0.9994497664763404,0.9994991008017662,0.99521326267,0.9993212048440767,0.9932141307721113
0.07617786486450048,0.9987367749178857,0.9985302503629042,0.6578313969157262,0.997169069029205,0.9275889683076178
0.08234882886309541,0.999250498526695,0.9996839060452052,0.5679091094120551,0.9989164258514663,0.9888816436670442
0.07701065777644579,0.9986953058792732,0.998802897647097,0.9920282978962457,0.9993426742729253,0.9925791118127747
0.10308856460623585,0.9982373088345073,0.9983998928119722,0.82080155220093,0.9964111579398938,0.7584663238873883
0.060238975158423795,0.9997527181059812,0.999775099401404,0.9995772840625644,0.9996727657543356,0.7347095230340289
0.03532845450118836,0.9989844730898777,0.9993535657080346,0.9503144631661808,0.9983346657142936,0.9721127229642605
0.06351576180770423,0.9944317251598326,0.9996020816960793,0.9853659391851398,0.9956101998376644,0.9121422782576788
0.06668903552345234,0.9994967468368459,0.9995413454282878,0.4591739665979762,0.9992650377982225,0.9924539419177364
0.06468044620229935,0.9982502391870611,0.9982717395370855,0.9632212705872205,0.9996996275829936,0.9789268299435753
0.08294547371729696,0.9986476773959108,0.9995228741115665,0.9963749213771044,0.9985959543658727,0.9298786646331905
0.07263008276821417,0.9993352504370073,0.9993788531431836,0.8578026463260705,0.9989446703118967,0.9895441730724559
0.0671979088398514,0.998715886215861,0.9986675603019661,0.43484286734319055,0.9983730279421945,0.9953143828811312
0.026342642455237403,0.9996667461170381,0.9997483223754936,0.9992768144593791,0.999316370599482,0.9687045006623389
0.05202788151012756,0.9931246815703211,0.9998442755302719,0.7337441389276378,0.9945622914588874,0.9906913279167523
0.04044622586252433,0.9985707466969669,0.9998740990616167,0.941979927797954,0.9978493149802108,0.9968284159347119
0.09087464044987302,0.9989582084592132,0.9997712797746019,0.726937131009694,0.9984133235536179,0.9791157204947457
0.05304706842561747,0.9993845010743204,0.9998635184293704,0.99932938914665,0.9988561684766196,0.869661321476717
0.06515920160042538,0.9990949731624857,0.9991591007539813,0.9334265480865712,0.9988507889872134,0.9970130974030251
0.07722419302315417,0.9984911355824516,0.9984511022700132,0.9982414717577177,0.9972956194093202,0.14302112614550272
0.11313906226963781,0.9935883438529911,0.9924128543828074,0.39082261823339154,0.9916936577741373,0.1404566367486411
0.11211682185344299,0.9936335813949464,0.9917803037589039,0.23393738153695096,0.9900702869278861,0.15464228912461864
0.08402307110243333,0.9980394660961903,0.9981453309354074,0.9363548194197838,0.9966572108076172,0.02591697977297972
0.09707871532828223,0.9960692726040286,0.9963565619534057,0.878540126567859,0.9959971031495496,0.015625673467402065
0.07007937847651247,0.9989130672925821,0.9995138339192283,0.9813297042202371,0.9989036693535694,0.9988910142481388
0.09899394202326575,0.9962111084749871,0.998203528839519,0.9625771385374623,0.9960517972674525,0.04596826660459021
0.1054215257793166,0.9934194540407871,0.993446352206574,0.9707767722160702,0.9928864141133275,0.05143071732853294
0.1330622233983756,0.9838379145522839,0.9849642600174568,0.49266193517477563,0.8982781869021438,0.4864782222552984
0.08074946865928663,0.9828786066426932,0.999546794602881,0.9679586081030724,0.9866108925111279,0.04158999405822967
0.05963441184728211,0.9991274195525423,0.9991472828126202,0.9816344341486071,0.9990651321080969,0.9988341355660644
0.07385186372794891,0.9980019940961391,0.9994806887927348,0.8792927125183075,0.9970064524105137,0.8864662331031151
0.10983151568377239,0.9974427146662747,0.9987339488088355,0.9705762580337731,0.9963390278936665,0.9889580167584897
0.0651944580070151,0.9990427333486407,0.9988295529720851,0.990644350734575,0.9990495499581284,0.9989966275140366
0.08053577451006655,0.9986527536838568,0.9990050203484878,0.9181544369182308,0.9979862422898066,0.77399654391871
0.05315480526461094,0.9984515826647066,0.9983611344549415,0.9408757524769372,0.99823227279397,0.9974988116386413
0.07191152052645278,0.9991776083100357,0.999137532186763,0.9990412601993844,0.9985140144303594,0.038316666247630256
0.07651756042519421,0.9989895886033051,0.9990603665771955,0.9875027929787038,0.9979052025090266,0.04382271678791797
0.1002512206464684,0.9894456194832834,0.9881296116978214,0.07228463227332892,0.9893743066628335,0.25577676473823746
0.07203990187314607,0.5872261349750291,0.9999634989285265,0.9926078015786441,0.9999319009840604,0.999929261556337
0.06439414370310763,0.9987358106510739,0.9985899401549169,0.9589519385893839,0.9994385852640291,0.9983013410144285
0.11223735293161698,0.9852812852476351,0.9993658723906191,0.9860366715331591,0.9853524143223564,0.12338041210188498
0.07438195209104968,0.9977487576616236,0.997745278372197,0.8759737239330033,0.9985311283675301,0.018731052541593022
0.06257176524341689,0.9989095474139829,0.9986368712228826,0.9321824791495824,0.9987092265076815,0.9986711100770401
0.07686091354633716,0.997276247999488,0.9996010833005984,0.9520536807944082,0.9961737263641016,0.2498616810800526
0.07422084875632234,0.9974011931763435,0.9969772904538642,0.9521573303181411,0.9956314198563673,0.24815931044170317
0.06536337575339943,0.997947452696726,0.9996790469808259,0.9793449033766782,0.9980457358058489,0.998400968762282
0.06407002388895215,0.9988479995440745,0.9989014310011971,0.9393243743518251,0.9987983758409531,0.9983762828621545
0.06542806530260874,0.9994356612903038,0.9994418789427071,0.9980607097162029,0.9991205610961945,0.9853358158364146
0.0759130294843812,0.9831392091272494,0.9833148301301576,0.005017296272499878,0.9989691627491838,0.9676713950915443
0.08982542113393814,0.9970312636235363,0.9966714452549335,0.9790455781534566,0.9966300667365224,0.05829362872165836
0.08145037014051668,0.997334530712692,0.9972519303721586,0.9828557876081451,0.9957845976260803,0.04373697244375826
0.08564239509779405,0.9975750725335435,0.9974124631889759,0.9192710791785795,0.997515684006884,0.23140865765079677
0.09323351705727613,0.9972207656060541,0.9991244328629365,0.9452149360115143,0.9960732911893532,0.032964725129718125
0.15770596327929856,0.9784639648412611,0.1882375173376657,0.7250057509684311,0.9686530202932863,0.733247671362224
0.06781828124695573,0.9987695887457573,0.9988597430818955,0.748567720805779,0.9984035205325102,0.9976442729903496
0.07594830627359495,0.9964480094995958,0.9963660810016978,0.9887350803756454,0.9923181572095545,0.873137347191362
0.08250896863833967,0.9981837835429763,0.9993967206029025,0.8905158316290663,0.9985402358493385,0.08491014390243751
0.10969863879933218,0.9933600735439178,0.993461556756358,0.8759085591883132,0.9913863026675952,0.008700562096728022
0.04729529164712096,0.9993052242876292,0.9993497725290094,0.9992880648293823,0.9980732009160866,0.9737877930804405
0.0809625403416408,0.9915761843703798,0.9994429069283899,0.9871914818469185,0.9846009532353931,0.34871508762967296
0.07026102920262917,0.9992126930922294,0.9992668571914223,0.08837187765414631,0.997593292705463,0.9974765997297038
0.06462493962233416,0.9989823474091475,0.9990343159361182,0.972677009033064,0.9971859972214305,0.5694064190225948
0.03496032106695318,0.9981847367691281,0.9984744599264543,0.9740534428453916,0.9965947063483156,0.24116991311868974
0.08956297076164237,0.9972765672676243,0.9974670358566314,0.9929831302663372,0.18276174176407345,0.9933652358114001
0.08688649359537216,0.9869309921322298,0.9858715876173485,0.6255847427583854,0.9848934503241256,0.12585286067249343
0.05712618240779316,0.999548794957191,0.9995325462320233,0.9917273147751395,0.9993927250381138,0.9996764509083603
0.07559498580943823,0.9970411255282846,0.9993981174913913,0.7476244072125182,0.9946357102381426,0.07944640024316121
0.06108761482103935,0.9954438502510636,0.9996683342979104,0.9863744969103091,0.9894562463494136,0.3910217993008681
0.08663017840393145,0.9974485511221572,0.997630085708807,0.925329705533767,0.9960208622283514,0.5990937128744074
0.08800197775261591,0.9985399858085345,0.9983629992230327,0.9438473229928092,0.9951787599763283,0.27482094004153285
0.08594089630059133,0.9925569568527313,0.9921403808101337,0.15801001011114968,0.9913759315919115,0.4519156007551547
0.09113254506466884,0.9973784779588305,0.9975109982594869,0.8858914050577246,0.9972588897630238,0.03402322512548577
0.06275556528614809,0.9993744357843519,0.9993206345467032,0.999065142705184,0.998831536869353,0.09578583289102718
0.055956623087991146,0.9992639847899392,0.9992263731351192,0.9866343285406897,0.9992643267246286,0.9992309957225474
0.1260291461031363,0.9878651828264456,0.9867648408064327,0.37985154353713346,0.9874948140343192,0.6391490953963761
0.08985810732816144,0.9969949475273608,0.999173807601934,0.8700910720746787,0.9934541239240818,0.02220568880238947
0.08675374013794095,0.9990044434681453,0.9990482507346875,0.968520172105535,0.9971450994035495,0.09322551841086671
0.06408042933384858,0.9993409834855019,0.9992305715660863,0.7443509449738127,0.9994268513164474,0.9591500432287292
0.06917776069244487,0.998701935191478,0.998786086949197,0.9708055447447976,0.998492057077618,0.9981960246577671
0.1288852941610342,0.9869818556636135,0.98640306622586,0.5978337443092665,0.947160601838942,0.42241704515620904
0.09940686497995954,0.9880788691553846,0.9888268891459424,0.6793688192400306,0.947466679900983,0.4790162058570989
0.1285863282216012,0.9874485816755653,0.9883183384454238,0.3451270038445672,0.9404009451353196,0.3539843164873411
0.09194835339314557,0.9979324710719518,0.9980758440709794,0.2883115349207911,0.991871318815787,0.5151365808820848
0.046069230790166005,0.9976035660297246,0.9974709283794237,0.7274241455782624,0.9949613331099609,0.2720678242762661
0.10036384814443024,0.9982798188171492,0.9992084976439676,0.9337947323229707,0.9972559132513694,0.09815546016349676
0.060332895467883084,0.9993147970035711,0.9993124330491705,0.3799142474049027,0.9992432633107566,0.9991664841430548
0.11336517431298808,0.9892231478068976,0.9899523923601508,0.16447101466164082,0.9943606991007918,0.169537720871476
0.053369428390014365,0.9994239507320113,0.9994658065289741,0.9846288812282854,0.9994115717975381,0.9992718750405307
0.09849561966027993,0.9962119209391483,0.9981113427016323,0.9845894456805884,0.9951979821507115,0.07111433269841318
0.0776495872346733,0.9981514880031908,0.998063069175386,0.9974807443809763,0.07387929078137667,0.997586007136422
0.09948349874884685,0.9867411624917861,0.9845859926112196,0.2919203404262966,0.9917384360874028,0.13743242544235376
0.12890369075883315,0.9852073974668311,0.9857774526367415,0.35176450899907413,0.9830426121414186,0.1965179197818606
0.09062382052460187,0.9964793809968215,0.9964852556386443,0.9727692377279307,0.9964155581627328,0.08481524449215758
0.09258233912049996,0.9971363000157029,0.9973402200057583,0.94308885409374,0.9942843886681214,0.10665994363490214
0.1129055433575215,0.9849182464135929,0.9993040843830607,0.9906479319693855,0.9850637443536173,0.1224698157687744
0.07245706931858922,0.41230009260767425,0.9999617608487313,0.9915579144426037,0.9999286584051243,0.9999207550020398
0.09557145353469287,0.9920117597498267,0.9910105611323072,0.8016750886701812,0.9903437423115314,0.85368068248102
0.052610656523339266,0.9996498584898245,0.9996741779709707,0.9995489136424013,0.9994353537153758,0.5877594323283393
0.08534442441433043,0.9965633025698721,0.9992131859789561,0.723531850887454,0.9940620295867352,0.12979236332807081
0.08139759094067552,0.9943590570512424,0.9995780080491973,0.756780742505743,0.9963376189858819,0.308548063354617
0.06825394983522222,0.9985457510563646,0.9986206707068679,0.8791611186373072,0.9977389920186069,0.066854105271612
0.07693873177775268,0.9982708678926874,0.99834993421352,0.9657915683962719,0.9973223123286988,0.12290599241589194
0.1104572588077564,0.9932053286852686,0.005946947973083043,0.986511387236459,0.9920650703483206,0.996788534050842
0.07333225610772227,0.9988068735519785,0.9988462523372122,0.7143613964084771,0.9989888673029335,0.3930044218484583
0.11775422510352483,0.9883447240927552,0.9954675826179993,0.09305908268929913,0.9879482573934163,0.23787070009210645
0.07863115089930225,0.99855569182995,0.9986014878967675,0.5002588243264787,0.997227390514911,0.056448990715712695
0.07734820769199506,0.9990215152822874,0.9990484945709595,0.9993992639306313,0.9982143931080548,0.17416846367469838
0.0798967792159718,0.998989671715945,0.9996686716636176,0.9987171256669246,0.9966165052803101,0.05857864525463082
0.06631170364879793,0.9991302733972247,0.9991395496165791,0.9987867157094551,0.9984416835599496,0.06716482100364457
0.060604098876602265,0.9988111967533982,0.9997673931250145,0.9781694555939312,0.9988292428944107,0.9988425963556783
0.05053906629110999,0.9977238581506659,0.9975553715714193,0.9851115212579747,0.9956863118795153,0.5535943085346282
0.06386982651854653,0.9978064407672034,0.9993532844751096,0.9661291763826046,0.995680250395969,0.4724490827189565
0.08276692437862171,0.9980140453761474,0.9980862008820053,0.8372338165444142,0.9974489201579396,0.21043680092215608
0.046535653716610496,0.9975354848598849,0.9998134083050972,0.9866453846714753,0.9971656844903088,0.998386557413576
0.09456615638944145,0.995425776464776,0.9991221610644558,0.5331141124810204,0.9946379695725249,0.011990644171608715
0.06323760980182128,0.9981442590874765,0.9995362688860099,0.7598018994980772,0.9966795359049869,0.16250784384149441
0.07353768218548362,0.997265839248156,0.9994047547116628,0.8879114538420072,0.9956128395479253,0.13334470778839827
0.05304706842561747,0.9993845010743204,0.9998621642234378,0.9992925368580449,0.9988626453579268,0.8699715114460291
0.10493207261446492,0.9932817846812803,0.9936958747575229,0.5671979600398748,0.9901201001704677,0.0012733086451193756
0.08238704519781834,0.9952143563896307,0.9954092859883849,0.9943586889712699,0.9940529332857353,9.228806735837082e-05
0.12908079678262863,0.9856884743956222,0.9858384104208707,0.6001922372573303,0.9848086780381289,0.00018662008241912063
0.14199554345550008,0.9888923973737402,0.9889214379872442,0.634085621553642,0.9854024275033577,9.849285003571371e-05
0.09614004369293754,0.9951130368259641,0.9953311468396894,0.8549197226528571,0.9917567098471431,0.0001843320281867907
0.084561715402101,0.9956800598829103,0.9979270666448259,0.9341117737950803,0.994058358081666,0.0011684181135292796
0.07329636649560302,0.9987683192253218,0.9988474156465244,0.6087663769028766,0.9987592931163907,0.991799916923818
0.15394402166969176,0.9776491381100069,0.9902087594401144,0.2006129641743596,0.977738820577592,0.000543706824927699
0.12522338647795556,0.9837094363065956,0.9836197638585407,0.9303097215913353,0.9825916683128019,0.00037107755543099036
0.6072169143963081,0.8731637162722173,0.877356140138858,0.6410156951483975,0.30608619567055634,0.3757776977729744
0.08907695433458172,0.9663336284751785,0.99908501833687,0.9543206430966399,0.9736390014469744,0.00139638975740585
0.13163018920518504,0.983677342470876,0.9838900175328843,0.2028382193892692,0.9827181959784766,7.058854155805877e-05
0.07385186372794891,0.9980019940961391,0.9994755359118528,0.9314963016416811,0.9972744499818033,0.933413679237374
0.09707175517386614,0.9955545936201554,0.9981528587436853,0.8599890917299571,0.993218082000455,0.7649743267103433
0.13310300448617474,0.9830611811801373,0.981235128641987,0.09488232201628266,0.9829480361890675,5.385963374635803e-05
0.08742078734556448,0.9983287818134162,0.9991562052309605,0.9661685783981769,0.99809247253094,0.2736243241385573
0.08704276674407158,0.9908656312555141,0.9908526446194025,0.9580104274137778,0.9903016646464685,0.0005485722860692356
0.07575086743933052,0.9970339136412371,0.9971137194177517,0.9964733945970584,0.9961072505473679,2.4663556674025348e-05
0.10192590364855113,0.9905897559012432,0.9911354873145278,0.1945081413874136,0.9886774961446727,0.0003080783007012296
0.12209677033788731,0.9881697287773222,0.9859209636018352,0.983246632800503,0.9884193741034288,5.230512279409552e-05
0.2360988709346882,0.5245915838222942,0.998932055390243,0.3372601941258338,0.9980465190393651,6.541904086787529e-05
0.12036014429928464,0.9878090064348662,0.9863296254170191,0.4444333851600013,0.9946124140169471,0.0008374615196710291
0.13495841597972988,0.9639980664057454,0.9984004260335512,0.9663616629328944,0.9642700892543188,0.0012584170674477485
0.05513192122492778,0.9993235613193103,0.9992807808598422,0.4205380661793294,0.999563296035059,0.9930310679070022
0.1320612833894766,0.9872583825756636,0.9860576441964226,0.46738555134330717,0.9806035816787534,3.445692317136205e-05
0.09228097849598697,0.9938923526447248,0.9990940251683182,0.9631465824376746,0.993401340938064,0.008002390875950555
0.08351914106183496,0.9982266530285964,0.9980928979414774,0.9660235162382201,0.9970369011874461,0.5709045573746144
0.14294247910204894,0.9623910942820101,0.9938769985539848,0.19350776600822694,0.9643342808482268,7.043810463401608e-05
0.12996066450994037,0.9873219195714714,0.9877712145510229,0.6712028911102499,0.9870711057925288,0.003052689011843582
0.043618710201739345,0.9994356612903038,0.9994370367108188,0.9970969861120595,0.9991286796958008,0.991981316820771
0.0639617055084608,0.9986992728340516,0.9987371059400582,0.997166567055534,0.9992664697431131,0.32261646955164297
0.08802559115391598,0.9933954156893499,0.9920386193647842,0.95856431844361,0.9926345706709642,0.007702080013385772
0.09235158688551852,0.9967695826045622,0.99674960854025,0.979019487857029,0.9949373615408614,0.00863011054158332
0.07886465810667072,0.9981802011801242,0.9980392509473378,0.9382626871108187,0.9981558899065474,0.7084987635224494
0.10192869369841051,0.9958369334779108,0.9986745826056921,0.9356641120058126,0.9941586624015106,0.005072703843200556
0.06501528837654488,0.9950297772629213,0.9969875692419784,0.8931268680509163,0.9942820311177212,0.8962937051861197
0.0894251827481461,0.9915787377968643,0.9920605921047646,0.7689729547709497,0.9845538389694852,0.0040251324555982074
0.10696991348249438,0.9934064424119133,0.9932472932136355,0.4831606832384363,0.9913319993040289,0.8411324330517247
0.10007969291840593,0.9927745033695843,0.9975726180989869,0.875011250108086,0.9957048414907023,0.0001055522641856845
0.13048277105757208,0.9910924709698097,0.982116732036806,0.9299318300987791,0.0037948014244366893,0.9947391789928622
0.09005222280586865,0.9986000083036858,0.9986671693416257,0.9987219277981617,0.996156931003836,0.1136196939425678
0.0553752022489227,0.9940883895643505,0.9996065335232363,0.9366612977533649,0.9845063370866541,0.7481329822985221
0.43031481244998376,0.9778719005583695,0.9786601519071372,0.5513700990314844,0.974704949359573,0.28041934266435625
0.0688243063351796,0.9986919698461257,0.9987472697380398,0.9651875196230819,0.9979855008186561,0.2969926992115263
0.5693365780286245,0.9271694041549154,0.9297242929775779,0.6650404956105842,0.6034058664066744,0.637115991912169
0.13489797286638136,0.9879700689249654,0.9869727505042476,0.6537376232120619,0.9872502132451472,0.008860700472288088
0.11914608809952655,0.9893120248716137,0.9893313609731968,0.12221017554129437,0.9869524315093242,3.492079650825409e-05
0.057522950163037934,0.998518370786715,0.9996963399362178,0.5645651339928344,0.9982620587074438,0.9753796296776732
0.06607175920135533,0.9939703152607097,0.9995203193236571,0.9925466654183325,0.9912534128540358,0.5625212433198977
0.126093983308792,0.9971120203785399,0.9972981836576852,0.9691517348075647,0.9966187502169425,0.6015805243915527
0.09295510407146124,0.9914290058966791,0.9900663009884687,0.5870742732911378,0.9902128532423959,0.13435096311766984
0.10238737332747389,0.9947706647353225,0.9949860402660675,0.7153617153329789,0.9945920040039338,0.0011372288795294702
0.061120080733100185,0.9993744357843519,0.9993140132158995,0.9990717933788275,0.9991649790919904,0.12578902130611122
0.131146529986181,0.984018241201702,0.9838955571227924,0.16781816357821358,0.9839028644331113,5.020357343974691e-05
0.08937072870786869,0.9949360803382572,0.9935027439673507,0.972480581659955,0.9948154870160817,0.8153001548236142
0.10706560651782596,0.9895607426361436,0.9970858253420114,0.8649493266987883,0.9862427434505653,0.00011164256405659749
0.06854092702839973,0.9970192653840727,0.997125749083927,0.884999126143854,0.9951737771643456,0.0006097610425508185
0.07261101353645455,0.998494717150071,0.9969166765057292,0.971106549811897,0.9987039723621713,0.13401899842522613
0.11893526266057705,0.9934118181400989,0.99383277579876,0.37952384804647243,0.9783762160055252,0.001924811976952713
0.11703391618640747,0.9890182365145451,0.9877778928329309,0.9681344168531922,0.002514547778741706,0.9749589247966263
0.5553709082419032,0.9616167410119038,0.9630538655933475,0.8447215464284209,0.4366099851018183,0.8530378178157247
0.6051733932867073,0.9077241830469049,0.9108749469994345,0.7598768575780128,0.2881516767658479,0.4096225512853137
0.4583948880765059,0.9767356183499436,0.977578560885109,0.47321287414687063,0.9747240768183483,0.5118506797697204
0.12349543510926479,0.9918017325753222,0.9912155274255594,0.8488436103374085,0.9882775679688492,0.00017666017826974926
0.08031961369871296,0.9954259637974084,0.9977976108258931,0.9256452415875952,0.9946276156108522,0.0012065211688164202
0.10857130170067318,0.9921764530778886,0.9924726051305384,0.5588937035593798,0.9918842040297084,2.173968555903357e-05
0.47837262848694484,0.9761908329540026,0.9772115379146543,0.7895378142211789,0.9891531800166735,0.7682449476185178
0.1127836911719215,0.9919952549063098,0.9925007554640122,0.2912817904446272,0.9919129204746439,0.0004888123847279763
0.11553859747497158,0.9924524326600934,0.9961938769093713,0.9698898320912345,0.9905298051708146,0.002021538456496912
0.0691444369283024,0.9988438785878799,0.998776730811501,0.9984358394967635,0.5776806956254786,0.9986409756809504
0.09770983896671734,0.9950751798630024,0.9953870872517818,0.9883454662384185,0.0010224157370907051,0.9910942767964516
0.18156301066336916,0.9142088728990896,0.9165474601390733,0.002324343020548992,0.9036328733061887,0.0016933060720782493
0.07574077443967314,0.998041035323447,0.998025440572627,0.9847389654672938,0.9980269459393756,0.9067691044058257
0.08078605661998763,0.998407028100454,0.9985061378029902,0.9676253636286383,0.994178365859788,0.9021371744637027
0.099872709632453,0.9905202900147221,0.999560604624787,0.9942575984840036,0.9906399356201642,0.8227528479420242
0.23721789104830682,0.4652506793349748,0.9988812577780988,0.3671464757779436,0.9979536864905012,7.230032581566072e-05
0.11855870968290574,0.9886914835836143,0.9890320793275829,0.8717265448153328,0.9883393103203155,0.1198141407360864
0.052610656523339266,0.9996498584898245,0.999670988228065,0.9995522787669042,0.9994408945599187,0.5879013037182665
0.07191561989703951,0.9961316511234154,0.9990596980007964,0.9047309875581999,0.9955730198437579,0.7689593414510094
0.09275192341822733,0.997706920416156,0.9989704868876451,0.8233206486410819,0.9984930854962009,0.4955603348661502
0.05395542909792202,0.9957150165225446,0.9957487409039343,0.9039669242902652,0.9951133758369911,0.004128939147241471
0.12257011278947026,0.9975653733044367,0.9976005028494103,0.4483989189324386,0.9963805722935398,0.648869036787096
0.14868597426144456,0.966918966932147,0.9833110986685922,0.18037512600469915,0.9657687408015065,9.211362415350968e-05
0.0776741512787763,0.9982964047619101,0.9983404946712722,0.9019210893778676,0.9990479641012825,0.22949497098452795
0.0816335677947878,0.9973746065150563,0.9989747396035463,0.994009213285132,0.9973085007285208,0.19149816370732567
0.07666161268234539,0.9965421421114058,0.9922013096628477,0.7534621433482503,0.9961143118288728,0.029334663957873666
0.05483952164818981,0.9988818880448214,0.9989035124699975,0.9989728245884391,0.9985334764040473,0.12369312244919257
0.12173523939562497,0.9887188118215198,0.9945776602250938,0.8970799752895167,0.988356009533273,0.00013136818734710209
0.05169973818358149,0.9988455057351096,0.9996181800405048,0.9985798630496623,0.9981648015208414,0.048756150823155195
0.0804991162298848,0.9965301470591273,0.9965336165255974,0.9952003220957892,0.9955600119828981,6.198162844341523e-05
0.12566971119491901,0.9885935561312728,0.9868227987648069,0.55274602717814,0.9844150686642885,0.0001533018462631986
0.12798830362488342,0.9853403746350866,0.9970713515530223,0.33110518695290225,0.9856574379979596,0.0005783298352133859
0.10318449905517975,0.9934482822280047,0.9934155231387972,0.952401469020718,0.991101579401285,0.0003116233983504999
0.085662490277324,0.9978064407672034,0.9993475962550368,0.9867077032720442,0.9968459495377187,0.5865579069987654
0.07999039407150323,0.9982972701017964,0.9983431403874257,0.8572187941721455,0.9978361518086625,0.4064067314249808
0.1027567726748978,0.9877688139970233,0.9967698463275513,0.1814567121489635,0.972285309385824,0.000201900502962235
0.11019760186733227,0.9886423696718627,0.9977865427228221,0.3137233234507294,0.98678062644113,8.465371620480079e-05
0.12867910559484694,0.9945465348427487,0.9986374711464067,0.9325520956607976,0.9936879654600835,0.005769113222338807
0.07634662134211861,0.9925428644249142,0.9983007775649222,0.6697539373258355,0.9912841517255888,0.003772897251882811
0.062155988391877554,0.9992081629470124,0.999828668859979,0.9990275545404788,0.998927429103993,0.36844398526900124
0.06771807664388196,0.9968982013846172,0.9968692164590043,0.9963378032223448,0.9960824433232534,0.0033068174329514573
0.13743425253495722,0.986570444960923,0.9867669892576867,0.6039429133284124,0.9854611148032144,0.00018637002042730567
0.06715908255403608,0.9993598983098401,0.9990854180186242,0.9141385606925013,0.9987564739656203,0.9972667570710161
0.07286554444894415,0.9992843519254957,0.999202749942292,0.5899462167587264,0.9989687229291595,0.9884168360641481
0.08122376840289783,0.9913977159037509,0.9918799075670868,0.16375702547260082,0.9891562844357785,0.02298581655812193
0.10681505947914399,0.9951971332661604,0.9945977550902838,0.020195881071960825,0.9952417728575138,0.9867007804001995
0.07494920133755409,0.9989702583350091,0.9995418658140796,0.9815868356291862,0.9989540509500632,0.9988512503505704
0.09257071866107681,0.9983081388014737,0.9988849257922721,0.43366038625126074,0.9978735203328876,0.9946556760130622
0.10502876577761744,0.9964296456882317,0.9942706785226026,0.2351613039740626,0.9937641974680543,0.9868906146866431
0.20113032378288304,0.9121966421024191,0.9175104857769587,0.006324138427415417,0.5973473569960511,0.006055234498229149
0.0863009625435189,0.9971350850048913,0.9995932225734246,0.22406767695760343,0.9970406753674457,0.9927279970137217
0.06563610128087606,0.9991456264260424,0.9989888708982644,0.5647707840319895,0.999492792021017,0.9928107942176576
0.1071936136424248,0.9915216661174556,0.9977846995492984,0.000726598606899763,0.9901979111284941,0.849454266992053
0.06972482726709904,0.9990933528285488,0.9988788796368246,0.9907350859702373,0.9990942780318262,0.9990025345625697
0.04348682087379941,0.9996661486896975,0.9996759585672295,0.9995628115614038,0.9995567499406783,0.9859196911054305
0.11971222821296258,0.9980353058110861,0.9979167562567176,0.10125676187667179,0.9977246588776386,0.9982031445017928
0.06309321362803369,0.9995787546445707,0.9996062583414222,0.9644512578261176,0.9993623977799992,0.9868628284829437
0.07704596169667297,0.5872400461544438,0.9999656351048223,0.9926194229486122,0.999934935944169,0.9999263510716816
0.0810151919981865,0.9992117285640846,0.9990802199779287,0.6711408591556395,0.9995658153426529,0.9981510860530262
0.08220198594231888,0.9973477521172246,0.9996243036176392,0.9523452794209581,0.996275062758828,0.24923427907696302
0.0792186850224796,0.9986417244338605,0.9982295295435815,0.8639799990034435,0.998266459165221,0.9784651673977455
0.06990548312419242,0.9980105420762555,0.9996978425729938,0.9795745289178799,0.9981028114864778,0.9982134723243277
0.06852225611225077,0.9989198466499501,0.9989646017314266,0.9395788133673676,0.9988633551462825,0.9982726668177506
0.05426164352145156,0.9983540463876222,0.9978771382260172,0.9945457720807893,0.9983643297903899,0.9927599287377272
0.0699746679565001,0.9994670364356357,0.9994704055182971,0.9981087172712142,0.9991609344989303,0.991733109942178
0.07009615752769414,0.9993830485982332,0.999397108708127,0.9995859889178903,0.9991763941960086,0.9040825123820816
0.051181831449601145,0.9957515104646969,0.995791567767403,0.9925920378239912,0.9997075692460206,0.8668501717417705
0.06377841295619559,0.9991818811136134,0.9991962859575376,0.9818304232364494,0.9991156563105547,0.998841884024403
0.08613221335365964,0.998724607523669,0.9993830727775392,0.9185467030804058,0.9980787308054779,0.6954677389461369
0.06852928225445978,0.9981159762615691,0.997530763328478,0.8783452634693102,0.9979611107388575,0.9700902050998623
0.12640050677832768,0.9919964644303922,0.9907117896374747,0.010714409984115991,0.9906193210717009,0.8531095282140755
0.10518005690919043,0.9763652685081603,0.95814896680114,0.5318764076061661,0.9750834732033633,0.003789701685330699
0.08200760518533409,0.9978285287679644,0.9978404185791536,0.9969461340672657,0.9971626031495496,0.0006082266599206763
0.09853117162229288,0.9965040826586319,0.9988491614852159,0.9341854209447117,0.9979124127975041,0.004748701618469526
0.057725756789726294,0.9916876490313383,0.9994718158210673,0.9808834362427133,0.9847285608921268,0.3487953604339219
0.06886889904397718,0.9987992271006015,0.9986455828275048,0.95929386023834,0.9994692041685913,0.9983114360316834
0.06554470447120876,0.9993056400375596,0.9992258137299129,0.8234072282382334,0.9990235655467575,0.9892018455281592
0.1149072283166862,0.9936411967270591,0.9968726659292699,0.9618272285793829,0.9911477715641295,0.0006950198247870966
0.09906811050118502,0.9984024662084551,0.9985066566787458,0.9857849811374036,0.2618443771514024,0.9858723080030647
0.0872564025183155,0.9982033703175387,0.99729343709621,0.7410711254268767,0.9974697902138369,0.9941842543457551
0.06109588640776148,0.9995729568403299,0.9995268934477417,0.9918134705229855,0.9994213045059825,0.999678553850454
0.07323418383886847,0.998841223631718,0.9997836827691184,0.7470224134394887,0.9981749503590932,0.988168763928204
0.11585510783474974,0.9801410959155835,0.9985904799938509,0.9754430771872193,0.9710900366333052,0.00047881943657883874
0.07332947990088798,0.9984829215610994,0.9985795351515457,0.9684541567022183,0.998246218520067,0.9682920701041502
0.06200005703729993,0.999076796254554,0.9988831062722744,0.8109052688115209,0.9988736572671907,0.9967084659738548
0.0573543140826691,0.9996871328639794,0.9996038778240145,0.9992873182951897,0.9995424451316942,0.933820124841915
0.05984505429649407,0.9993089995619597,0.9992698292278829,0.9867776892586461,0.9993041019112375,0.9992361357402844
0.11800878546362417,0.9895370483755354,0.9894984092615823,0.014847172791321589,0.9886969787746499,0.7678799840694344
0.08115726919908367,0.9929639096023074,0.9980314663714107,0.9068969980659273,0.9756599754125576,0.003999410902688988
0.06006671713636955,0.9996000314235776,0.9995954423670443,0.7655441685113733,0.9994647043431246,0.9975371321564844
0.16993344570214627,0.9700126520158868,0.9685443771720835,0.3781898642043674,0.8830055128946497,0.00375356822338084
0.15496236128744703,0.9346971482144103,0.9383667396740851,0.026911664292824638,0.753726435183308,0.005837674248892425
0.10647574129258167,0.9984823696440681,0.9985813562512419,0.9771703500237906,0.5764806335925883,0.9778077537427411
0.1426318302354168,0.969860372409171,0.9717546671053954,0.0007866896797608555,0.9627024408125526,0.0010653166485341365
0.11836880718217797,0.9911157900000493,0.9906082470352607,0.847781285681432,0.9873599981903318,0.0025024387113861996
0.13183761646402956,0.9934823479330251,0.9968937237727727,0.9262066632655583,0.992234078722515,0.00012265746732638072
0.08166252096367896,0.9988557544857241,0.9995641126077491,0.5437543004404785,0.9981186971261576,0.9944382105924582
0.04859538192443588,0.9992877567960562,0.9992811492877725,0.7617869597478686,0.9992127413460516,0.9991501224763036
0.0707257319759538,0.9984879134052551,0.9985864434565297,0.9912297861656183,0.999204106118606,0.9920468340081223
0.05707807518604003,0.9994599144901242,0.9994965771094761,0.9847346483277206,0.9994434433871526,0.999276655201071
0.06917407946531877,0.9969639794551498,0.9975026842890444,0.11119457668962979,0.9960138610853926,0.9860472456766882
0.0825772599935589,0.9964614024145793,0.9962995224211993,0.8868159976250619,0.9949823646433069,0.9868454644729566
0.09551218774927057,0.9970479263392054,0.9966637495290334,0.6783485854878137,0.996967240666539,0.8976017460214769
0.09467539170086646,0.9978171599474809,0.997962260133147,0.8184155561889677,0.9956828573557284,0.7527971893462614
0.18125206712002181,0.9802243793352994,0.9986664856275462,0.03846040409246739,0.9804416094796244,0.7924262498291639
0.07749211814868075,0.4123098598510229,0.9999639987401563,0.9915711679491398,0.9999318378669843,0.9999175382062978
0.05532280511002043,0.9996936219601466,0.9997134320382112,0.9995214979835358,0.999600626860334,0.7345371786685609
0.12166972450564774,0.9985309153545746,0.9996766269660299,0.9654538038363774,0.9976228187875437,0.9705744366409259
0.10115121817063483,0.9982371685319193,0.9992179264646806,0.41602138936190947,0.9984975871435897,0.6348420307826452
0.16601205419507079,0.9903669723605811,0.9990055380448,0.07919961646337098,0.9904471164348829,0.9350406977505721
0.06124646884407124,0.9993798184985394,0.9994194085380641,0.6267760745200647,0.9991065315054671,0.9922419222667846
0.06930052019554757,0.9989044872274303,0.9989499395651912,0.9948615173008754,0.998733155177017,0.9507230037501059
0.08931481572371831,0.9973906818520438,0.9948710714947534,0.9743870401372257,0.996993247492765,0.9986273545620998
0.07842812175334633,0.9988650523851609,0.9988962386132486,0.7147996963600908,0.9990405332074273,0.3930637690564563
0.09606739842954594,0.9972161466546701,0.9968601360273553,0.9795733322802379,0.9968101248347163,0.05829846832295316
0.07617620095880205,0.9984098803220102,0.9993911410697869,0.9957401835573937,0.9983464600169083,0.9293720133830524
0.044468440391438345,0.9992885929926917,0.9993041782232097,0.8004317525008641,0.998854569458319,0.9886363390190386
0.04838557996052682,0.9995402375024035,0.99984532945269,0.9991430643379878,0.9991604973304966,0.9681010283665181
0.06481548363197631,0.9988562729576312,0.9997810485335111,0.9786303795978915,0.998869073774356,0.9988270118365448
0.08760556719474338,0.9988771027335365,0.998762252109209,0.8646061941523111,0.9984401141954848,0.644972953103878
0.07610212675099859,0.9979972415170236,0.9993820583406893,0.6957220088581191,0.997475521147469,0.9696022338500887
0.08387991757200931,0.9990681285192721,0.999097286294404,0.2645627131186842,0.9987913854365901,0.7329671683035724
0.04976942084253641,0.9975794341980545,0.9998237311756171,0.9755366630144211,0.9973228808152574,0.9983847474492689
0.05571804628839343,0.9977337576390127,0.9998939674426731,0.9413457784912194,0.9966265661569851,0.9959739907821397
0.12416008483828066,0.9949004269236638,0.9987950329757238,0.9333515298691003,0.994044015768596,0.001059742367468842
0.07167274197898202,0.992864382894764,0.9997978210156624,0.8049468744286616,0.9942773506328915,0.9903055915575858
0.05304706842561747,0.9993845010743204,0.9998635184293704,0.99932938914665,0.9988561684766196,0.869661321476717
0.06515920160042538,0.9990949731624857,0.9991591007539813,0.9334265480865712,0.9988507889872134,0.9970130974030251
0.07722419302315417,0.9984911355824516,0.9984511022700132,0.9982414717577177,0.9972956194093202,0.14302112614550272
0.11313906226963781,0.9935883438529911,0.9924128543828074,0.39082261823339154,0.9916936577741373,0.1404566367486411
0.11211682185344299,0.9936335813949464,0.9917803037589039,0.23393738153695096,0.9900702869278861,0.15464228912461864
0.08402307110243333,0.9980394660961903,0.9981453309354074,0.9363548194197838,0.9966572108076172,0.02591697977297972
0.09707871532828223,0.9960692726040286,0.9963565619534057,0.878540126567859,0.9959971031495496,0.015625673467402065
0.07007937847651247,0.9989130672925821,0.9995138339192283,0.9813297042202371,0.9989036693535694,0.9988910142481388
0.09899394202326575,0.9962111084749871,0.998203528839519,0.9625771385374623,0.9960517972674525,0.04596826660459021
0.1054215257793166,0.9934194540407871,0.993446352206574,0.9707767722160702,0.9928864141133275,0.05143071732853294
0.1330622233983756,0.9838379145522839,0.9849642600174568,0.49266193517477563,0.8982781869021438,0.4864782222552984
0.08074946865928663,0.9828786066426932,0.999546794602881,0.9679586081030724,0.9866108925111279,0.04158999405822967
0.05963441184728211,0.9991274195525423,0.9991472828126202,0.9816344341486071,0.9990651321080969,0.9988341355660644
0.07385186372794891,0.9980019940961391,0.9994806887927348,0.8792927125183075,0.9970064524105137,0.8864662331031151
0.10983151568377239,0.9974427146662747,0.9987339488088355,0.9705762580337731,0.9963390278936665,0.9889580167584897
0.0651944580070151,0.9990427333486407,0.9988295529720851,0.990644350734575,0.9990495499581284,0.9989966275140366
0.08053577451006655,0.9986527536838568,0.9990050203484878,0.9181544369182308,0.9979862422898066,0.77399654391871
0.05315480526461094,0.9984515826647066,0.9983611344549415,0.9408757524769372,0.99823227279397,0.9974988116386413
0.07191152052645278,0.9991776083100357,0.999137532186763,0.9990412601993844,0.9985140144303594,0.038316666247630256
0.07651756042519421,0.9989895886033051,0.9990603665771955,0.9875027929787038,0.9979052025090266,0.04382271678791797
0.1002512206464684,0.9894456194832834,0.9881296116978214,0.07228463227332892,0.9893743066628335,0.25577676473823746
0.07203990187314607,0.5872261349750291,0.9999634989285265,0.9926078015786441,0.9999319009840604,0.999929261556337
0.06439414370310763,0.9987358106510739,0.9985899401549169,0.9589519385893839,0.9994385852640291,0.9983013410144285
0.11223735293161698,0.9852812852476351,0.9993658723906191,0.9860366715331591,0.9853524143223564,0.12338041210188498
0.07438195209104968,0.9977487576616236,0.997745278372197,0.8759737239330033,0.9985311283675301,0.018731052541593022
0.06257176524341689,0.9989095474139829,0.9986368712228826,0.9321824791495824,0.9987092265076815,0.9986711100770401
0.07686091354633716,0.997276247999488,0.9996010833005984,0.9520536807944082,0.9961737263641016,0.2498616810800526
0.07422084875632234,0.9974011931763435,0.9969772904538642,0.9521573303181411,0.9956314198563673,0.24815931044170317
0.06536337575339943,0.997947452696726,0.9996790469808259,0.9793449033766782,0.9980457358058489,0.998400968762282
0.06407002388895215,0.9988479995440745,0.9989014310011971,0.9393243743518251,0.9987983758409531,0.9983762828621545
0.06542806530260874,0.9994356612903038,0.9994418789427071,0.9980607097162029,0.9991205610961945,0.9853358158364146
0.0759130294843812,0.9831392091272494,0.9833148301301576,0.005017296272499878,0.9989691627491838,0.9676713950915443
0.08982542113393814,0.9970312636235363,0.9966714452549335,0.9790455781534566,0.9966300667365224,0.05829362872165836
0.08145037014051668,0.997334530712692,0.9972519303721586,0.9828557876081451,0.9957845976260803,0.04373697244375826
0.08564239509779405,0.9975750725335435,0.9974124631889759,0.9192710791785795,0.997515684006884,0.23140865765079677
0.09323351705727613,0.9972207656060541,0.9991244328629365,0.9452149360115143,0.9960732911893532,0.032964725129718125
0.15770596327929856,0.9784639648412611,0.1882375173376657,0.7250057509684311,0.9686530202932863,0.733247671362224
0.06781828124695573,0.9987695887457573,0.9988597430818955,0.748567720805779,0.9984035205325102,0.9976442729903496
0.07594830627359495,0.9964480094995958,0.9963660810016978,0.9887350803756454,0.9923181572095545,0.873137347191362
0.08250896863833967,0.9981837835429763,0.9993967206029025,0.8905158316290663,0.9985402358493385,0.08491014390243751
0.10969863879933218,0.9933600735439178,0.993461556756358,0.8759085591883132,0.9913863026675952,0.008700562096728022
0.04729529164712096,0.9993052242876292,0.9993497725290094,0.9992880648293823,0.9980732009160866,0.9737877930804405
0.0809625403416408,0.9915761843703798,0.9994429069283899,0.9871914818469185,0.9846009532353931,0.34871508762967296
0.07026102920262917,0.9992126930922294,0.9992668571914223,0.08837187765414631,0.997593292705463,0.9974765997297038
0.06462493962233416,0.9989823474091475,0.9990343159361182,0.972677009033064,0.9971859972214305,0.5694064190225948
0.03496032106695318,0.9981847367691281,0.9984744599264543,0.9740534428453916,0.9965947063483156,0.24116991311868974
0.08956297076164237,0.9972765672676243,0.9974670358566314,0.9929831302663372,0.18276174176407345,0.9933652358114001
0.08688649359537216,0.9869309921322298,0.9858715876173485,0.6255847427583854,0.9848934503241256,0.12585286067249343
0.05712618240779316,0.999548794957191,0.9995325462320233,0.9917273147751395,0.9993927250381138,0.9996764509083603
0.07559498580943823,0.9970411255282846,0.9993981174913913,0.7476244072125182,0.9946357102381426,0.07944640024316121
0.06108761482103935,0.9954438502510636,0.9996683342979104,0.9863744969103091,0.9894562463494136,0.3910217993008681
0.08663017840393145,0.9974485511221572,0.997630085708807,0.925329705533767,0.9960208622283514,0.5990937128744074
0.08800197775261591,0.9985399858085345,0.9983629992230327,0.9438473229928092,0.9951787599763283,0.27482094004153285
0.08594089630059133,0.9925569568527313,0.9921403808101337,0.15801001011114968,0.9913759315919115,0.4519156007551547
0.09113254506466884,0.9973784779588305,0.9975109982594869,0.8858914050577246,0.9972588897630238,0.03402322512548577
0.06275556528614809,0.9993744357843519,0.9993206345467032,0.999065142705184,0.998831536869353,0.09578583289102718
0.055956623087991146,0.9992639847899392,0.9992263731351192,0.9866343285406897,0.9992643267246286,0.9992309957225474
0.1260291461031363,0.9878651828264456,0.9867648408064327,0.37985154353713346,0.9874948140343192,0.6391490953963761
0.08985810732816144,0.9969949475273608,0.999173807601934,0.8700910720746787,0.9934541239240818,0.02220568880238947
0.08675374013794095,0.9990044434681453,0.9990482507346875,0.968520172105535,0.9971450994035495,0.09322551841086671
0.06408042933384858,0.9993409834855019,0.9992305715660863,0.7443509449738127,0.9994268513164474,0.9591500432287292
0.06917776069244487,0.998701935191478,0.998786086949197,0.9708055447447976,0.998492057077618,0.9981960246577671
0.1288852941610342,0.9869818556636135,0.98640306622586,0.5978337443092665,0.947160601838942,0.42241704515620904
0.09940686497995954,0.9880788691553846,0.9888268891459424,0.6793688192400306,0.947466679900983,0.4790162058570989
0.1285863282216012,0.9874485816755653,0.9883183384454238,0.3451270038445672,0.9404009451353196,0.3539843164873411
0.09194835339314557,0.9979324710719518,0.9980758440709794,0.2883115349207911,0.991871318815787,0.5151365808820848
0.046069230790166005,0.9976035660297246,0.9974709283794237,0.7274241455782624,0.9949613331099609,0.2720678242762661
0.10036384814443024,0.9982798188171492,0.9992084976439676,0.9337947323229707,0.9972559132513694,0.09815546016349676
0.060332895467883084,0.9993147970035711,0.9993124330491705,0.3799142474049027,0.9992432633107566,0.9991664841430548
0.11336517431298808,0.9892231478068976,0.9899523923601508,0.16447101466164082,0.9943606991007918,0.169537720871476
0.053369428390014365,0.9994239507320113,0.9994658065289741,0.9846288812282854,0.9994115717975381,0.9992718750405307
0.09849561966027993,0.9962119209391483,0.9981113427016323,0.9845894456805884,0.9951979821507115,0.07111433269841318
0.0776495872346733,0.9981514880031908,0.998063069175386,0.9974807443809763,0.07387929078137667,0.997586007136422
0.09948349874884685,0.9867411624917861,0.9845859926112196,0.2919203404262966,0.9917384360874028,0.13743242544235376
0.12890369075883315,0.9852073974668311,0.9857774526367415,0.35176450899907413,0.9830426121414186,0.1965179197818606
0.09062382052460187,0.9964793809968215,0.9964852556386443,0.9727692377279307,0.9964155581627328,0.08481524449215758
0.09258233912049996,0.9971363000157029,0.9973402200057583,0.94308885409374,0.9942843886681214,0.10665994363490214
0.1129055433575215,0.9849182464135929,0.9993040843830607,0.9906479319693855,0.9850637443536173,0.1224698157687744
0.07245706931858922,0.41230009260767425,0.9999617608487313,0.9915579144426037,0.9999286584051243,0.9999207550020398
0.09557145353469287,0.9920117597498267,0.9910105611323072,0.8016750886701812,0.9903437423115314,0.85368068248102
0.052610656523339266,0.9996498584898245,0.9996741779709707,0.9995489136424013,0.9994353537153758,0.5877594323283393
0.08534442441433043,0.9965633025698721,0.9992131859789561,0.723531850887454,0.9940620295867352,0.12979236332807081
0.08139759094067552,0.9943590570512424,0.9995780080491973,0.756780742505743,0.9963376189858819,0.308548063354617
0.06825394983522222,0.9985457510563646,0.9986206707068679,0.8791611186373072,0.9977389920186069,0.066854105271612
0.07693873177775268,0.9982708678926874,0.99834993421352,0.9657915683962719,0.9973223123286988,0.12290599241589194
0.1104572588077564,0.9932053286852686,0.005946947973083043,0.986511387236459,0.9920650703483206,0.996788534050842
0.07333225610772227,0.9988068735519785,0.9988462523372122,0.7143613964084771,0.9989888673029335,0.3930044218484583
0.11775422510352483,0.9883447240927552,0.9954675826179993,0.09305908268929913,0.9879482573934163,0.23787070009210645
0.07863115089930225,0.99855569182995,0.9986014878967675,0.5002588243264787,0.997227390514911,0.056448990715712695
0.07734820769199506,0.9990215152822874,0.9990484945709595,0.9993992639306313,0.9982143931080548,0.17416846367469838
0.0798967792159718,0.998989671715945,0.9996686716636176,0.9987171256669246,0.9966165052803101,0.05857864525463082
0.06631170364879793,0.9991302733972247,0.9991395496165791,0.9987867157094551,0.9984416835599496,0.06716482100364457
0.060604098876602265,0.9988111967533982,0.9997673931250145,0.9781694555939312,0.9988292428944107,0.9988425963556783
0.05053906629110999,0.9977238581506659,0.9975553715714193,0.9851115212579747,0.9956863118795153,0.5535943085346282
0.06386982651854653,0.9978064407672034,0.9993532844751096,0.9661291763826046,0.995680250395969,0.4724490827189565
0.08276692437862171,0.9980140453761474,0.9980862008820053,0.8372338165444142,0.9974489201579396,0.21043680092215608
0.046535653716610496,0.9975354848598849,0.9998134083050972,0.9866453846714753,0.9971656844903088,0.998386557413576
0.09456615638944145,0.995425776464776,0.9991221610644558,0.5331141124810204,0.9946379695725249,0.011990644171608715
0.06323760980182128,0.9981442590874765,0.9995362688860099,0.7598018994980772,0.9966795359049869,0.16250784384149441
0.07353768218548362,0.997265839248156,0.9994047547116628,0.8879114538420072,0.9956128395479253,0.13334470778839827
0.05304706842561747,0.9993845010743204,0.9998621642234378,0.9992941239765537,0.9988573508232385,0.869487378780643
0.07451312166909398,0.9987334209426938,0.9988118909013298,0.20774124443211278,0.9981160735576933,0.9941363183213188
0.05517876908241703,0.9993135207025803,0.9993415929482169,0.9991286807148819,0.9991385288340895,0.9671946866848729
0.08529581006960002,0.9980678312748594,0.9979366692507862,0.435753312119293,0.9977658667531154,0.9894374718440002
0.08973439095902508,0.9988190418586166,0.9985858582134968,0.32743833859198784,0.9981166642240522,0.9915697597015536
0.0684818253973666,0.9993456334268287,0.9993298216303553,0.7247106476841034,0.9988047626391238,0.9832843811931922
0.056625804284339325,0.9991871581928521,0.9995835975216549,0.7818382871997646,0.9988731630633455,0.8557726078064488
0.07329636649560302,0.9987683192253218,0.9988474156465244,0.6087927162851621,0.9987481345957386,0.9910861255547191
0.08651834490406281,0.9978284948651218,0.9990186330848226,0.05628242270500834,0.9978134306742432,0.997015589731374
0.08773315647365978,0.9974587297413916,0.9969676939521139,0.9139916293816274,0.9967462610805548,0.9707744919060982
0.0898629138665884,0.9974918795132846,0.9976461604872938,0.9896613629610965,0.813258950396659,0.9916272156931697
0.06120363383054811,0.9935100291511472,0.9998154650326366,0.8628459341455647,0.99459479923298,0.969969952740384
0.07749349993187717,0.9982563605707566,0.9982794114736254,0.05631578266791987,0.998135712897812,0.9970906764121543
0.07385186372794891,0.9980019940961391,0.9994755359118528,0.931521047528323,0.9970100642999483,0.9327541556267404
0.09707175517386614,0.9955545936201554,0.9981528587436853,0.8600717822778334,0.9931674094460576,0.7598642896401209
0.07617426514863516,0.9983445370418175,0.9979271892710824,0.022659765642534795,0.9983195119620109,0.9977849018503244
0.08742078734556448,0.9983287818134162,0.9991562052309605,0.9661954681319057,0.9980772672470294,0.32161453684738983
0.05315480526461094,0.9984515826647066,0.9983470876827287,0.9409117326912307,0.9982353901224792,0.997352877119798
0.04066126555545183,0.9996454945166375,0.9996545193058839,0.9995444575528418,0.999534311606407,0.9730978178760022
0.07028466922368924,0.9989787156027047,0.9990403082439498,0.0644631146915159,0.998754900964012,0.9904969171983532
0.07610399147493126,0.9982611674174747,0.9977687565709475,0.9971311641220683,0.9982857468192122,0.9923958253225263
0.10410705210166502,0.5542435715834333,0.9999177693520704,0.061326277056700504,0.9998483480352571,0.9997882666296218
0.07890585489308043,0.9979473141727186,0.9976953497088669,0.12463623994890372,0.999089846237462,0.9958322299452463
0.08764480160555574,0.9875708442843785,0.9994430725627996,0.9884221990650267,0.9876454478643555,0.5214043869646846
0.05513192122492778,0.9993235613193103,0.9992807808598422,0.42060038814206446,0.9995596901905045,0.9927698537317992
0.09723367059825105,0.9985465915096573,0.9980926441961832,0.2034487342371184,0.9977663955583156,0.9980872465078484
0.07054145230700709,0.9982473116109195,0.9997409824313765,0.8764071945510256,0.9980973800839711,0.9066803590131114
0.08351914106183496,0.9982266530285964,0.9980928979414774,0.966057729519287,0.9970119821670068,0.513685449758952
0.08323915871112422,0.9959033140351858,0.9993519230586935,0.0560655984612944,0.9961032689222711,0.9955575542726472
0.09738411239017297,0.9979887610619136,0.9980619278594741,0.26079784225753594,0.9979254024324216,0.9956078009926246
0.043618710201739345,0.9994356612903038,0.9994370367108188,0.9971020763260697,0.9991220431344553,0.991614190216089
0.0639617055084608,0.9986992728340516,0.9987371059400582,0.9971736129551881,0.9992601676557652,0.32171933419206034
0.07584768602554615,0.9988103864600205,0.9984206137755351,0.9198771149810361,0.9985355576440037,0.9757148889082331
0.0742375349785172,0.999136509776401,0.9990677138475919,0.9426961983702384,0.9984028834940684,0.9773473281915654
0.07886465810667072,0.9981802011801242,0.9980392509473378,0.9382918979245245,0.9981393079986421,0.7041863442901253
0.07481040905236708,0.9990718688727191,0.9996377589946823,0.7540820446124188,0.9985072911948627,0.9827319582689913
0.09752293256481691,0.9950297772629213,0.9969875692419784,0.8932962531181672,0.9942452009603021,0.9249731368177067
0.06789583532306197,0.998605567185235,0.9986917752967426,0.3928152073908921,0.9973315847899772,0.9939203808952887
0.10696991348249438,0.9934064424119133,0.9932472932136355,0.3295575969127599,0.9912554243535625,0.8294806502513214
0.06934017716954799,0.9991444873045717,0.9996948619263379,0.7206564175474521,0.9994896265148978,0.9696724002225918
0.0909250768083497,0.9977985357295436,0.9972688038877591,0.5007274783656859,0.9962331199041984,0.9937692805248945
0.060034815203912684,0.9986000083036858,0.9986671693416257,0.9987268353253776,0.996141243519006,0.07861514391140209
0.0553752022489227,0.9940883895643505,0.9996065335232363,0.9366720584464179,0.9844853675485585,0.7347449076927264
0.05634376725781231,0.9995499584866498,0.9995768266401389,0.9691938617808378,0.9992221289845996,0.998359819648734
0.0688243063351796,0.9986919698461257,0.9987472697380398,0.9652107587936919,0.9979690032948704,0.29556555808028817
0.08377751959473548,0.9982961143855706,0.9983999017488643,0.9938049163280467,0.7491509042777846,0.9937788648058512
0.08631029324410462,0.9978449322709037,0.9971084085786982,0.47715436642465653,0.9973364647793045,0.988331788039004
0.07590360161311209,0.9989049221883626,0.9987865425958496,0.025151514530231095,0.998619027617098,0.9990200207317018
0.057522950163037934,0.998518370786715,0.9996963399362178,0.5645758891077042,0.9982539279055054,0.9742477816018649
0.06607175920135533,0.9939703152607097,0.9995203193236571,0.9925536946907186,0.9912321549148648,0.5511820994661726
0.08406265553919502,0.9971120203785399,0.9972981836576852,0.9691997939366761,0.996589126874388,0.5469894724272859
0.09479350639213262,0.9964616794865084,0.9966814203626342,0.7450602029624702,0.99587978171819,0.41461693033010893
0.07333651403227116,0.9990731847894964,0.9990553055823089,0.3104522726851808,0.9989715946897579,0.9861764721067862
0.061120080733100185,0.9993744357843519,0.9993140132158995,0.9990752306228858,0.9991576101575015,0.12565240333968816
0.07450309413831174,0.9984241500921575,0.9983279142350857,0.04150226907697513,0.998428005071305,0.9979422740263705
0.08937072870786869,0.9949360803382572,0.9935027439673507,0.9725381529130368,0.9947767473085836,0.8611575045232485
0.06313693631873887,0.998621068975771,0.9995551159691212,0.7441124100121248,0.9982008278265456,0.9811395676219165
0.04802319248222532,0.9995517541209047,0.9995420436841467,0.5459648391810736,0.9992245899939665,0.971888400840655
0.07261101353645455,0.998494717150071,0.9969166765057292,0.9711278282655323,0.9986959821675885,0.13384045199014027
0.07748662022200155,0.9985284189974816,0.9986229001570187,0.07440355143979259,0.9976961683275578,0.99602547977352
0.09483588593455124,0.9963124147118719,0.9958924960419324,0.9899967360532433,0.6269851446272007,0.990053888100053
0.09179613325624551,0.9973508667270248,0.9975103865510329,0.9836628131021351,0.8511068582136334,0.9807255440864973
0.09134980011611994,0.9974587240314126,0.9976133967130516,0.9898640910123524,0.6058405789270406,0.9904387833397024
0.04898019108217484,0.9992466822187767,0.9992935495740942,0.9947958020199434,0.9990996205866726,0.9925792467401011
0.0868253874673008,0.998820530706745,0.9987355546446127,0.6950726134406028,0.9982962501711171,0.8328817714396759
0.05889928674717025,0.9991391690159453,0.9995863117590724,0.7466122480554351,0.9989811926025192,0.9666591219991781
0.060332895467883084,0.9993147970035711,0.9993057874839609,0.3799280403542372,0.9992447518508941,0.9991096736315893
0.06613032895238846,0.9983910163729903,0.9984894813125075,0.9912883130940945,0.9991633106524669,0.9916815166325169
0.07084813447252918,0.9988485647474545,0.9989217484329981,0.05156982045617153,0.9988261728565552,0.997849150677854
0.08440581230744565,0.9983730157482202,0.9989822694688839,0.9626673292390052,0.9974668661600766,0.9712182880998322
0.0691444369283024,0.9988438785878799,0.998776730811501,0.9984419707407984,0.5775180453151022,0.9983873486331292
0.06830811323514631,0.9986136462054997,0.998358039958948,0.9929160835248061,0.9983184467436973,0.9956799277972984
0.0985679731218601,0.995210641559662,0.9949293881620107,0.23722663406222325,0.9940161578749641,0.9844398083526477
0.07574077443967314,0.998041035323447,0.998025440572627,0.9847661006275061,0.9980093870560697,0.9027881619885523
0.08078605661998763,0.998407028100454,0.9985061378029902,0.9676580005002566,0.9941499567154765,0.897077178356514
0.099872709632453,0.9905202900147221,0.999560604624787,0.9942686322033656,0.9906173109017139,0.8106496722211336
0.1045419600302204,0.4447343434414491,0.999913853944257,0.06947287357745326,0.9998411276604268,0.999763187857764
0.10791749703087994,0.9924324631843067,0.9926612225086002,0.9108129947964364,0.9921262667206829,0.6563555444845833
0.052610656523339266,0.9996498584898245,0.999670988228065,0.9995540179435782,0.9994363651904246,0.5876631632663732
0.07191561989703951,0.9961316511234154,0.9990596980007964,0.9050670789128055,0.9954351362203515,0.7648299082976815
0.09275192341822733,0.997706920416156,0.9989704868876451,0.8233328456846021,0.9984828582144308,0.4379744198568345
0.0516288211731736,0.9993531445312267,0.99935197122199,0.6949327378221225,0.9992555889361504,0.9766488790608157
0.08171340852631384,0.9975653733044367,0.9976005028494103,0.44842460952786634,0.9963493294612835,0.5478817210961808
0.09170235829399544,0.9957537659934051,0.9964311992411161,0.05664694871115447,0.9951085004627369,0.9971925568783604
0.0776741512787763,0.9982964047619101,0.9983404946712722,0.9019519372440172,0.999039470528736,0.22861876384608001
0.0816335677947878,0.9973746065150563,0.9989747396035463,0.9940266619487015,0.9972888460867922,0.19067443650362534
0.06594363588255939,0.999319805467348,0.999335396621896,0.3263791659725649,0.9992235665166409,0.9707628782393553
0.05483952164818981,0.9988818880448214,0.9989035124699975,0.9989768771534668,0.998522065997577,0.12343813626466867
0.08184710533783092,0.9986594576461593,0.9992056596361568,0.8236200915009068,0.998517326855177,0.9817016163662671
0.07754960727537247,0.9988455057351096,0.9996181800405048,0.9985838017336347,0.998773835858759,0.048739886558820694
0.05312253221076465,0.9995649475102507,0.9995357043583432,0.9992308967377153,0.9994379148566601,0.9795370479465763
0.07802477923987104,0.9982188306589305,0.9978505993366656,0.3278009398850049,0.997423387885814,0.9715987112982335
0.07822428342223542,0.9977733101217556,0.9995596064387238,0.06813596486489851,0.9978098127624638,0.9968071429932548
0.08553311566925731,0.9978065133389764,0.9977954973819453,0.9836429589698104,0.9969898740465578,0.10549738080499504
0.085662490277324,0.9978064407672034,0.9993475962550368,0.9867183901160396,0.9968301301738411,0.5813337853367743
0.07999039407150323,0.9982972701017964,0.9983431403874257,0.8572466599182621,0.9978168690030057,0.40366701321897275
0.05617306871084593,0.9974509623986929,0.9993192983783405,0.0445133808911734,0.9966735120976452,0.9970601485329573
0.0724473404383749,0.9987251708181356,0.9997535754579161,0.10522776716602676,0.9985063921812968,0.9915204232608263
0.08431215320950794,0.9990063678512764,0.9997588765523842,0.7655689595748126,0.9988428399417892,0.9439675289147712
0.06751738471169508,0.99863104815688,0.9996767627835429,0.32022902902189465,0.9983897569026845,0.9540698574682169
0.06064966939819161,0.9991962853076545,0.9998240895591254,0.9990837632655831,0.9989141859569789,0.3683383952623038
0.06799828870236976,0.9991273585550354,0.9991860674910918,0.9336603914876677,0.9988890675106784,0.9969179557217621
0.05758299331714177,0.9993381083207632,0.9993687628914372,0.9991491911698875,0.9991652971357846,0.9425240858694175
0.08333333892576895,0.9983448795491211,0.9982418311885536,0.7966104201142166,0.9980757489716148,0.9931240617823374
0.06553151609958874,0.9993422163882563,0.9990621227936022,0.9137445729628272,0.9987307139430386,0.9971935481467032
0.08886918085036476,0.9977969942748345,0.9977161476511258,0.8310138295225334,0.9969508653701568,0.019672924600338926
0.06686850970214013,0.9980706913608595,0.9974756051223699,0.8782288248835732,0.9980368837997482,0.9696368127737113
0.11135667300305155,0.9924664576909521,0.9929542605915487,0.047688170915416404,0.9901929673555963,0.017845209354188513
0.06041213749999381,0.9981933400294389,0.9980278036112221,0.5380136346854765,0.9981695275481487,0.9948150791620617
0.048755230191949266,0.9990314638352863,0.9992901681513306,0.9816165027856835,0.999017505904622,0.998864537553077
0.14999092266623837,0.9758681276780758,0.9774514894502139,0.22907545218952383,0.8534512700638487,0.21812090731519165
0.08420950229301097,0.9971018039607348,0.9995824430698844,0.22459013785876009,0.9970105541676568,0.992495687892559
0.0622327753224195,0.9991593100002675,0.9991751873434664,0.9817980187196388,0.9990964818723517,0.998793523192182
0.07939397210485306,0.9911581060632684,0.999703099605859,0.969046460853787,0.9904511085906713,0.9175000601573623
0.05094090868483512,0.9976959746571694,0.9981493486517414,0.9713514473285219,0.996676253254344,0.9833345235075277
0.04535672085671691,0.9990723740790153,0.9988611927808694,0.9861403915316118,0.9990773033433322,0.9990252260100441
0.04243293972812103,0.999657588919602,0.9996680674153738,0.9995748996199381,0.9995479100093001,0.9858793662813098
0.07787404187307416,0.9979817874331208,0.997863364848586,0.10125710423812684,0.9976763709862259,0.9971839493674849
0.06156418145399164,0.9995671178966925,0.9995958858217033,0.9807979678302164,0.9993488485529598,0.9868082902797513
0.05456380438627456,0.9988259654800619,0.9989676549059157,0.8592678541622086,0.9983182853679168,0.9300177390532282
0.07517879171847666,0.5872342808929465,0.9999647153851714,0.9926179258358787,0.9999337841805437,0.9999236639731162
0.07077322855808135,0.9988145306639663,0.9988971137049776,0.8536797902043456,0.9984562332395437,0.9975051987017418
0.035134146545711904,0.9992460329308689,0.9991205386894586,0.5763847581782227,0.9993329155636883,0.9980899297676471
0.06529811374501236,0.9989467369093793,0.9986209447640886,0.9324882272000511,0.9987496227735039,0.9986249843028174
0.08447517363958064,0.9980896510819378,0.999640781110759,0.3414502506224387,0.9968354350282043,0.9633113256464584
0.07729886019157488,0.9986042462299165,0.9981839474467346,0.8638553579145538,0.9982294547015358,0.9780500204053552
0.06821135903869202,0.9979843951063437,0.9996897501512375,0.9794642408432694,0.9980811506081226,0.998133645639164
0.06686165383493978,0.9988900699472637,0.9989374029540203,0.939536742334464,0.9988386946308824,0.9982096659634921
0.0676210570811534,0.9988804882287303,0.998928158215706,0.9948465744514862,0.9987106093284848,0.9504260465495058
0.07467901246519636,0.9982088236068682,0.9982309286692507,0.28407465271270105,0.9979214408953604,0.7711147842604198
0.06839741254430383,0.9993683010481625,0.9993834830629088,0.9995819711775491,0.9991610082687437,0.90381397258996
0.07522246566356648,0.9974720259614994,0.9975532789373752,0.9944907621512813,0.9985661269826879,0.006544872491411367
0.05984868033449453,0.9989247197543356,0.9987707541332088,0.9116877981514298,0.9981988532635049,0.9809952189013704
0.06404544350857044,0.9991273621129052,0.9989725968304749,0.5648170631002433,0.9994830878384139,0.9952423378054271
0.08744798921344948,0.9984412885880785,0.9983267696142483,0.17317922793816135,0.996563913033427,0.9916284950672754
0.09590251263495325,0.9964792469851956,0.9975594254665765,0.782749232672326,0.9958871355376947,0.8894426472126876
0.09494891858512051,0.990883102127561,0.990639054922691,0.9713014118767935,0.9856737764223074,0.01342302549939689
0.055437163027561256,0.9995808643618721,0.9995552393367758,0.9992563362511456,0.9994553952132949,0.979615974140288
0.0736909573266546,0.9990337633155709,0.9996596799389027,0.5976146036977361,0.9992436213685609,0.9890171077997366
0.06027697721516673,0.9980090770600415,0.9969846141130757,0.7839870345006383,0.9939395612819069,0.9968207363647589
0.07403403088189542,0.9993277625171799,0.9993685390047247,0.99952234313989,0.9984212210805712,0.9735532010462555
0.08142232137420213,0.9984434725116687,0.999352427816318,0.5697322232274102,0.9964956248455465,0.8384830375531451
0.06719989605024891,0.998772944574453,0.9986216254317143,0.9594073353855286,0.9994575841329857,0.9981456652874462
0.06395626165443605,0.9992868659702207,0.9992059445392417,0.8985697276321207,0.9990027481279791,0.9890535146537777
0.06202305905712614,0.9985847063051877,0.99927901436763,0.21442100478545756,0.9983951501037203,0.9824240647863107
0.12070547240213692,0.9884422647659211,0.9892023675712771,0.5255288806097675,0.897073518641274,0.5275920587355772
0.0851417876624574,0.9981538655504884,0.997223705901564,0.7408776474047412,0.9974157084441361,0.9939906074786168
0.03974350563358257,0.9995952085137948,0.999547971538845,0.9919664891523884,0.999446890925069,0.9994955869048672
0.07145939037233966,0.9988253001799015,0.999777968061382,0.5993826473101256,0.9981544769957129,0.9880416764046619
0.07911642758064638,0.99654979353033,0.9992510480555148,0.4503288753235197,0.995847138761106,0.9246178973294645
0.0917390045066523,0.9971125333416833,0.99730947071148,0.7538195490305997,0.9955414831412603,0.8520424342165523
0.09570246753761426,0.9990444015428614,0.998864117230802,0.942590519837874,0.9981038404304573,0.9557698070717622
0.07155237698241484,0.9984429152586519,0.9985439198639172,0.9683330514776329,0.9982093618082958,0.9678220827173977
0.060497516961256756,0.9990528206111036,0.9988578453474366,0.8108637421487755,0.9988505925367812,0.9966142715342652
0.05596436124131393,0.9996784859104068,0.9995935372686648,0.9992819675907731,0.9995327167160658,0.9336777701519813
0.05839473962372908,0.9992903436903123,0.9992511189913956,0.9867539873059727,0.9992890069324843,0.9992040546565901
0.1015338817272318,0.9946561046649505,0.9947319724597143,0.3780047865759254,0.9942547373834616,0.8672787814154523
0.07078714309915589,0.9984075590338425,0.9994938940929706,0.5599201995515126,0.9970109591618616,0.9915071984477412
0.05861103057660643,0.9995889763451196,0.9995849092895087,0.6214768725285267,0.9994533825618253,0.9974925015414252
0.048127961749177564,0.9987422524301299,0.99881961162889,0.9570167889669765,0.9985357091256766,0.9981314368487627
0.1336193275218179,0.9849802909070698,0.9842529245644825,0.4006930995842139,0.939083527302409,0.4194012810216288
0.11170401322342456,0.9926618260835692,0.9931416932028354,0.6331352627916863,0.9663259255040865,0.7193091154923295
0.12981904454589174,0.9879025087541685,0.9886977031096158,0.3482934936677357,0.942073403242039,0.3516472034373221
0.10420512573967225,0.9949163344599702,0.995249477470755,0.057050604731899365,0.9937084180241194,0.13337429177213167
0.0949147454753846,0.9960483102810128,0.9992339463876324,0.5641558766189525,0.9961037945856421,0.9667358075179434
0.06826543703590102,0.9984815473687811,0.9982588549782033,0.6573976399769818,0.9965818530439375,0.9266307115036923
0.07379543653176726,0.9990780684039605,0.999581138038348,0.567529547257998,0.9986967063951087,0.9884380498186381
0.07968347100272714,0.998825157890074,0.999548254346965,0.5437049282394419,0.9980957087439557,0.9943284970348738
0.04741769738120778,0.9992700280727493,0.9992642951050064,0.7617598035861008,0.9991973542993844,0.9991490653472856
0.05569481685486083,0.9994450097896324,0.9994833287791025,0.9847171623136904,0.9994313479415597,0.9992468200861305
0.0725584425919323,0.9990097784717857,0.9988243677934189,0.9984938422038477,0.674674315048426,0.9984349039046156
0.15355549406181412,0.9673975150594258,0.961510423140707,0.010224548082438448,0.9792520642799115,0.010687135024032084
0.09319749810700942,0.996966680937204,0.9965765081650056,0.6781206380826809,0.9969015119841728,0.8963802678090065
0.09861631937602817,0.9964160135732434,0.9966581012979883,0.7911070349377795,0.9947873053676439,0.1848737468001476
0.10270186867893637,0.9937333072816187,0.9988261009187648,0.37026822940031057,0.9938409442525078,0.9030480059566084
0.07561413579415188,0.4123058119762645,0.9999630352275256,0.9915694605753842,0.9999306312650132,0.999914568308439
0.053982084862828995,0.9996851557873392,0.9997058805582936,0.9995171267169287,0.999592259021687,0.734471408800256
0.07914741344537311,0.9985016187423803,0.999666350262573,0.9123143724267484,0.9975847598040709,0.9594091720970982
0.08537777829918632,0.9940843385830882,0.999496643661358,0.9851303187934298,0.9969203051555353,0.910872478592572
0.05976219159737478,0.9993630683365995,0.9994044777612129,0.4589139134125594,0.9990881471496555,0.9923658521410046
0.057962230045839475,0.9981312880508517,0.9981497890226654,0.9626967076839767,0.9996280139847014,0.9786126859112436
0.08426585984591473,0.9979959425770552,0.9975783646860772,0.23644387801086497,0.9977286397099664,0.9905996757216622
0.07433010919291073,0.9983758202481442,0.9993750109634503,0.9959809079590761,0.9983175253557796,0.9283116938345686
0.06508615528861188,0.9991991967200106,0.9992164798633797,0.8574630637458828,0.9987649287427167,0.9884322735916284
0.07081946979293496,0.9995060632961698,0.9998280022316993,0.9990819361181116,0.9994359591846604,0.9679942833153706
0.046623859511662834,0.992844774427396,0.9997950167716051,0.7333746796859333,0.9942492397076972,0.9901637053976068
0.06324471311402981,0.9988375916251939,0.9997751692294595,0.9785923383650332,0.998853957658884,0.998760486455141
0.08667344079412048,0.9978386671677675,0.997621015138573,0.35493327591459567,0.9974481754022065,0.9372687268601142
0.07425783013613042,0.99798674767072,0.9993782770607132,0.8148528089024675,0.9974712262184366,0.9681438818885386
0.07284492608841922,0.9975612198941781,0.9998192866964001,0.9835544272439405,0.9971933755859093,0.9983505830830806
0.05436774757081686,0.9977200728673088,0.9998911270920992,0.9412959898737706,0.9966097222827078,0.9958617115857
0.08143569075906035,0.9988304725628518,0.9997130078052123,0.7266792603425347,0.9982146650264885,0.9786808430778355
0.05304706842561747,0.9993845010743204,0.9998621642234378,0.9992941239765537,0.9988573508232385,0.869487378780643
0.07451312166909398,0.9987334209426938,0.9988118909013298,0.20774124443211278,0.9981160735576933,0.9941363183213188
0.05517876908241703,0.9993135207025803,0.9993415929482169,0.9991286807148819,0.9991385288340895,0.9671946866848729
0.08529581006960002,0.9980678312748594,0.9979366692507862,0.435753312119293,0.9977658667531154,0.9894374718440002
0.08973439095902508,0.9988190418586166,0.9985858582134968,0.32743833859198784,0.9981166642240522,0.9915697597015536
0.0684818253973666,0.9993456334268287,0.9993298216303553,0.7247106476841034,0.9988047626391238,0.9832843811931922
0.056625804284339325,0.9991871581928521,0.9995835975216549,0.7818382871997646,0.9988731630633455,0.8557726078064488
0.07329636649560302,0.9987683192253218,0.9988474156465244,0.6087927162851621,0.9987481345957386,0.9910861255547191
0.08651834490406281,0.9978284948651218,0.9990186330848226,0.05628242270500834,0.9978134306742432,0.997015589731374
0.08773315647365978,0.9974587297413916,0.9969676939521139,0.9139916293816274,0.9967462610805548,0.9707744919060982
0.0898629138665884,0.9974918795132846,0.9976461604872938,0.9896613629610965,0.813258950396659,0.9916272156931697
0.06120363383054811,0.9935100291511472,0.9998154650326366,0.8628459341455647,0.99459479923298,0.969969952740384
0.07749349993187717,0.9982563605707566,0.9982794114736254,0.05631578266791987,0.998135712897812,0.9970906764121543
0.07385186372794891,0.9980019940961391,0.9994755359118528,0.931521047528323,0.9970100642999483,0.9327541556267404
0.09707175517386614,0.9955545936201554,0.9981528587436853,0.8600717822778334,0.9931674094460576,0.7598642896401209
0.07617426514863516,0.9983445370418175,0.9979271892710824,0.022659765642534795,0.9983195119620109,0.9977849018503244
0.08742078734556448,0.9983287818134162,0.9991562052309605,0.9661954681319057,0.9980772672470294,0.32161453684738983
0.05315480526461094,0.9984515826647066,0.9983470876827287,0.9409117326912307,0.9982353901224792,0.997352877119798
0.04066126555545183,0.9996454945166375,0.9996545193058839,0.9995444575528418,0.999534311606407,0.9730978178760022
0.07028466922368924,0.9989787156027047,0.9990403082439498,0.0644631146915159,0.998754900964012,0.9904969171983532
0.07610399147493126,0.9982611674174747,0.9977687565709475,0.9971311641220683,0.9982857468192122,0.9923958253225263
0.10410705210166502,0.5542435715834333,0.9999177693520704,0.061326277056700504,0.9998483480352571,0.9997882666296218
0.07890585489308043,0.9979473141727186,0.9976953497088669,0.12463623994890372,0.999089846237462,0.9958322299452463
0.08764480160555574,0.9875708442843785,0.9994430725627996,0.9884221990650267,0.9876454478643555,0.5214043869646846
0.05513192122492778,0.9993235613193103,0.9992807808598422,0.42060038814206446,0.9995596901905045,0.9927698537317992
0.09723367059825105,0.9985465915096573,0.9980926441961832,0.2034487342371184,0.9977663955583156,0.9980872465078484
0.07054145230700709,0.9982473116109195,0.9997409824313765,0.8764071945510256,0.9980973800839711,0.9066803590131114
0.08351914106183496,0.9982266530285964,0.9980928979414774,0.966057729519287,0.9970119821670068,0.513685449758952
0.08323915871112422,0.9959033140351858,0.9993519230586935,0.0560655984612944,0.9961032689222711,0.9955575542726472
0.09738411239017297,0.9979887610619136,0.9980619278594741,0.26079784225753594,0.9979254024324216,0.9956078009926246
0.043618710201739345,0.9994356612903038,0.9994370367108188,0.9971020763260697,0.9991220431344553,0.991614190216089
0.0639617055084608,0.9986992728340516,0.9987371059400582,0.9971736129551881,0.9992601676557652,0.32171933419206034
0.07584768602554615,0.9988103864600205,0.9984206137755351,0.9198771149810361,0.9985355576440037,0.9757148889082331
0.0742375349785172,0.999136509776401,0.9990677138475919,0.9426961983702384,0.9984028834940684,0.9773473281915654
0.07886465810667072,0.9981802011801242,0.9980392509473378,0.9382918979245245,0.9981393079986421,0.7041863442901253
0.07481040905236708,0.9990718688727191,0.9996377589946823,0.7540820446124188,0.9985072911948627,0.9827319582689913
0.09752293256481691,0.9950297772629213,0.9969875692419784,0.8932962531181672,0.9942452009603021,0.9249731368177067
0.06789583532306197,0.998605567185235,0.9986917752967426,0.3928152073908921,0.9973315847899772,0.9939203808952887
0.10696991348249438,0.9934064424119133,0.9932472932136355,0.3295575969127599,0.9912554243535625,0.8294806502513214
0.06934017716954799,0.9991444873045717,0.9996948619263379,0.7206564175474521,0.9994896265148978,0.9696724002225918
0.0909250768083497,0.9977985357295436,0.9972688038877591,0.5007274783656859,0.9962331199041984,0.9937692805248945
0.060034815203912684,0.9986000083036858,0.9986671693416257,0.9987268353253776,0.996141243519006,0.07861514391140209
0.0553752022489227,0.9940883895643505,0.9996065335232363,0.9366720584464179,0.9844853675485585,0.7347449076927264
0.05634376725781231,0.9995499584866498,0.9995768266401389,0.9691938617808378,0.9992221289845996,0.998359819648734
0.0688243063351796,0.9986919698461257,0.9987472697380398,0.9652107587936919,0.9979690032948704,0.29556555808028817
0.08377751959473548,0.9982961143855706,0.9983999017488643,0.9938049163280467,0.7491509042777846,0.9937788648058512
0.08631029324410462,0.9978449322709037,0.9971084085786982,0.47715436642465653,0.9973364647793045,0.988331788039004
0.07590360161311209,0.9989049221883626,0.9987865425958496,0.025151514530231095,0.998619027617098,0.9990200207317018
0.057522950163037934,0.998518370786715,0.9996963399362178,0.5645758891077042,0.9982539279055054,0.9742477816018649
0.06607175920135533,0.9939703152607097,0.9995203193236571,0.9925536946907186,0.9912321549148648,0.5511820994661726
0.08406265553919502,0.9971120203785399,0.9972981836576852,0.9691997939366761,0.996589126874388,0.5469894724272859
0.09479350639213262,0.9964616794865084,0.9966814203626342,0.7450602029624702,0.99587978171819,0.41461693033010893
0.07333651403227116,0.9990731847894964,0.9990553055823089,0.3104522726851808,0.9989715946897579,0.9861764721067862
0.061120080733100185,0.9993744357843519,0.9993140132158995,0.9990752306228858,0.9991576101575015,0.12565240333968816
0.07450309413831174,0.9984241500921575,0.9983279142350857,0.04150226907697513,0.998428005071305,0.9979422740263705
0.08937072870786869,0.9949360803382572,0.9935027439673507,0.9725381529130368,0.9947767473085836,0.8611575045232485
0.06313693631873887,0.998621068975771,0.9995551159691212,0.7441124100121248,0.9982008278265456,0.9811395676219165
0.04802319248222532,0.9995517541209047,0.9995420436841467,0.5459648391810736,0.9992245899939665,0.971888400840655
0.07261101353645455,0.998494717150071,0.9969166765057292,0.9711278282655323,0.9986959821675885,0.13384045199014027
0.07748662022200155,0.9985284189974816,0.9986229001570187,0.07440355143979259,0.9976961683275578,0.99602547977352
0.09483588593455124,0.9963124147118719,0.9958924960419324,0.9899967360532433,0.6269851446272007,0.990053888100053
0.09179613325624551,0.9973508667270248,0.9975103865510329,0.9836628131021351,0.8511068582136334,0.9807255440864973
0.09134980011611994,0.9974587240314126,0.9976133967130516,0.9898640910123524,0.6058405789270406,0.9904387833397024
0.04898019108217484,0.9992466822187767,0.9992935495740942,0.9947958020199434,0.9990996205866726,0.9925792467401011
0.0868253874673008,0.998820530706745,0.9987355546446127,0.6950726134406028,0.9982962501711171,0.8328817714396759
0.05889928674717025,0.9991391690159453,0.9995863117590724,0.7466122480554351,0.9989811926025192,0.9666591219991781
0.060332895467883084,0.9993147970035711,0.9993057874839609,0.3799280403542372,0.9992447518508941,0.9991096736315893
0.06613032895238846,0.9983910163729903,0.9984894813125075,0.9912883130940945,0.9991633106524669,0.9916815166325169
0.07084813447252918,0.9988485647474545,0.9989217484329981,0.05156982045617153,0.9988261728565552,0.997849150677854
0.08440581230744565,0.9983730157482202,0.9989822694688839,0.9626673292390052,0.9974668661600766,0.9712182880998322
0.0691444369283024,0.9988438785878799,0.998776730811501,0.9984419707407984,0.5775180453151022,0.9983873486331292
0.06830811323514631,0.9986136462054997,0.998358039958948,0.9929160835248061,0.9983184467436973,0.9956799277972984
0.0985679731218601,0.995210641559662,0.9949293881620107,0.23722663406222325,0.9940161578749641,0.9844398083526477
0.07574077443967314,0.998041035323447,0.998025440572627,0.9847661006275061,0.9980093870560697,0.9027881619885523
0.08078605661998763,0.998407028100454,0.9985061378029902,0.9676580005002566,0.9941499567154765,0.897077178356514
0.099872709632453,0.9905202900147221,0.999560604624787,0.9942686322033656,0.9906173109017139,0.8106496722211336
0.1045419600302204,0.4447343434414491,0.999913853944257,0.06947287357745326,0.9998411276604268,0.999763187857764
0.10791749703087994,0.9924324631843067,0.9926612225086002,0.9108129947964364,0.9921262667206829,0.6563555444845833
0.052610656523339266,0.9996498584898245,0.999670988228065,0.9995540179435782,0.9994363651904246,0.5876631632663732
0.07191561989703951,0.9961316511234154,0.9990596980007964,0.9050670789128055,0.9954351362203515,0.7648299082976815
0.09275192341822733,0.997706920416156,0.9989704868876451,0.8233328456846021,0.9984828582144308,0.4379744198568345
0.0516288211731736,0.9993531445312267,0.99935197122199,0.6949327378221225,0.9992555889361504,0.9766488790608157
0.08171340852631384,0.9975653733044367,0.9976005028494103,0.44842460952786634,0.9963493294612835,0.5478817210961808
0.09170235829399544,0.9957537659934051,0.9964311992411161,0.05664694871115447,0.9951085004627369,0.9971925568783604
0.0776741512787763,0.9982964047619101,0.9983404946712722,0.9019519372440172,0.999039470528736,0.22861876384608001
0.0816335677947878,0.9973746065150563,0.9989747396035463,0.9940266619487015,0.9972888460867922,0.19067443650362534
0.06594363588255939,0.999319805467348,0.999335396621896,0.3263791659725649,0.9992235665166409,0.9707628782393553
0.05483952164818981,0.9988818880448214,0.9989035124699975,0.9989768771534668,0.998522065997577,0.12343813626466867
0.08184710533783092,0.9986594576461593,0.9992056596361568,0.8236200915009068,0.998517326855177,0.9817016163662671
0.07754960727537247,0.9988455057351096,0.9996181800405048,0.9985838017336347,0.998773835858759,0.048739886558820694
0.05312253221076465,0.9995649475102507,0.9995357043583432,0.9992308967377153,0.9994379148566601,0.9795370479465763
0.07802477923987104,0.9982188306589305,0.9978505993366656,0.3278009398850049,0.997423387885814,0.9715987112982335
0.07822428342223542,0.9977733101217556,0.9995596064387238,0.06813596486489851,0.9978098127624638,0.9968071429932548
0.08553311566925731,0.9978065133389764,0.9977954973819453,0.9836429589698104,0.9969898740465578,0.10549738080499504
0.085662490277324,0.9978064407672034,0.9993475962550368,0.9867183901160396,0.9968301301738411,0.5813337853367743
0.07999039407150323,0.9982972701017964,0.9983431403874257,0.8572466599182621,0.9978168690030057,0.40366701321897275
0.05617306871084593,0.9974509623986929,0.9993192983783405,0.0445133808911734,0.9966735120976452,0.9970601485329573
0.0724473404383749,0.9987251708181356,0.9997535754579161,0.10522776716602676,0.9985063921812968,0.9915204232608263
0.08431215320950794,0.9990063678512764,0.9997588765523842,0.7655689595748126,0.9988428399417892,0.9439675289147712
0.06751738471169508,0.99863104815688,0.9996767627835429,0.32022902902189465,0.9983897569026845,0.9540698574682169
0.06160037266123673,0.9994462052030011,0.9998911142573078,0.9994038425705426,0.9989635907054283,0.8699718986382999
0.10500130070904705,0.997989123908503,0.998144038126117,0.9237579791542221,0.9894751779034724,0.004156737038510524
0.16714642524556853,0.9598542555305738,0.9634451980972627,0.0010134811522496056,0.9532737007870028,0.0007451147402146467
0.15797800024426653,0.9843592843770551,0.9850226406094059,0.0023971901460669745,0.9832344527753641,0.11265178667469097
0.11171857223363094,0.9910827230431084,0.991388104436819,0.541771064368939,0.9881049542764163,9.853121775325963e-05
0.06542863089759565,0.9996306868266981,0.9996645436278544,0.9697963354539506,0.9993523140558183,0.9986234129408684
0.07663714384001893,0.9970696609767876,0.9978256685936364,0.9655205951041888,0.9969484686173943,0.04607181815371472
0.14396103421409198,0.9865871279476867,0.9869570911349015,0.9364524807191283,0.9855287875141387,0.00037156162941082637
0.1278380308728492,0.9928296681978389,0.9934960753309551,0.9745589666887073,0.0024553977066309276,0.9801277920930445
0.123699513093583,0.9390777291189027,0.9992839754467792,0.0232648993837405,0.9211726283589596,0.047963276386662146
0.17953695851548832,0.954501123120047,0.9565136723058941,0.0010879879886425145,0.9514732940774377,0.0004138997532369965
0.07441275162626804,0.9994337647781532,0.9993984030277867,0.7450401339522572,0.9994990054348087,0.9595933129617152
0.05567101814215063,0.9993108435887621,0.9992800466949848,0.9991912486527591,0.9987466323341276,0.02587848879083606
0.11255694771549038,0.9981115641674921,0.9982845031470916,0.03479091414450236,0.9968843141096845,0.02339565264566138
0.05042416212537818,0.9949394444098286,0.996084346735145,0.8912007689926855,0.9941654372858729,0.005906158403562902
0.08637529092684412,0.9980575342542427,0.9980837201379021,0.8767230922168611,0.9987745273535342,0.018738956893742116
0.1886788881071746,0.954501123120047,0.9518949515950101,0.0015801645164225876,0.9463687403460306,0.000403307767049
0.1115674498623896,0.9975822775959098,0.9996153932780015,0.9685526792330259,0.9966697850978524,0.25055467939848935
0.10951337226965208,0.9982884666471392,0.9984178911608841,0.08679013616075584,0.9963945393327148,0.36109614128205275
0.05065178685976285,0.9995567855589221,0.9995718596970848,0.9972974482976464,0.9993004990928537,0.9919549396877262
0.05987988353131683,0.9991745913825149,0.9992126144904192,0.9992407814783243,0.9984843632232278,0.1744721720770591
0.055572637071084695,0.9958754754518023,0.9959280804884232,0.9928746780119364,0.9997484439458341,0.8682013313072567
0.16716517564042863,0.9804420438204368,0.9809721964116853,0.0003570425933577709,0.9478013478218977,0.012291844665493257
0.09945136668621811,0.9980089407736573,0.9979239570625098,0.9210554065673268,0.9979638524088643,0.2330943000764395
0.0811944912621526,0.9868586196159372,0.9907868086544797,0.0003004261888354277,0.9843154823414079,0.07272166133730908
0.07700379639819646,0.9992861483974934,0.9993108376292974,0.9989795317940852,0.9987075029203003,0.06720993761494082
0.07185953013326427,0.9984933531810791,0.9993187526830034,0.8913760073349372,0.9988203225794807,0.0850146381716781
0.1653866112355585,0.9382238266835133,0.0003371024886076714,0.8849263994936014,0.036743806883593785,0.9478046378641264
0.0778459491353121,0.9984750005876623,0.9986092167300176,0.9984888938323715,0.9684791109869983,0.005320465225937042
0.06267795506473933,0.9918960849907695,0.9995429112878595,0.9812043997661614,0.9850491590685372,0.35048515669851116
0.07504505870155197,0.9991654424724017,0.9992264140898403,0.973467398650969,0.9975760015436351,0.5714648417249749
0.040597319889609594,0.9986184865051227,0.9987708993555706,0.9746553889618387,0.9973178460768279,0.24159219511196686
0.15375413988251851,0.9847224529249399,0.9852555955903567,0.0006080733235915591,0.9624739714133312,0.002334008932301045
0.07315326173823507,0.9974235114683596,0.9994031775900803,0.7491522037748324,0.9953570609696362,0.07954161235506745
0.07093737598786658,0.9956951186957828,0.9997416191803434,0.9917834987375225,0.9900442319577284,0.47609385500740664
0.10059842007809279,0.9979274864213006,0.9981227849049007,0.9275917588203142,0.9967216733353166,0.6027720750897656
0.10588712418664117,0.9977966763981228,0.9974452891241029,0.14069677388889953,0.995210340557951,0.07741908288707938
0.14823569600296205,0.9868913736689628,0.9878161436643669,0.001011331696038206,0.9866443774855512,0.07532775738560103
0.07287426662632386,0.9994866331744113,0.9994555783500217,0.9992071498559391,0.9990307721872229,0.09587761956678195
0.1209098676021496,0.9966446157008113,0.996290261813057,0.964931029210286,0.996703982130575,0.012351902836018122
0.126810852356721,0.9945816250931733,0.9949821338858309,0.00010165684800456685,0.9892528568034346,0.1313047299162302
0.18107313339177705,0.9532967030336693,0.9575924228821022,0.001106916970169731,0.9448014122352915,0.0004977643610965565
0.134634144299926,0.9909692350054967,0.9902777546097203,0.97451959862253,0.0026074157041984306,0.9761099920618448
0.1304390001928817,0.9927356268671272,0.9934062567252584,0.9755272721587454,0.0015373078488582147,0.9772111900140137
0.05687775240419299,0.9994065314748217,0.9994607666314693,0.9951868078357367,0.9992795251215825,0.9933199557159457
0.08024614372997846,0.9979309279462779,0.9978226607290874,0.8563736451022136,0.9959238149200652,0.27274701840179344
0.051798446850245004,0.9987143201703477,0.999028059915579,0.9047013834109491,0.9979300907727939,0.09839741133086201
0.07006096575844431,0.9994375690796033,0.9994478708240575,0.5497824104461507,0.9993785085029319,0.9992883483255439
0.07679317686309797,0.9986152994676375,0.9987321998339661,0.9920588691195129,0.9993030036801066,0.9930890633971036
0.2227539532377808,0.9148368040299818,0.9115899763215893,0.0007636770411865321,0.58598294210537,0.0007831486424137625
0.05288140458344291,0.9989541733764948,0.9990306791548085,0.9952653933908314,0.997803899700337,0.9963951157457384
0.18423133814006043,0.9403998716191274,0.9334329279067729,0.001266802038972184,0.9738225109880401,0.0004961281796942732
0.06109359374560576,0.999712661558647,0.9997391806784448,0.9996207619648871,0.9995272499720945,0.5879660084937431
0.10982881576307099,0.9983726773220827,0.999305613339885,0.416176660545652,0.9986428788389756,0.6380847448847234
0.13342558946850266,0.9913569163245836,0.9921485496712502,0.9619126411089955,0.001771993832823496,0.9576389536521227
0.07625136263128732,0.9970701150665646,0.9977024740453925,0.9862541973888722,0.9962247679101557,0.07136704705821256
0.07925921017382037,0.9987862779613369,0.9988694772390972,0.8802135281916299,0.9981109390038666,0.06691371856305628
0.08515634206363523,0.9989833303075407,0.9990299773238507,0.7152901416076907,0.9991611892553074,0.3938274324250967
0.08539489102251274,0.9975297633921587,0.9995220652321949,0.8887465875382923,0.9960703439549725,0.13378703675722825
0.083439215137332,0.9982009004671969,0.9992875798210009,0.9872817796108827,0.9963446094274345,0.4748848949949311
0.09611225534350817,0.998369777282261,0.9984667993781096,0.8385168084250284,0.9979051774989377,0.21182983911612394
0.1068283324576724,0.9902055623569641,0.9978898680297998,0.4710148447268821,0.9886215621045292,8.469421921229708e-05
0.11015105393034846,0.9983147927325927,0.9996149404566368,0.9031236607748263,0.9970011896362923,0.16275096090136876
0.0299004266720286,0.9542606875760012,0.9740633888800234,0.7335183806472022,0.00031671174198894,0.0010226033541053947
0.036414965579630025,0.9434076181183003,0.9455238001960498,0.7805062752634302,0.0007091716050933368,0.0017167195073025312
0.04993889041034363,0.9753136231826335,0.9786647728560115,0.9305566819052261,0.0002809304945684922,0.0007566993005455823
0.023150877966767274,0.9257117047975557,0.9574193951521773,0.5945664109739247,0.0005655833286283368,0.0017354765414389099
0.0421313980951679,0.9664835387058717,0.9697207296068774,0.908476144786749,0.0004831048332796992,0.0012142524171418374
0.013596700721912458,0.9625652208346711,0.00034218412934896507,0.0020944350867580465,0.9480432697071516,0.8868771451580937
0.01428978336629091,0.9989110652756426,0.999018843567304,0.9936633744251054,0.9989895223001384,0.021855337919109895
0.014120098586153164,0.9996090663193195,0.9996597283516973,0.9956948001163525,0.9994925274632689,0.9938139530141197
0.009705645698644327,0.9995695927094326,0.9995565492153505,0.7307767108088481,0.9996180870383202,0.9984999576569703
0.009777310657678383,0.9991633895059872,0.9995055791686688,0.5619984428417668,0.9983823293818701,0.9927305347607817
0.017006820761736124,0.9997658556954367,0.9997976415542157,0.9814714696079416,0.9996166667084023,0.9873753721309086
0.08427366524688848,0.9615178036906333,0.9668200016110763,0.8572879523265732,0.00042892230491182505,0.001073259966667426
0.03902810787925203,0.9433740646857379,0.9684900972638337,0.7919159556891212,0.00045847513383079623,0.0017520950591807369
0.07560853624425992,0.9706709802280198,0.9746646538506212,0.8596041540161844,0.00029317578212327284,0.0005293947100248152
0.0631453101439707,0.9606791756156857,0.9649050161218586,0.84213545063339,0.00046285547369253623,0.002274165965063606
0.07976288695510463,0.965762319044718,0.9704600526698117,0.8819311709551212,0.008314039444611123,0.0010727781196841935
0.043864378496729486,0.9975862403281651,1.045190548326241e-05,0.994981285132721,0.9967582431427972,0.93269407571966
0.057814864814820476,0.9553528585673997,0.9731542508117723,0.6483766094821073,0.0005677193470168558,0.0028023035358418036
0.031403841827083126,0.997127949089788,0.9973324539851659,0.983720850721719,1.2652799091558332e-05,0.9962919781902371
0.05811740428664964,0.9991795031040785,0.9998162274080624,0.9990566662838327,0.9988967087044298,0.3682819638467745
0.06515920160042538,0.9990949731624857,0.9991510624636919,0.9334583592197173,0.9988581702404815,0.9967745815547892
0.05517876908241703,0.9993135207025803,0.9993415929482169,0.9991096646382635,0.9991423319993662,0.942347638523291
0.0798539777209352,0.9982821478909732,0.9981655076490904,0.7957224513029095,0.9980224388500957,0.992871751925196
0.06279542250547569,0.9993172335241237,0.9990221295149669,0.9134650456971329,0.9986967189017658,0.9971008942342912
0.06813110715265398,0.9992366555824805,0.9991458798162596,0.5896853015766959,0.9988789715188171,0.9879136800613517
0.059433451725050955,0.9985441119442999,0.9992511135973101,0.2143852993203565,0.9983602325242023,0.9822146344649959
0.05788978989904387,0.9981315590176817,0.9979611508756716,0.5376226698439096,0.9981228374763306,0.9946187809933537
0.07007937847651247,0.9989130672925821,0.9995090756539563,0.9813915275194991,0.9989096975049969,0.9987549333523087
0.0982045238174233,0.9961929320064196,0.993872473979792,0.23486784729356694,0.9934583120047548,0.9858581498386145
0.09996939793723328,0.9956190301484231,0.9958880400231642,0.9849375223384562,0.10237297304543229,0.9874519947797284
0.08069355922468324,0.9970547828077401,0.9995639361712662,0.22455448785897864,0.9969708041662269,0.9923178418950523
0.05963441184728211,0.9991274195525423,0.9991389649933354,0.9816350181902477,0.9990711773215936,0.9987323137958991
0.07607908865004098,0.9910892746492137,0.9996904110959443,0.9688642087369506,0.9903916723901273,0.9170245126826847
0.07322101045584857,0.9974427146662747,0.9987222774504031,0.9708562048606267,0.9963586612045229,0.9827368430772736
0.04346297200467691,0.9990427333486407,0.9988138864346213,0.9860282436121595,0.9990549016929883,0.9989785557046112
0.07842845749368511,0.9987145498430408,0.9992869044721485,0.8583698165217424,0.9981825845009056,0.9290421870039011
0.07462261904939335,0.9979061776389432,0.9977717099129088,0.10123154863951933,0.997612649660815,0.9970431790704836
0.04066126555545183,0.9996454945166375,0.9996545193058839,0.9995556281644221,0.9995362436512321,0.9858283270402237
0.05899373333179205,0.9995506760447752,0.9995780776376229,0.980698355557954,0.9993309673728001,0.9867161980103696
0.050735994316621055,0.9982611674174747,0.9977687565709475,0.9943562217107553,0.9982925128301828,0.9923849865006253
0.07203990187314607,0.5872261349750291,0.9999631363129542,0.992610393659855,0.9999322641317953,0.9999202626105577
0.06439414370310763,0.9987358106510739,0.9985804954125093,0.959186681147932,0.9994422488758131,0.9980659391689466
0.09095183354324854,0.9959588352927354,0.9991995728455555,0.5633634984615358,0.9960361639855451,0.9659947552161341
0.05050082101002502,0.9991649119847907,0.9990278371907133,0.5762471189789186,0.9995465048193314,0.997976839623393
0.06257176524341689,0.9989095474139829,0.9985688006955643,0.9321835705782714,0.9987170161121501,0.998555466286595
0.08094813817307944,0.9980528902389505,0.9996247304540548,0.3413332251369212,0.9967877970375881,0.9630118488428299
0.07407145254422251,0.9985512956465161,0.9981056967826655,0.8632288113111424,0.9981806218497866,0.9775250239347569
0.06536337575339943,0.997947452696726,0.9996758564943815,0.9793020142479705,0.9980525648629871,0.9980725170926772
0.06407002388895215,0.9988479995440745,0.9988907085466564,0.9393251325186847,0.99880615050627,0.9981299296210621
0.07156098956900404,0.9980969394565993,0.9981158395275931,0.28383426128411965,0.9978225337175174,0.7706318998408235
0.07275400632937894,0.9974019250547642,0.9974773976596265,0.9943261977787256,0.9985277796429357,0.006541046015440677
0.08074756371834685,0.9979200320735437,0.9974735940532655,0.23630458000889126,0.9976657115301542,0.9902955607660804
0.08379683176515587,0.9983821781824118,0.9982533882634249,0.1730795899230051,0.9964737679319357,0.9913237481839755
0.06407659350771136,0.9980067123999764,0.9973809176548811,0.8776434694001956,0.9978756362989021,0.9690635070751252
0.07635650029391697,0.9987937653976967,0.9995291378627623,0.5434566637471455,0.9980653711926821,0.994189654124864
0.09189835912077128,0.9963734253173062,0.9974639719722621,0.7798051429055117,0.9957935706487007,0.8886541473162634
0.06781828124695573,0.9987695887457573,0.9988486037345257,0.8534244460621203,0.9984136850127533,0.9973994126545165
0.1229780172496203,0.9929211629611043,0.9926975796215095,0.9850812404064109,0.9889580458849759,0.059660123382575744
0.07061418803630115,0.9990129998731399,0.9996479341348055,0.5972461952823921,0.9992292856776155,0.9888845199641662
0.08664040930688306,0.9978897364612189,0.9968045325597028,0.8445033054976243,0.9937006252859992,0.9966311247312714
0.07094293747068114,0.9993052242876292,0.9993441785267869,0.9995016231723083,0.9980789324689154,0.9733649458737506
0.0780227496079819,0.9983971554066946,0.9993236678804331,0.5695698832114711,0.9964294450149547,0.8377713204564663
0.05634376725781231,0.9995499584866498,0.9995768266401389,0.9701978253264772,0.9992254025549293,0.9983359829627264
0.061285938606359676,0.9992603400786075,0.9991718327636608,0.8982330736410895,0.998975275436852,0.9888658182387974
0.09376176172354586,0.9965980253468112,0.9968049159461373,0.9912455501308421,0.06157612069507438,0.9910715746310607
0.08158691950618649,0.9980839254329766,0.9971040064345151,0.7399057552873801,0.9973443424057354,0.99374559354416
0.05712618240779316,0.999548794957191,0.9994999841583347,0.9918111834806954,0.999396144633451,0.9996488141323969
0.06847579420557542,0.9988028017702976,0.9997681565730648,0.5992887420972219,0.9981274583330652,0.9879493537946976
0.07581313225685883,0.9964804802311842,0.9992189737477671,0.4501173000214203,0.9957810450348797,0.9237525199079678
0.08790868716469574,0.9970053784816678,0.9971937825700314,0.7525059694115989,0.9954214122662525,0.8508420537133434
0.06856489840786718,0.9983863932309451,0.9984827775340434,0.9677242084673381,0.9981833398288897,0.9672278171333972
0.05797160456872356,0.9990189458352164,0.9988144775847183,0.8106548785212633,0.9988201542336606,0.9964950638517722
0.05362771866984825,0.9996662683253766,0.9995757839614453,0.9992550480998564,0.9995198778216003,0.9334976369590396
0.055956623087991146,0.9992639847899392,0.999218996827422,0.9866347557745027,0.9992690858650467,0.9991634487313057
0.09729460542303144,0.9944581953902728,0.9945062904963198,0.37652154930222537,0.9940975573693508,0.865051834938912
0.06783161482349648,0.9983707627178801,0.9994742704887188,0.55928736134187,0.9969722092316615,0.9913541568471795
0.05616388338926975,0.9995733563265267,0.9995668254577229,0.621411556297292,0.9994384409081186,0.9974360129403802
0.06137139691014254,0.9991015564217391,0.9989446569521858,0.5646476861081067,0.9994702809243192,0.9951486646962577
0.04611850712829678,0.998701935191478,0.9987760939416681,0.956816997691458,0.9985004744717606,0.9980450699241905
0.10477203466298071,0.9944788020120436,0.9938513718201936,0.9849174164213834,0.1081575284337262,0.9849061271683779
0.10392139755934122,0.9947157321837466,0.9950331386668403,0.9765367820427147,0.07561962004717417,0.9735222644787059
0.1018129687541561,0.995561227165023,0.9958309067266214,0.9855872121181382,0.06613929584792297,0.9856806227593976
0.07347028662326195,0.9992466822187767,0.9992935495740942,0.9965134113211731,0.9991033108007391,0.9925003875174563
0.06541519586813367,0.9984363683844678,0.9982080338353196,0.657239198796003,0.9965220589516746,0.9263536039415521
0.0707143049909908,0.9990497554630512,0.9995631900984773,0.3977170438443016,0.9986665716426065,0.9882830118729621
0.04543789795378193,0.99924497908517,0.9992353593106782,0.7616232054013768,0.9991770477994166,0.9991088541337602
0.06613032895238846,0.9983910163729903,0.9984894813125075,0.9911476931344824,0.9991668232726265,0.9915868951752974
0.053369428390014365,0.9994239507320113,0.9994605834031045,0.9846291964400727,0.9994153852913277,0.9992090567539218
0.09701924254899545,0.9965200757826399,0.9982292608948902,0.1110821721943647,0.9955639975511239,0.9849595241211679
0.06952895843238834,0.9989722044940733,0.9987729484966619,0.9984218404135705,0.6741347433007308,0.9983557330125629
0.06830811323514631,0.9986136462054997,0.998358039958948,0.9943903416370756,0.9983240671952467,0.9954801672229531
0.11581770626038113,0.9960720246428104,0.9959096858294327,0.920478892373787,0.9946191531316178,0.9852969613488813
0.08930628525653257,0.9968519066224978,0.9964267581835567,0.6769761138777975,0.996814779092838,0.8948388554262736
0.08852386001467238,0.9976719937543606,0.9978167349792691,0.8172927130230917,0.995487049666039,0.7479615289116275
0.09841382619615922,0.9935930470104558,0.9987734494326281,0.3696081437630241,0.993735232461292,0.9014588084633176
0.07245706931858922,0.41230009260767425,0.9999613809670809,0.9915608705588895,0.999929038843146,0.9999108089774599
0.12606863500347396,0.987295877129324,0.9876779826071904,0.7654824207290797,0.9868432439082442,0.04775480558091247
0.05172820695215175,0.9996731936286019,0.9996929156105684,0.9994951346652455,0.9995812156883452,0.7343881728700338
0.07584282438948485,0.9984669193515454,0.9996518509016422,0.9120216386143228,0.9975436558462436,0.9590967129074286
0.0818130569835824,0.9940422509886238,0.9994829305951533,0.9850650938488255,0.9968992785423144,0.9105749418901946
0.05726698075330948,0.9993394019064729,0.9993788439968293,0.4588189100438375,0.9990638852279712,0.9920586067792319
0.06479772027896918,0.9988465804568695,0.9988907638073051,0.9947714010874462,0.9986808557531633,0.9500504180932939
0.0556743915697667,0.9972875100393719,0.9947241402785846,0.9617399796330384,0.9968987989025571,0.9984819002653658
0.055542171793441994,0.9981102285903775,0.9981269486715283,0.9625193929506295,0.999618190448027,0.9785010168003037
0.07122665382185878,0.9983276985279863,0.9993473182317972,0.9956384579603871,0.9982793410833812,0.9277649447630127
0.06236865654678535,0.9991751098497251,0.9991903919690026,0.8573389775797229,0.9987208919002369,0.9883076315867607
0.06554166109133917,0.9993474640226956,0.9993600899185722,0.999561757690298,0.9991407032460429,0.9034742782222759
0.08655593806363654,0.9982134085287258,0.9988071549998219,0.4332610607924034,0.9977833032878373,0.9943318660243627
0.06786259180243555,0.9994945805381843,0.9998215435039158,0.9990356983402856,0.9994282649945901,0.9677623602995928
0.05312253221076465,0.9995649475102507,0.9995357043583432,0.999222581685482,0.9994403984365536,0.9794910205013078
0.09170666637268189,0.9990150788749149,0.9988312104075681,0.9424814897142006,0.9980638550547272,0.9556205510148789
0.060604098876602265,0.9988111967533982,0.999765075152937,0.978475070937338,0.9988340086982859,0.9987127827531588
0.08305462254831436,0.9977567731986802,0.9975167844690392,0.35461947516660525,0.9973771331579201,0.9365025446559406
0.07115739258422896,0.9979141537723537,0.9993392964837765,0.6954979301683354,0.9974020095150957,0.9676762062841722
0.057349858383992494,0.9988883694382077,0.9987300481547094,0.9114521348405518,0.9981542692905954,0.9805550442222447
0.06980348057491595,0.9975354848598849,0.9998116560163307,0.9835138672664503,0.9971710242137958,0.9983073404959866
0.05209776734284834,0.9977007374081127,0.9998862505025243,0.9412227432459781,0.9965874932644716,0.9957757369899523
0.07803556078984948,0.9988078580543575,0.999702093105905,0.7265850270618872,0.998187418152106,0.9785288506535502
0.044677204666247666,0.9927884340627339,0.999784588662014,0.7332396962017605,0.9942121424357467,0.9899793199848875
0.04957659803535372,0.9995003869838163,0.999866512778584,0.9994280887493552,0.9990309493867761,0.8700795338090448
0.08872207978423094,0.9925806584056753,0.993094698638664,0.16506451505838463,0.9906030232093084,0.023072118263277566
0.07335898835718584,0.9994603817330932,0.9992377209431059,0.8502420282621976,0.9989339690596369,0.997485081503979
0.09213142144773716,0.998561099249587,0.9984816296270659,0.9651755221489561,0.9985003170485672,0.7092773591936503
0.06284532253548966,0.9976105913003851,0.9994893678027361,0.22417716482988034,0.9975260574526905,0.9937290710332617
0.06966622645163226,0.9993101531988606,0.9993342252695583,0.9821863422056144,0.9992477676645917,0.9989860918592748
0.11340135114132467,0.9963704983815039,0.9985858657238209,0.8640170813939808,0.994325876999193,0.7647503514006658
0.07616159419060613,0.9992125742103005,0.9990352858115169,0.9908998123247115,0.9992112311392984,0.9991124676395385
0.04750138127043783,0.9997268255618647,0.999739525080893,0.9996196150721621,0.9996315687878393,0.9860399326576795
0.01870190926488893,0.7397917273983523,0.9999618776386862,0.9889892414983081,0.9999138297332281,0.9999065585356519
0.07186977390999637,0.9949989870437399,0.9989403377932997,0.9644737703604677,0.9946215054077356,0.007993181053521077
0.076434499351426,0.9995409278761445,0.9995506989051752,0.9981958624833102,0.9992664995295001,0.9919301930562257
0.049814310475595494,0.9990604161117905,0.9991001923395461,0.99728108186268,0.9991091288229399,0.3228452020381475
0.06699736104348537,0.9991555169360523,0.9990504337510959,0.9122494051251097,0.9985518222137723,0.9826006666662381
0.1078871471326056,0.9974451220517425,0.9974861548691709,0.9806576064512867,0.9958567881660645,0.008633934074592927
0.08971124423588445,0.9891492233647307,0.9961956665812679,0.3371557629483476,0.9890809576663498,0.0005785382656714978
0.09408365624271077,0.9989173274504346,0.9994892680450403,0.9191699323000977,0.9983532430385341,0.6084980481173967
0.08957827780257656,0.9981688344277172,0.998211166512914,0.9972639687091778,0.9975783660780867,0.0006085850223115234
0.07175149706215724,0.9970747011585112,0.9991343923415843,0.9356593807741517,0.9972011219581505,0.004756923027702883
0.07159557619492264,0.9994123307236437,0.9993557140660306,0.8240248205039963,0.9991669988551286,0.9896443343204713
0.06585789906480831,0.9968717725644284,0.9976770808498968,0.9354378486576748,0.995753990972992,0.001169661969338583
0.13512324865397932,0.9904995238596277,0.9912737495074868,0.5324723728824675,0.9099588393599276,0.5376298522616263
0.06673605786756744,0.9996298589864531,0.9995916422527306,0.9919698809149142,0.9994960285417609,0.9997176877131202
0.10859218913169515,0.9935445993589554,0.9931038042382462,0.5956091427364443,0.992413584094374,0.1342201694520224
0.11961117272836316,0.9958622470834712,0.9961212759385745,0.826672614509076,0.9955985510529675,0.001137534159146862
0.06264907588098143,0.9997362690951317,0.9996714772069388,0.9993460689435442,0.9996094686469986,0.934244790177174
0.06536975304627393,0.999415018472805,0.9993921515098868,0.9870379945237767,0.99940810254858,0.9993317925545047
0.06960322886785889,0.9961109597340252,0.9949035001959055,0.9623555969323265,0.9958649423577626,0.8172215482706306
0.0886494415924504,0.9937915355768449,0.9984242253353401,0.9093604110196766,0.9823791243400035,0.004004226255442048
0.12010651892887585,0.9975735486320109,0.997699397570566,0.9213281374778937,0.9959661259732553,0.0006097102498807365
0.08081497565799114,0.9989329639498127,0.9990106880140066,0.9712697554736542,0.9987611120091302,0.9984382337445841
0.1250466018984652,0.9939728300563124,0.9944618474330895,0.6871991261795353,0.9709793291068777,0.7380973442631881
0.11665200289702557,0.9958262519965501,0.9961654712054978,0.10296261648293065,0.9947424953656021,0.13497672793323442
0.09383113244701555,0.9965061558291103,0.9973410275711427,0.9507505796832771,0.9957878817719331,0.0012056140926245886
0.0893064998523527,0.9967303002421198,0.9986178426017747,0.9369234217278507,0.995588566747645,0.005064928997519721
0.053081547889511034,0.9994234239866888,0.9994265595077994,0.7620852422187229,0.9993542970296853,0.9993062811559269
0.08077604610662825,0.9990860424864042,0.9990539324137201,0.9986677159289296,0.5810787486480111,0.9986864522998808
0.11414677460792447,0.996103213816048,0.996432251225345,0.9906636436936461,0.0010227706811412117,0.9913771792257635
0.09020052127069654,0.996988295947993,0.9969016373055717,0.8898562388926831,0.9956985777164092,0.9881530375138159
0.0884820321067148,0.998446773351441,0.9984684867471906,0.9857659950616467,0.9983916738829811,0.9074864074622929
0.1103956364131788,0.9970579231339971,0.9973028313643435,0.793619063366307,0.9955857375996758,0.1879669355273922
0.13850288215694162,0.9910369213221532,0.9914995711446399,0.8795073399337502,0.9904952663377277,0.12055533881083247
0.14060735754346596,0.9898422498427799,0.9898513877028535,0.45203205128980734,0.9956225603604137,0.0008376076766210888
0.04910629610174268,0.9986339498841207,0.9990315241961584,0.48622769238990826,0.9988359243870055,0.6380241584605468
0.07253509659575827,0.9931045177290263,0.9986132487888404,0.0547483436023349,0.9930641357120884,0.9435678315158568
0.11334000474245048,0.9971382464373436,0.9986225238716638,0.11129286423454937,0.9962813730571944,0.9871985550651176
0.06303191438287216,0.9966695257535657,0.9968700051004452,0.9067780779959288,0.9961079467961035,0.00412972480047815
0.0504654109897114,0.9991537889607794,0.9992032650443018,0.9925436571094157,0.9989985376782305,0.9454217713445054
0.09756006600490172,0.9976337200003663,0.9954119115595205,0.9748582353815647,0.9972738343416161,0.9987287036607941
0.10283342414061214,0.9946281928263232,0.9935301688372978,0.9612801059568513,0.9938551771919192,0.007705060774850145
0.08955777551646978,0.99738438974823,0.9953466585537419,0.8543022617822567,0.9969936742691736,0.02934136380548768
0.06741102880125756,0.9986648987423791,0.998597650007057,0.4347241631522482,0.998305625731493,0.9953661721842124
0.0264261888488726,0.9996301438462979,0.9997089447040175,0.9992458584962128,0.9993012337374589,0.9681604969526743
0.10121526372770832,0.9896232830486328,0.9901764097652128,0.5806787550299534,0.9891874669017446,0.0030528543130848417
0.06671519861556592,0.9981630157517823,0.9995167537390314,0.9808348779408345,0.9975407064372397,0.5870520829431753
0.040574502147362135,0.9979292214514786,0.9998671593976551,0.9415717324352217,0.9968979316049096,0.9964575165354942
0.0534491556939551,0.9956213824082425,0.9986934503689937,0.9045261114761639,0.9948198498778708,0.0038553607322552737
0.0713518365853318,0.9938915382349506,0.9983489694092642,0.7499035461886242,0.992706585642169,0.003775169416563785
0.057120781206993106,0.9973789928975255,0.9994249398755526,0.9970493730985123,0.0006481143481177253,0.9547221802215187
0.06364385288261416,0.9914754789095045,0.9969959197068926,0.8143937109450028,0.0032372353511293706,0.2931994548759428
0.06335453061850732,0.9850792549654076,0.9987267851723237,0.9896178406224156,0.0030471982941107116,0.8207663429067994
0.08728177787762112,0.9970506397176163,0.9974278996169467,0.4825417656957171,0.0020582117834953505,0.99317704869181
0.101954597781414,0.995089140833406,0.9947130328066331,0.988289989777539,0.0037303010167853952,0.681920583090741
0.1135609251253174,0.9893725849931159,0.990342586960099,0.9576226446368897,0.02056725343834767,0.20924033220591076
0.1011639425745517,0.9631245329961544,0.964840848232842,0.5656333522347722,0.1591099651410213,0.20797888682014806
0.07505111658749944,0.9961967447006473,0.9965663675220703,0.9813767862063474,0.002208477841206251,0.5487724551137361
0.0970432150168637,0.9968546341532646,0.9972568966272264,0.8510616077000263,0.001686012435941403,0.4325103341647883
0.10589492486191603,0.9922810654848916,0.9932686823061695,0.8415857723686475,0.006928118090421321,0.8642886900642452
0.13207464125253163,0.9682274889109102,0.9722243038099952,0.23586323740902107,0.3759986122079662,0.2395593761605882
0.08904002124563429,0.9825640017093832,0.9846520901102712,0.9245645820561296,0.039986900087596706,0.16449042123893545
0.02751182911681448,0.9958314112371763,0.9970799742859778,0.9948115575543294,0.006640970371688558,0.3996460871995656
0.17875977962168865,0.8021056802573933,0.466162758672841,0.41685261803886176,0.46066320391846666,0.43151950368998004
0.07278369848682259,0.994907388087644,0.9968815190821255,0.5821162452414356,0.0037901584335492625,0.7238471430789968
0.057161613586052824,0.9914337160128094,0.9922032604923846,0.9949374678575124,0.034793083754239035,0.11706249040927814
0.051161968234341874,0.966526511558368,0.9964740999385663,0.9761516457527233,0.023481436135203388,0.031115543233298616
0.08982268460674503,0.9892427938496952,0.9968177094893496,0.8261474162372934,0.002903865048337596,0.3932629883204405
0.08694023135126024,0.9961851082861387,0.9965953029252743,0.9835084712430239,0.0023528134845395756,0.8713736241931264
0.1027348982187584,0.9931511003839351,0.9937919768233798,0.9250987198408154,0.0018394693586181224,0.27254009350919417
0.11579845923097196,0.9899691866721766,0.9979173747712434,1.4423180226866406e-05,0.9885175867428038,0.607717489866996
0.1090328493470269,0.9931632875859835,0.9936783734460837,2.103484581020067e-05,0.9923928513183576,0.9498798119359798
0.929110121030804,0.728747159367143,0.3849733097726014,0.11427413364982428,0.3860116217496125,0.4034353596011608
0.8997133512259543,0.7900882341761486,0.3025622812845131,0.0872598011018983,0.343467752624725,0.4871145811853667
0.13414505590841375,0.9846151941080691,0.9858361031519567,0.0197940396004291,0.9814802748494984,0.00036524760949531427
0.29544167712257713,0.9790917697178153,0.980239201914558,0.5614620999003391,0.9768646489236126,0.1956892751986524
0.32772836565359686,0.9450193137719186,0.0006392062623207503,0.0032624520316786206,0.9417422705357315,0.8447365150011306
0.886494258326415,0.9709396446698695,0.967944154367569,0.7395575401640673,0.9707145215695615,0.5074061382737549
0.08475661222162886,0.9932173895631493,0.9937148309005663,0.00026215389281731465,0.9925630144334496,0.9775477935219421
0.6367642843169924,0.7331286582431895,0.7481165592719929,0.6696911717595925,0.008162310434508262,0.07200461700615962
0.9018072131334268,0.5680995416243001,0.03868842429064837,0.09302607769887405,0.538412718861126,0.4248711757854043
0.06530221256836613,0.9966476732543232,0.9961432095454508,0.005219903229980334,0.9980681438409194,0.9824787969446969
0.8907160383243048,0.9214923171355008,0.9729598636246328,0.19053993430610108,0.9109525414233678,0.33757175386227645
0.0827502176409409,0.9959592666119214,0.9961959241051452,1.0254102632850058e-05,0.9952234737655486,0.9779644748464338
0.9292723623787497,0.502684762653804,0.6834764450031976,0.007236585143131912,0.6775253166439564,0.49292582958859615
0.09385131985518573,0.9975540875100264,0.9977886934175091,0.0005215806970294134,0.9970239053028528,0.9875327093306672
0.02637893785463181,0.5872463682258028,0.9999567592873497,0.9889733322188424,0.9999438154207129,0.999875536984516
0.14673273855126642,0.9959154308374912,0.995816417206558,0.00019683622757300822,0.9978020477140669,0.9893120004888375
0.09858783341101116,0.9898776427795597,0.9978287292334737,6.189511600703516e-05,0.9887086572723383,0.9277179552643428
0.8889774274830116,0.9469825459464268,0.9338083665889263,0.3433347121057452,0.9346645638499564,0.4416004559557964
0.05983546555921211,0.9980392153094255,0.9996584984893442,0.9805138631988062,0.9982563071160095,0.9981760001533191
0.07038179402940459,0.9989525005599107,0.9990288758068545,0.9402369183581087,0.9989203760482221,0.9983786259308177
0.11771283034892065,0.9903698659454883,0.9898150061975458,7.255000282638153e-05,0.9903798157027232,0.9675427756593249
0.11098816229891675,0.9937090463453713,0.9942035548728109,5.972896470790755e-05,0.9925998218082891,0.8911334619904115
0.07120097920991635,0.9949902646451352,0.9947736369984784,0.016448818990210733,0.9944057451557956,0.5577974226276231
0.11227203181924904,0.993821224595673,0.9941961395214657,1.6127117052053573e-05,0.9925910214137177,0.8975094362975535
0.07479033303906121,0.9855130681338587,0.9869247835885113,0.007803123614971838,0.9932165112973669,0.05824377498595097
0.1191417717707879,0.9957509548048097,0.9977841797107548,0.0015712930847429682,0.9952016471867211,0.8999096212343449
0.0915528144449172,0.991979709840157,0.9898103164279751,0.0029354774722626952,0.9918876685121162,0.8795075279998114
0.9544509660937521,0.5913793218914346,0.009725602634334111,0.8440348204911644,0.5776107561988117,0.7560257038376063
0.05646601248322383,0.984158408649714,0.9644799029400679,0.005869175298104974,0.971360451754847,0.9929998288791828
0.09672445367436784,0.9969756753915585,0.9968919583903005,0.00017662059153692155,0.9965124529314061,0.9797433836240363
0.10642418441008204,0.9939508510500756,0.997941060178967,9.202819554712844e-05,0.996446749571218,0.9694740784092775
0.1234694056690416,0.9904078289823515,0.9961694262514351,0.00013233043500645905,0.9857156484400178,0.7470854555862627
0.07073784406054412,0.9988280489941103,0.9987021965008813,0.9604417623371116,0.999496071256861,0.9982009073588496
0.08843187697496557,0.9979814032324905,0.9980060903884173,0.008182821318144611,0.9974554734817445,0.9682378839331728
0.6883204123644282,0.6885206907471244,0.6948929007122764,0.28425617753630683,0.008596362090539414,0.0044818807822737065
0.9301816224888273,0.5827583473699808,0.7184328464400069,0.039710458298754886,0.5868004251096067,0.537834263824766
0.041835926380384435,0.999583937451835,0.9995502977380362,0.9922035069754691,0.9994463819591841,0.9995128471397748
0.09168571918811126,0.9921093060679474,0.998310418617443,5.200596623755236e-05,0.9911544632814138,0.9726996008454145
0.17716181691715296,0.9853406075935388,0.9969839611434906,0.0007228904016786889,0.982502115115317,0.7332640265379863
0.891362754007411,0.9480167691939124,0.9428603714456386,0.5083453510226522,0.9404480533874837,0.4631175927957225
0.09264300507283331,0.9980312820082464,0.9977857228286577,0.0006484767748971502,0.9975431692865087,0.9645289588422655
0.9035152032392683,0.9219905675763834,0.9100862059017631,0.5765344775094499,0.9175176018341256,0.5696877269183831
0.09915798608088892,0.9916000234150076,0.9976645508760332,0.00016465519086084223,0.9890502600584957,0.976230418353516
0.9225309879933292,0.5764907538749416,0.5574063549947321,0.004745152342240065,0.586444433724959,0.522134716062754
0.6634173133082704,0.6042478119676059,0.6172583982732259,0.4761751206381029,0.008306562277410149,0.10578895566719258
0.42766919324771174,0.9755716140495625,0.9769931718830882,0.8834739258353971,0.5770765187101756,0.8187918309865038
0.5952563868516624,0.9021282254191006,0.9091307028239269,0.8425041463649374,0.06923028525001557,0.21440363186259861
0.3147206431186472,0.9780155394071861,0.97923443074355,0.4763095116274757,0.9768838612403503,0.39335666352194654
0.07733862131997335,0.9929064146198747,0.9921798239819105,0.0007974878778112928,0.9905391409381484,0.8901794162273664
0.1086160166237132,0.9948923059240395,0.9977851608056589,9.088578261928789e-05,0.9939814203018471,0.9705744053445903
0.8758651746121886,0.8932586033051851,0.43379122747602505,0.3330410651546854,0.7720904929987441,0.8124425201557945
0.9223866645044071,0.5843486351734233,0.5941461248212434,0.005907301338711841,0.5921306467104601,0.577219069251022
0.3284367806096488,0.9775296510678574,0.9788835416907643,0.7954819093282443,0.9901786912003702,0.6713436708061927
0.05862704410604647,0.9994762588635281,0.9995278830818455,0.9850080540345852,0.9994714097314795,0.9992729843609519
0.867904842657806,0.9345019868400053,0.46657882567954323,0.8887645645129935,0.5404235179656923,0.8462666703879833
0.9389696296969424,0.40854990879448067,0.7374472485780244,0.009580536381205757,0.7385052432834927,0.3545903647740077
0.9007006870343646,0.9317448161146136,0.9199681248531383,0.24994388532304931,0.9312562892979033,0.5312588297734511
0.15455148770259983,0.9792271956595228,0.9812117474338354,0.013966132626497338,0.9415446256655191,0.0023210100254974658
0.9086488608006397,0.8650809218687571,0.9887386098006127,0.3476259533163713,0.8669963384638498,0.6363259918184708
0.8838860678617054,0.7267385919339183,0.9785478152244852,0.04418669239316098,0.977984097984191,0.01646967538015566
0.09679468386348146,0.9974310347384322,0.9976758463980997,0.00011506670367568367,0.997048367823143,0.8900405726911693
0.1156304125152799,0.9954018090150673,0.9990432154822059,0.007631351817297133,0.9943994610991818,0.9438318768533994
0.19536416997962117,0.9886883171060485,0.9950108692013077,7.64498057887635e-05,0.99383103062085,0.8605182958425578
0.9059031594234679,0.8809819218595399,0.9897288289513996,0.3744229549328413,0.8823257128342057,0.5646537487557043
0.08498246846621554,0.9982377361111061,0.9984068728506912,0.0034038852781934246,0.9979808604398204,0.989656843440446
0.9133460998703585,0.8717274593902572,0.9192680504961638,0.44792711313493694,0.8670539894547705,0.10144065482306475
0.08473717546365085,0.9908797212958002,0.9910373739424765,0.0009328701989577078,0.998685934971917,0.9676749878601416
0.9107382960096992,0.859363513718321,0.22900208725290058,0.7182554791959329,0.20635767034425995,0.6926984908696889
0.12812525265026242,0.9877114237774126,0.9954522259490842,7.669655421484123e-05,0.9874463441067018,0.8904444177297113
0.0924492306450317,0.997317372179165,0.9974596136673441,0.0008844647929857755,0.996973515846442,0.9810037657441754
0.07996897967506016,0.9970767218479298,0.9990910465908391,0.0006005903113194158,0.9966561669905523,0.9762427055932235
0.06657442818912691,0.9988767589177192,0.9997949410588647,0.9790208683224348,0.9989040246764179,0.9987889742528356
0.8974645186982028,0.9401333909815701,0.9298651638495206,0.31320256081721387,0.9309635715593708,0.4577963774436163
0.10308148180256221,0.9903003192972214,0.9971299046305527,0.001404865579470377,0.9879197639004372,0.8593967920208275
0.09935146684551947,0.9902140878967609,0.9978308264085776,0.00021940661812822778,0.9902051370522574,0.9634470237085453
0.11013270816934903,0.9941553156566684,0.9945222836266578,0.0001265782937490916,0.9925818925860219,0.9159575889361841
0.05112004953491153,0.9975994079957431,0.9998342332251082,0.9870661789461509,0.9973620500311734,0.9986569908622144
0.0665025141352744,0.9850544787288007,0.9997167829586936,0.0016646671712300884,0.9875812535947037,0.9724286385136877
0.10648618956850586,0.9932927694345619,0.9985496849004215,6.706566269073834e-05,0.99224220454442,0.9587732828615325
0.05304706842561747,0.9993845010743204,0.9998621642234378,0.9992941239765537,0.9988573508232385,0.869487378780643
0.07451312166909398,0.9987334209426938,0.9988118909013298,0.20774124443211278,0.9981160735576933,0.9941363183213188
0.05517876908241703,0.9993135207025803,0.9993415929482169,0.9991286807148819,0.9991385288340895,0.9671946866848729
0.08529581006960002,0.9980678312748594,0.9979366692507862,0.435753312119293,0.9977658667531154,0.9894374718440002
0.08973439095902508,0.9988190418586166,0.9985858582134968,0.32743833859198784,0.9981166642240522,0.9915697597015536
0.0684818253973666,0.9993456334268287,0.9993298216303553,0.7247106476841034,0.9988047626391238,0.9832843811931922
0.056625804284339325,0.9991871581928521,0.9995835975216549,0.7818382871997646,0.9988731630633455,0.8557726078064488
0.07329636649560302,0.9987683192253218,0.9988474156465244,0.6087927162851621,0.9987481345957386,0.9910861255547191
0.08651834490406281,0.9978284948651218,0.9990186330848226,0.05628242270500834,0.9978134306742432,0.997015589731374
0.08773315647365978,0.9974587297413916,0.9969676939521139,0.9139916293816274,0.9967462610805548,0.9707744919060982
0.0898629138665884,0.9974918795132846,0.9976461604872938,0.9896613629610965,0.813258950396659,0.9916272156931697
0.06120363383054811,0.9935100291511472,0.9998154650326366,0.8628459341455647,0.99459479923298,0.969969952740384
0.07749349993187717,0.9982563605707566,0.9982794114736254,0.05631578266791987,0.998135712897812,0.9970906764121543
0.07385186372794891,0.9980019940961391,0.9994755359118528,0.931521047528323,0.9970100642999483,0.9327541556267404
0.09707175517386614,0.9955545936201554,0.9981528587436853,0.8600717822778334,0.9931674094460576,0.7598642896401209
0.07617426514863516,0.9983445370418175,0.9979271892710824,0.022659765642534795,0.9983195119620109,0.9977849018503244
0.08742078734556448,0.9983287818134162,0.9991562052309605,0.9661954681319057,0.9980772672470294,0.32161453684738983
0.05315480526461094,0.9984515826647066,0.9983470876827287,0.9409117326912307,0.9982353901224792,0.997352877119798
0.04066126555545183,0.9996454945166375,0.9996545193058839,0.9995444575528418,0.999534311606407,0.9730978178760022
0.07028466922368924,0.9989787156027047,0.9990403082439498,0.0644631146915159,0.998754900964012,0.9904969171983532
0.07610399147493126,0.9982611674174747,0.9977687565709475,0.9971311641220683,0.9982857468192122,0.9923958253225263
0.10410705210166502,0.5542435715834333,0.9999177693520704,0.061326277056700504,0.9998483480352571,0.9997882666296218
0.07890585489308043,0.9979473141727186,0.9976953497088669,0.12463623994890372,0.999089846237462,0.9958322299452463
0.08764480160555574,0.9875708442843785,0.9994430725627996,0.9884221990650267,0.9876454478643555,0.5214043869646846
0.05513192122492778,0.9993235613193103,0.9992807808598422,0.42060038814206446,0.9995596901905045,0.9927698537317992
0.09723367059825105,0.9985465915096573,0.9980926441961832,0.2034487342371184,0.9977663955583156,0.9980872465078484
0.07054145230700709,0.9982473116109195,0.9997409824313765,0.8764071945510256,0.9980973800839711,0.9066803590131114
0.08351914106183496,0.9982266530285964,0.9980928979414774,0.966057729519287,0.9970119821670068,0.513685449758952
0.08323915871112422,0.9959033140351858,0.9993519230586935,0.0560655984612944,0.9961032689222711,0.9955575542726472
0.09738411239017297,0.9979887610619136,0.9980619278594741,0.26079784225753594,0.9979254024324216,0.9956078009926246
0.043618710201739345,0.9994356612903038,0.9994370367108188,0.9971020763260697,0.9991220431344553,0.991614190216089
0.0639617055084608,0.9986992728340516,0.9987371059400582,0.9971736129551881,0.9992601676557652,0.32171933419206034
0.07584768602554615,0.9988103864600205,0.9984206137755351,0.9198771149810361,0.9985355576440037,0.9757148889082331
0.0742375349785172,0.999136509776401,0.9990677138475919,0.9426961983702384,0.9984028834940684,0.9773473281915654
0.07886465810667072,0.9981802011801242,0.9980392509473378,0.9382918979245245,0.9981393079986421,0.7041863442901253
0.07481040905236708,0.9990718688727191,0.9996377589946823,0.7540820446124188,0.9985072911948627,0.9827319582689913
0.09752293256481691,0.9950297772629213,0.9969875692419784,0.8932962531181672,0.9942452009603021,0.9249731368177067
0.06789583532306197,0.998605567185235,0.9986917752967426,0.3928152073908921,0.9973315847899772,0.9939203808952887
0.10696991348249438,0.9934064424119133,0.9932472932136355,0.3295575969127599,0.9912554243535625,0.8294806502513214
0.06934017716954799,0.9991444873045717,0.9996948619263379,0.7206564175474521,0.9994896265148978,0.9696724002225918
0.0909250768083497,0.9977985357295436,0.9972688038877591,0.5007274783656859,0.9962331199041984,0.9937692805248945
0.060034815203912684,0.9986000083036858,0.9986671693416257,0.9987268353253776,0.996141243519006,0.07861514391140209
0.0553752022489227,0.9940883895643505,0.9996065335232363,0.9366720584464179,0.9844853675485585,0.7347449076927264
0.05634376725781231,0.9995499584866498,0.9995768266401389,0.9691938617808378,0.9992221289845996,0.998359819648734
0.0688243063351796,0.9986919698461257,0.9987472697380398,0.9652107587936919,0.9979690032948704,0.29556555808028817
0.08377751959473548,0.9982961143855706,0.9983999017488643,0.9938049163280467,0.7491509042777846,0.9937788648058512
0.08631029324410462,0.9978449322709037,0.9971084085786982,0.47715436642465653,0.9973364647793045,0.988331788039004
0.07590360161311209,0.9989049221883626,0.9987865425958496,0.025151514530231095,0.998619027617098,0.9990200207317018
0.057522950163037934,0.998518370786715,0.9996963399362178,0.5645758891077042,0.9982539279055054,0.9742477816018649
0.06607175920135533,0.9939703152607097,0.9995203193236571,0.9925536946907186,0.9912321549148648,0.5511820994661726
0.08406265553919502,0.9971120203785399,0.9972981836576852,0.9691997939366761,0.996589126874388,0.5469894724272859
0.09479350639213262,0.9964616794865084,0.9966814203626342,0.7450602029624702,0.99587978171819,0.41461693033010893
0.07333651403227116,0.9990731847894964,0.9990553055823089,0.3104522726851808,0.9989715946897579,0.9861764721067862
0.061120080733100185,0.9993744357843519,0.9993140132158995,0.9990752306228858,0.9991576101575015,0.12565240333968816
0.07450309413831174,0.9984241500921575,0.9983279142350857,0.04150226907697513,0.998428005071305,0.9979422740263705
0.08937072870786869,0.9949360803382572,0.9935027439673507,0.9725381529130368,0.9947767473085836,0.8611575045232485
0.06313693631873887,0.998621068975771,0.9995551159691212,0.7441124100121248,0.9982008278265456,0.9811395676219165
0.04802319248222532,0.9995517541209047,0.9995420436841467,0.5459648391810736,0.9992245899939665,0.971888400840655
0.07261101353645455,0.998494717150071,0.9969166765057292,0.9711278282655323,0.9986959821675885,0.13384045199014027
0.07748662022200155,0.9985284189974816,0.9986229001570187,0.07440355143979259,0.9976961683275578,0.99602547977352
0.09483588593455124,0.9963124147118719,0.9958924960419324,0.9899967360532433,0.6269851446272007,0.990053888100053
0.09179613325624551,0.9973508667270248,0.9975103865510329,0.9836628131021351,0.8511068582136334,0.9807255440864973
0.09134980011611994,0.9974587240314126,0.9976133967130516,0.9898640910123524,0.6058405789270406,0.9904387833397024
0.04898019108217484,0.9992466822187767,0.9992935495740942,0.9947958020199434,0.9990996205866726,0.9925792467401011
0.0868253874673008,0.998820530706745,0.9987355546446127,0.6950726134406028,0.9982962501711171,0.8328817714396759
0.05889928674717025,0.9991391690159453,0.9995863117590724,0.7466122480554351,0.9989811926025192,0.9666591219991781
0.060332895467883084,0.9993147970035711,0.9993057874839609,0.3799280403542372,0.9992447518508941,0.9991096736315893
0.06613032895238846,0.9983910163729903,0.9984894813125075,0.9912883130940945,0.9991633106524669,0.9916815166325169
0.07084813447252918,0.9988485647474545,0.9989217484329981,0.05156982045617153,0.9988261728565552,0.997849150677854
0.08440581230744565,0.9983730157482202,0.9989822694688839,0.9626673292390052,0.9974668661600766,0.9712182880998322
0.0691444369283024,0.9988438785878799,0.998776730811501,0.9984419707407984,0.5775180453151022,0.9983873486331292
0.06830811323514631,0.9986136462054997,0.998358039958948,0.9929160835248061,0.9983184467436973,0.9956799277972984
0.0985679731218601,0.995210641559662,0.9949293881620107,0.23722663406222325,0.9940161578749641,0.9844398083526477
0.07574077443967314,0.998041035323447,0.998025440572627,0.9847661006275061,0.9980093870560697,0.9027881619885523
0.08078605661998763,0.998407028100454,0.9985061378029902,0.9676580005002566,0.9941499567154765,0.897077178356514
0.099872709632453,0.9905202900147221,0.999560604624787,0.9942686322033656,0.9906173109017139,0.8106496722211336
0.1045419600302204,0.4447343434414491,0.999913853944257,0.06947287357745326,0.9998411276604268,0.999763187857764
0.10791749703087994,0.9924324631843067,0.9926612225086002,0.9108129947964364,0.9921262667206829,0.6563555444845833
0.052610656523339266,0.9996498584898245,0.999670988228065,0.9995540179435782,0.9994363651904246,0.5876631632663732
0.07191561989703951,0.9961316511234154,0.9990596980007964,0.9050670789128055,0.9954351362203515,0.7648299082976815
0.09275192341822733,0.997706920416156,0.9989704868876451,0.8233328456846021,0.9984828582144308,0.4379744198568345
0.0516288211731736,0.9993531445312267,0.99935197122199,0.6949327378221225,0.9992555889361504,0.9766488790608157
0.08171340852631384,0.9975653733044367,0.9976005028494103,0.44842460952786634,0.9963493294612835,0.5478817210961808
0.09170235829399544,0.9957537659934051,0.9964311992411161,0.05664694871115447,0.9951085004627369,0.9971925568783604
0.0776741512787763,0.9982964047619101,0.9983404946712722,0.9019519372440172,0.999039470528736,0.22861876384608001
0.0816335677947878,0.9973746065150563,0.9989747396035463,0.9940266619487015,0.9972888460867922,0.19067443650362534
0.06594363588255939,0.999319805467348,0.999335396621896,0.3263791659725649,0.9992235665166409,0.9707628782393553
0.05483952164818981,0.9988818880448214,0.9989035124699975,0.9989768771534668,0.998522065997577,0.12343813626466867
0.08184710533783092,0.9986594576461593,0.9992056596361568,0.8236200915009068,0.998517326855177,0.9817016163662671
0.07754960727537247,0.9988455057351096,0.9996181800405048,0.9985838017336347,0.998773835858759,0.048739886558820694
0.05312253221076465,0.9995649475102507,0.9995357043583432,0.9992308967377153,0.9994379148566601,0.9795370479465763
0.07802477923987104,0.9982188306589305,0.9978505993366656,0.3278009398850049,0.997423387885814,0.9715987112982335
0.07822428342223542,0.9977733101217556,0.9995596064387238,0.06813596486489851,0.9978098127624638,0.9968071429932548
0.08553311566925731,0.9978065133389764,0.9977954973819453,0.9836429589698104,0.9969898740465578,0.10549738080499504
0.085662490277324,0.9978064407672034,0.9993475962550368,0.9867183901160396,0.9968301301738411,0.5813337853367743
0.07999039407150323,0.9982972701017964,0.9983431403874257,0.8572466599182621,0.9978168690030057,0.40366701321897275
0.05617306871084593,0.9974509623986929,0.9993192983783405,0.0445133808911734,0.9966735120976452,0.9970601485329573
0.0724473404383749,0.9987251708181356,0.9997535754579161,0.10522776716602676,0.9985063921812968,0.9915204232608263
0.08431215320950794,0.9990063678512764,0.9997588765523842,0.7655689595748126,0.9988428399417892,0.9439675289147712
0.06751738471169508,0.99863104815688,0.9996767627835429,0.32022902902189465,0.9983897569026845,0.9540698574682169
0.04074198232164268,0.9993988455722995,0.9997706628116169,0.9992771911468018,0.9991686568376478,0.3686724776253914
0.07397969616073322,0.9974653523375112,0.9974742043006927,0.9968067029895289,0.9967584127584429,0.0033098114280856895
0.12260069939192426,0.9948107402840359,0.9952810829418682,0.5714056059950664,0.9922128139575647,0.0012737411556725492
0.07336901412468072,0.9994768340647872,0.9992670265233515,0.9148434685805479,0.9989721377797303,0.9974920037851059
0.07960312971184046,0.9994150806497375,0.9993659366339407,0.5904947826537237,0.9991086279735062,0.989100689797084
0.10407587145683396,0.9687881651639407,0.9989739061167228,0.9702884150224164,0.9760016089020824,0.0013839560108210459
0.15254874625949472,0.9927738336704183,0.9929473971446698,0.9737818881294665,0.9921879049542272,0.0005485261055328767
0.04750787315118712,0.9997347893157669,0.9997494501038954,0.9996260650798434,0.9996405557843716,0.9860437447027566
0.06892719057205922,0.9996557083399054,0.9996871128259077,0.98106858315684,0.9994758193795834,0.9870867020000114
0.10448273511622239,0.9936171011743892,0.9941613936004362,0.7734866627922338,0.9878166215731168,0.004026229220394563
0.07187959615072283,0.995060727320762,0.9989827139845532,0.9638399224109019,0.9947208712225398,0.008006194742363873
0.08654371976681569,0.9988896162707682,0.9985849553411928,0.8655614441423022,0.9985762945811106,0.9797443073205816
0.059279000524621005,0.998716969483919,0.9983283917707553,0.9961874188429651,0.998711639704846,0.9932693654985004
0.05096329696026347,0.9995841196527845,0.9995974479787582,0.9973094963789704,0.9993344850567056,0.9920356231414302
0.06700651738519121,0.9991794610951832,0.9990802678277341,0.9123283951828519,0.9986018960565879,0.9826336536859372
0.08483736975093964,0.9987664313240463,0.9976946844989883,0.9715314212385847,0.9990295895347071,0.13404263203318192
0.10790189176686325,0.9975228095176365,0.9975863339109672,0.980828179737775,0.9960083556809006,0.008826700782707995
0.05064177632589895,0.9965812066492181,0.9967137137078009,0.905729421694198,0.995958469378526,0.8963678063192158
0.08073146603060824,0.9971201639532189,0.9987041674976762,0.9354367344064254,0.9983464824545782,0.004755084001738175
0.10163577631172867,0.9935243485955446,0.9878531320067837,0.9349933906443427,0.003804941149800099,0.9923681725030312
0.055258946949292856,0.9994492056259732,0.9994933368328378,0.9994036203598515,0.9989103066643497,0.9742952180609353
0.0716053609618158,0.9994371981599166,0.9993895062743524,0.8241196119545289,0.999197841615919,0.9896583673509873
0.09354408229430854,0.9447451576086843,0.9477943429480277,0.4318147231321469,0.6726423301360093,0.3974964335999787
0.1050748699159968,0.990926207344998,0.9904637494550437,0.7055727208924768,0.9901694190525261,0.005927217621298313
0.06674517849770001,0.9996391752043275,0.9996350877144868,0.9920775280974444,0.9995120952625346,0.9997189282768143
0.07141157568001752,0.9995206955654685,0.9994905688390513,0.9992152844201502,0.9993432149614568,0.12581673116311257
0.06537868694735295,0.999439729311395,0.9994239720627296,0.98707792521394,0.9994304649474535,0.999334825102026
0.059439906296327435,0.998768091023,0.9994836272300709,0.5605108839592007,0.9976849799136629,0.9920520240098438
0.06562084606286285,0.9996731382209373,0.9996775485265279,0.7657937227742538,0.9995594778461583,0.9976744340577675
0.1496000537112573,0.9880164308263619,0.9877579619835876,0.4099944601278378,0.9496967148303651,0.4360668864914055
0.05954580341438794,0.9970974579958236,0.9979920669655648,0.9392985851005125,0.996492605046689,0.0050743346851424495
0.07963320359400677,0.9994050021075287,0.9994125362682382,0.8277751618716968,0.9993415496947361,0.999308076248027
0.1317743857827341,0.9938540184179557,0.9944269096660473,0.29330069203622894,0.9936632217426119,0.0004888761116373732
0.08999544501668995,0.9945051130643623,0.9956998200945691,0.9730366564222379,0.9928475543583859,0.002022628841934562
0.08123635337998424,0.9992122584247237,0.9990878306746668,0.9986894270919515,0.6785301323906807,0.9986899135421582
0.11416237472793891,0.9962214851924797,0.9965744561272026,0.9899426364977026,0.0010228291543982813,0.9914139815960614
0.08849412469824644,0.9985030920136372,0.9985386454557811,0.9858728628512139,0.9984613749204321,0.9075797736913638
0.031117182118615524,0.9945650135176947,0.9991715435803479,0.9923201137646526,0.994580041623991,0.8251464339966657
0.13852181095796484,0.9913071575313717,0.9918358484284929,0.8803240169594265,0.99085119591337,0.12065240349054747
0.060438283478160985,0.9997496073224432,0.9997722948674453,0.9995768545660969,0.9996706712630845,0.7347395504578618
0.03210952224952084,0.9984660978357665,0.9989418975727297,0.8594432973934439,0.9983652867414983,0.4960246157060465
0.0912494716646038,0.9716189686106042,0.9733163699393497,0.6784164358800959,0.4717451733250616,0.6860293451229726
0.0669096846892145,0.9994905914659504,0.9995357996124623,0.6272225181602348,0.9992604353168157,0.9925077715432045
0.05047230795610158,0.9991761260124954,0.9992306716061001,0.9925812224388937,0.9990319495570604,0.9518758412747699
0.04336595522929025,0.9980079795160669,0.9934938419422473,0.9631441237840934,0.9976859856317286,0.9988182468722222
0.04326296646302167,0.9988889557626213,0.9989190374042427,0.9648402723243057,0.999543636160274,0.9789797519164021
0.09434396499949257,0.9984051122495747,0.9981153659494392,0.2368229941186109,0.99817564422992,0.9921396470378127
0.059713343417893965,0.9974799928584487,0.9954556190167364,0.7552821077041437,0.9971233253729349,0.019753943784382964
0.0887342051824064,0.9927266987969204,0.9932795500401513,0.16245095827581957,0.9908560416119524,0.022934451967987112
0.06742024167777737,0.9987014498978017,0.9986516219533437,0.43483632119956206,0.9983632844442918,0.9953797020203289
0.026429800442095298,0.9996377056749797,0.9997184040475164,0.9992461595596474,0.9993141825499332,0.9684078523316159
0.06087007102641064,0.9979419569231933,0.9998725170142452,0.9605810231734101,0.9969228934043854,0.9970432233510363
0.05425626838122338,0.9962002997000099,0.9984392791611136,0.9062808327483911,0.9955010243303676,0.0011554170469754582
0.05304706842561747,0.9993845010743204,0.9998635184293704,0.99932938914665,0.9988561684766196,0.869661321476717
0.06515920160042538,0.9990949731624857,0.9991591007539813,0.9334265480865712,0.9988507889872134,0.9970130974030251
0.07722419302315417,0.9984911355824516,0.9984511022700132,0.9982414717577177,0.9972956194093202,0.14302112614550272
0.11313906226963781,0.9935883438529911,0.9924128543828074,0.39082261823339154,0.9916936577741373,0.1404566367486411
0.11211682185344299,0.9936335813949464,0.9917803037589039,0.23393738153695096,0.9900702869278861,0.15464228912461864
0.08402307110243333,0.9980394660961903,0.9981453309354074,0.9363548194197838,0.9966572108076172,0.02591697977297972
0.09707871532828223,0.9960692726040286,0.9963565619534057,0.878540126567859,0.9959971031495496,0.015625673467402065
0.07007937847651247,0.9989130672925821,0.9995138339192283,0.9813297042202371,0.9989036693535694,0.9988910142481388
0.09899394202326575,0.9962111084749871,0.998203528839519,0.9625771385374623,0.9960517972674525,0.04596826660459021
0.1054215257793166,0.9934194540407871,0.993446352206574,0.9707767722160702,0.9928864141133275,0.05143071732853294
0.1330622233983756,0.9838379145522839,0.9849642600174568,0.49266193517477563,0.8982781869021438,0.4864782222552984
0.08074946865928663,0.9828786066426932,0.999546794602881,0.9679586081030724,0.9866108925111279,0.04158999405822967
0.05963441184728211,0.9991274195525423,0.9991472828126202,0.9816344341486071,0.9990651321080969,0.9988341355660644
0.07385186372794891,0.9980019940961391,0.9994806887927348,0.8792927125183075,0.9970064524105137,0.8864662331031151
0.10983151568377239,0.9974427146662747,0.9987339488088355,0.9705762580337731,0.9963390278936665,0.9889580167584897
0.0651944580070151,0.9990427333486407,0.9988295529720851,0.990644350734575,0.9990495499581284,0.9989966275140366
0.08053577451006655,0.9986527536838568,0.9990050203484878,0.9181544369182308,0.9979862422898066,0.77399654391871
0.05315480526461094,0.9984515826647066,0.9983611344549415,0.9408757524769372,0.99823227279397,0.9974988116386413
0.07191152052645278,0.9991776083100357,0.999137532186763,0.9990412601993844,0.9985140144303594,0.038316666247630256
0.07651756042519421,0.9989895886033051,0.9990603665771955,0.9875027929787038,0.9979052025090266,0.04382271678791797
0.1002512206464684,0.9894456194832834,0.9881296116978214,0.07228463227332892,0.9893743066628335,0.25577676473823746
0.07203990187314607,0.5872261349750291,0.9999634989285265,0.9926078015786441,0.9999319009840604,0.999929261556337
0.06439414370310763,0.9987358106510739,0.9985899401549169,0.9589519385893839,0.9994385852640291,0.9983013410144285
0.11223735293161698,0.9852812852476351,0.9993658723906191,0.9860366715331591,0.9853524143223564,0.12338041210188498
0.07438195209104968,0.9977487576616236,0.997745278372197,0.8759737239330033,0.9985311283675301,0.018731052541593022
0.06257176524341689,0.9989095474139829,0.9986368712228826,0.9321824791495824,0.9987092265076815,0.9986711100770401
0.07686091354633716,0.997276247999488,0.9996010833005984,0.9520536807944082,0.9961737263641016,0.2498616810800526
0.07422084875632234,0.9974011931763435,0.9969772904538642,0.9521573303181411,0.9956314198563673,0.24815931044170317
0.06536337575339943,0.997947452696726,0.9996790469808259,0.9793449033766782,0.9980457358058489,0.998400968762282
0.06407002388895215,0.9988479995440745,0.9989014310011971,0.9393243743518251,0.9987983758409531,0.9983762828621545
0.06542806530260874,0.9994356612903038,0.9994418789427071,0.9980607097162029,0.9991205610961945,0.9853358158364146
0.0759130294843812,0.9831392091272494,0.9833148301301576,0.005017296272499878,0.9989691627491838,0.9676713950915443
0.08982542113393814,0.9970312636235363,0.9966714452549335,0.9790455781534566,0.9966300667365224,0.05829362872165836
0.08145037014051668,0.997334530712692,0.9972519303721586,0.9828557876081451,0.9957845976260803,0.04373697244375826
0.08564239509779405,0.9975750725335435,0.9974124631889759,0.9192710791785795,0.997515684006884,0.23140865765079677
0.09323351705727613,0.9972207656060541,0.9991244328629365,0.9452149360115143,0.9960732911893532,0.032964725129718125
0.15770596327929856,0.9784639648412611,0.1882375173376657,0.7250057509684311,0.9686530202932863,0.733247671362224
0.06781828124695573,0.9987695887457573,0.9988597430818955,0.748567720805779,0.9984035205325102,0.9976442729903496
0.07594830627359495,0.9964480094995958,0.9963660810016978,0.9887350803756454,0.9923181572095545,0.873137347191362
0.08250896863833967,0.9981837835429763,0.9993967206029025,0.8905158316290663,0.9985402358493385,0.08491014390243751
0.10969863879933218,0.9933600735439178,0.993461556756358,0.8759085591883132,0.9913863026675952,0.008700562096728022
0.04729529164712096,0.9993052242876292,0.9993497725290094,0.9992880648293823,0.9980732009160866,0.9737877930804405
0.0809625403416408,0.9915761843703798,0.9994429069283899,0.9871914818469185,0.9846009532353931,0.34871508762967296
0.07026102920262917,0.9992126930922294,0.9992668571914223,0.08837187765414631,0.997593292705463,0.9974765997297038
0.06462493962233416,0.9989823474091475,0.9990343159361182,0.972677009033064,0.9971859972214305,0.5694064190225948
0.03496032106695318,0.9981847367691281,0.9984744599264543,0.9740534428453916,0.9965947063483156,0.24116991311868974
0.08956297076164237,0.9972765672676243,0.9974670358566314,0.9929831302663372,0.18276174176407345,0.9933652358114001
0.08688649359537216,0.9869309921322298,0.9858715876173485,0.6255847427583854,0.9848934503241256,0.12585286067249343
0.05712618240779316,0.999548794957191,0.9995325462320233,0.9917273147751395,0.9993927250381138,0.9996764509083603
0.07559498580943823,0.9970411255282846,0.9993981174913913,0.7476244072125182,0.9946357102381426,0.07944640024316121
0.06108761482103935,0.9954438502510636,0.9996683342979104,0.9863744969103091,0.9894562463494136,0.3910217993008681
0.08663017840393145,0.9974485511221572,0.997630085708807,0.925329705533767,0.9960208622283514,0.5990937128744074
0.08800197775261591,0.9985399858085345,0.9983629992230327,0.9438473229928092,0.9951787599763283,0.27482094004153285
0.08594089630059133,0.9925569568527313,0.9921403808101337,0.15801001011114968,0.9913759315919115,0.4519156007551547
0.09113254506466884,0.9973784779588305,0.9975109982594869,0.8858914050577246,0.9972588897630238,0.03402322512548577
0.06275556528614809,0.9993744357843519,0.9993206345467032,0.999065142705184,0.998831536869353,0.09578583289102718
0.055956623087991146,0.9992639847899392,0.9992263731351192,0.9866343285406897,0.9992643267246286,0.9992309957225474
0.1260291461031363,0.9878651828264456,0.9867648408064327,0.37985154353713346,0.9874948140343192,0.6391490953963761
0.08985810732816144,0.9969949475273608,0.999173807601934,0.8700910720746787,0.9934541239240818,0.02220568880238947
0.08675374013794095,0.9990044434681453,0.9990482507346875,0.968520172105535,0.9971450994035495,0.09322551841086671
0.06408042933384858,0.9993409834855019,0.9992305715660863,0.7443509449738127,0.9994268513164474,0.9591500432287292
0.06917776069244487,0.998701935191478,0.998786086949197,0.9708055447447976,0.998492057077618,0.9981960246577671
0.1288852941610342,0.9869818556636135,0.98640306622586,0.5978337443092665,0.947160601838942,0.42241704515620904
0.09940686497995954,0.9880788691553846,0.9888268891459424,0.6793688192400306,0.947466679900983,0.4790162058570989
0.1285863282216012,0.9874485816755653,0.9883183384454238,0.3451270038445672,0.9404009451353196,0.3539843164873411
0.09194835339314557,0.9979324710719518,0.9980758440709794,0.2883115349207911,0.991871318815787,0.5151365808820848
0.046069230790166005,0.9976035660297246,0.9974709283794237,0.7274241455782624,0.9949613331099609,0.2720678242762661
0.10036384814443024,0.9982798188171492,0.9992084976439676,0.9337947323229707,0.9972559132513694,0.09815546016349676
0.060332895467883084,0.9993147970035711,0.9993124330491705,0.3799142474049027,0.9992432633107566,0.9991664841430548
0.11336517431298808,0.9892231478068976,0.9899523923601508,0.16447101466164082,0.9943606991007918,0.169537720871476
0.053369428390014365,0.9994239507320113,0.9994658065289741,0.9846288812282854,0.9994115717975381,0.9992718750405307
0.09849561966027993,0.9962119209391483,0.9981113427016323,0.9845894456805884,0.9951979821507115,0.07111433269841318
0.0776495872346733,0.9981514880031908,0.998063069175386,0.9974807443809763,0.07387929078137667,0.997586007136422
0.09948349874884685,0.9867411624917861,0.9845859926112196,0.2919203404262966,0.9917384360874028,0.13743242544235376
0.12890369075883315,0.9852073974668311,0.9857774526367415,0.35176450899907413,0.9830426121414186,0.1965179197818606
0.09062382052460187,0.9964793809968215,0.9964852556386443,0.9727692377279307,0.9964155581627328,0.08481524449215758
0.09258233912049996,0.9971363000157029,0.9973402200057583,0.94308885409374,0.9942843886681214,0.10665994363490214
0.1129055433575215,0.9849182464135929,0.9993040843830607,0.9906479319693855,0.9850637443536173,0.1224698157687744
0.07245706931858922,0.41230009260767425,0.9999617608487313,0.9915579144426037,0.9999286584051243,0.9999207550020398
0.09557145353469287,0.9920117597498267,0.9910105611323072,0.8016750886701812,0.9903437423115314,0.85368068248102
0.052610656523339266,0.9996498584898245,0.9996741779709707,0.9995489136424013,0.9994353537153758,0.5877594323283393
0.08534442441433043,0.9965633025698721,0.9992131859789561,0.723531850887454,0.9940620295867352,0.12979236332807081
0.08139759094067552,0.9943590570512424,0.9995780080491973,0.756780742505743,0.9963376189858819,0.308548063354617
0.06825394983522222,0.9985457510563646,0.9986206707068679,0.8791611186373072,0.9977389920186069,0.066854105271612
0.07693873177775268,0.9982708678926874,0.99834993421352,0.9657915683962719,0.9973223123286988,0.12290599241589194
0.1104572588077564,0.9932053286852686,0.005946947973083043,0.986511387236459,0.9920650703483206,0.996788534050842
0.07333225610772227,0.9988068735519785,0.9988462523372122,0.7143613964084771,0.9989888673029335,0.3930044218484583
0.11775422510352483,0.9883447240927552,0.9954675826179993,0.09305908268929913,0.9879482573934163,0.23787070009210645
0.07863115089930225,0.99855569182995,0.9986014878967675,0.5002588243264787,0.997227390514911,0.056448990715712695
0.07734820769199506,0.9990215152822874,0.9990484945709595,0.9993992639306313,0.9982143931080548,0.17416846367469838
0.0798967792159718,0.998989671715945,0.9996686716636176,0.9987171256669246,0.9966165052803101,0.05857864525463082
0.06631170364879793,0.9991302733972247,0.9991395496165791,0.9987867157094551,0.9984416835599496,0.06716482100364457
0.060604098876602265,0.9988111967533982,0.9997673931250145,0.9781694555939312,0.9988292428944107,0.9988425963556783
0.05053906629110999,0.9977238581506659,0.9975553715714193,0.9851115212579747,0.9956863118795153,0.5535943085346282
0.06386982651854653,0.9978064407672034,0.9993532844751096,0.9661291763826046,0.995680250395969,0.4724490827189565
0.08276692437862171,0.9980140453761474,0.9980862008820053,0.8372338165444142,0.9974489201579396,0.21043680092215608
0.046535653716610496,0.9975354848598849,0.9998134083050972,0.9866453846714753,0.9971656844903088,0.998386557413576
0.09456615638944145,0.995425776464776,0.9991221610644558,0.5331141124810204,0.9946379695725249,0.011990644171608715
0.06323760980182128,0.9981442590874765,0.9995362688860099,0.7598018994980772,0.9966795359049869,0.16250784384149441
0.07353768218548362,0.997265839248156,0.9994047547116628,0.8879114538420072,0.9956128395479253,0.13334470778839827
0.562042891572754,0.14118371253653172,0.15595651027399218,0.01290093207861672,0.012052434955668942,0.01165196229360879
0.09826771427135021,0.9952154404743552,0.9965706036567114,0.9476037320445062,0.9948458449813217,0.0006976104604222101
0.3638297146539011,0.13839516578014038,0.013936329166315153,0.013426644329513864,0.012479395243205188,0.011706868413141839
0.3726965740648694,0.13566593030072166,0.014122852374284347,0.01424964575348361,0.012508035770569227,0.012168436099068716
0.15816374517295512,0.9601126671539871,0.0049408541712289535,0.9108427051723962,0.006191642936228456,0.9517008206835772
0.08643776241558226,0.9977248604980696,0.9982331051363038,0.004726602434515544,0.9973582795745083,0.979977241122827
0.1486674991290831,0.9940824498887985,0.9977665086081405,0.0002574873652818126,0.9941102205389003,0.9268283365967813
0.05821085698439226,0.9981399923985445,0.9983498906475196,0.5393560392231744,0.9983818073598706,0.9949743505783187
0.23308884016573522,0.9387996363855631,0.0010801544990252188,0.0011014656950432042,0.9467692726191473,0.9356126987969072
0.20315577025781642,0.8911827936264691,0.021312948101829626,0.717269775589504,0.02149998947394141,0.8690785270898745
0.10487441029328894,0.9941961990279905,0.995866957541962,0.9836407050755531,0.023816921247703425,0.9846920917279618
0.3677245419135962,0.13839516578014038,0.014111587204020897,0.013548145804065293,0.01241875477928999,0.012088648727987174
0.2640404171468853,0.4427759672537533,0.12454045083659698,0.12281980593275063,0.11138641210206339,0.10646047037899915
0.07650103682590116,0.9910986703798375,0.9997643951479755,0.9701298141305413,0.9907213594424339,0.9178861319813815
0.26688695103750304,0.8336885787436941,0.0022490452729898138,0.811056712768094,0.001200215055243613,0.8319899717077663
0.13795858316879603,0.9752238875332448,0.00327126212114212,0.007604217295547478,0.9785248058354761,0.9747439808261871
0.16759991177206113,0.926136030775385,0.0002774331886559809,0.0027072527462447997,0.9324904520602871,0.7620191831658671
0.3792884136360446,0.12964616340783372,0.01436986734922216,0.01387341601975825,0.012687442391894916,0.012019780888752354
0.2514581389711426,0.46725395884092635,0.11974826921196664,0.11582419243795415,0.10909406589161737,0.10340929484672522
0.08590866245665921,0.997323506136824,0.9980945265668459,0.0005215928586531432,0.9972051093202892,0.9875727133638325
0.18227418937329987,0.9083524616528437,0.000546924699024275,0.000951322616102461,0.9201921823833478,0.8579029575566319
0.05432958599980112,0.5872272469749005,0.9999628054765021,0.9926471824566884,0.9999406934584796,0.9999264227842268
0.47384893327116434,0.13153964415409952,0.014147175487352748,0.0140047677801711,0.03501433992282942,0.012001358816811395
0.09145626861122422,0.9959710487290033,0.9994000188128641,0.566828223506744,0.996411318059322,0.9673376995165303
0.2300019051326027,0.9451084286310878,0.00018604365696681918,0.0023684899342612453,0.9759009547911819,0.926395066930237
0.13310504085311675,0.9704747163510196,0.0035408884703734375,0.016377299105582683,0.972934695234717,0.9711679497382397
0.41453462352284587,0.4570735768080197,0.48872924476427565,0.11889129780590256,0.10931587147091969,0.10673994233728645
0.15723848020435519,0.962932067116336,0.004421208205739384,0.028589438957706128,0.9655771018328536,0.880284437645132
0.595307422432788,0.12382039723741298,0.1633193342824493,0.0139259458290419,0.01255754526298432,0.011905303695272235
0.3803037270663688,0.12964616340783372,0.014308432289369127,0.013900202844372104,0.012644719424592634,0.011997676759647767
0.22912296402991927,0.6804868664576226,0.002935980716467628,0.005317085780502875,0.7016623370796099,0.004535084486914613
0.10269121658578631,0.9841357144942671,0.9871202272146555,0.011660347788221703,0.9928869477842535,0.058117930969428
0.1823732377302369,0.9233986151690597,0.0004806831538331512,0.0018908399831196005,0.9262972737142022,0.8547242353948961
0.12735665189066825,0.9888395228943135,0.9912921761817105,0.5436744859293102,0.0007850071512011868,0.973199840007359
0.15782910812193654,0.9629920610484076,0.004807956961595764,0.02470370920134841,0.9677194703069357,0.8777409765714784
0.1470729618515225,0.9821591352279805,2.4978839012445525e-05,0.04500167706549077,0.9428027805644532,0.9489710795914225
0.1163241302019791,0.9916120940192423,0.9953939394262895,0.01669000325762338,0.9914382685924287,0.7763104809461397
0.06819441351365199,0.9987757236055262,0.9991315042688433,0.8545548717180852,0.9986496773857184,0.9975910166595311
0.161027371572735,0.9802852570660684,0.9838673498938719,0.9855098138284035,0.0015126691209114418,0.8506315856099249
0.2768086244552709,0.9383901104199854,0.001011304020361151,0.0011910385922544971,0.9724611621216666,0.8817586646425578
0.08712093244814965,0.9978986188582254,0.9974817936755085,0.8460332283952546,0.9945122268303068,0.99692940606197
0.07566798165905048,0.9919855718799524,0.9926122225108283,0.0001672277072481949,0.9894032320582935,0.954141170769548
0.45157619631156753,0.144264734716334,0.03774412881487459,0.013260653589141342,0.012390337592178556,0.012121343064525242
0.0566562598262352,0.9995522073111519,0.9996810090411578,0.9710150540065884,0.9993350289937554,0.9984531815466945
0.08094786819379352,0.9977951290130247,0.9982749154653139,0.008183471351642574,0.9976088307316606,0.968301728876233
0.10400657846010392,0.9932527775984659,0.9951908024383053,0.9857522942412924,0.0014216828317118616,0.9836899054924664
0.17905637472148775,0.9483708567491563,0.0005468020643195647,0.015494727918037283,0.919677210408817,0.9124707031645423
0.1612171981231663,0.9526830417780777,0.00016831285364144694,0.0006108158659688013,0.9573397319259972,0.9716579597432095
0.4140453126077744,0.4570735768080197,0.48872924476427565,0.11713162577191018,0.10917845049211213,0.10485195039459427
0.5169541048424479,0.4500477157460673,0.48566096580971746,0.22421332223732296,0.10873448660643766,0.10576977511613947
0.11115855755499161,0.9911129815930301,0.993633158097487,0.007371180489425895,0.9910527346320793,0.8153495953098083
0.06894517154631548,0.9983941087724633,0.9988393693130938,0.9704226477136564,0.9984531280341272,0.9683046192166221
0.05829312541280174,0.9990235700034305,0.999067383493729,0.8115794002067371,0.9989889699856048,0.9967109800460212
0.08480260761439724,0.997845519820248,0.9980906128496682,0.0006484808570258244,0.9976928871544114,0.9645971895180178
0.15584888412123782,0.945429691000048,0.00027893050995893547,0.0008794239643906289,0.9533892681868322,0.9459173289523348
0.26606883957344074,0.43660010358247076,0.12551149460298766,0.1220519538739705,0.11210749636856261,0.10886057260529779
0.26814457331480485,0.9323872885433331,0.00142477232218269,0.0017764229931105703,0.9364784098586436,0.9013589336810968
0.05647537828971915,0.9995754886132147,0.9996722712553224,0.5232129031345311,0.9995213038881927,0.9975383232974288
0.05977567226401404,0.9964267151340099,0.9975010245769859,0.005220158815583085,0.9981634828201986,0.9825183925588026
0.06956143287427842,0.9987074387748479,0.9990298743450193,0.9714126944259472,0.9986958958370225,0.9981966147929306
0.11764482603454232,0.9890724851128687,0.990748367397766,0.9756206919328164,0.002594029880752291,0.9726379048975586
0.10920715857632883,0.993001606994874,0.9950082990813952,0.9736549589680225,0.01726207558512029,0.9675846354632353
0.11394672461386278,0.9912054662536377,0.9937278330082593,0.9765517499263358,0.001532644883110545,0.9739790213091887
0.07387776591843609,0.9992500585648284,0.9994498746860135,0.9968673959493475,0.9992588406505042,0.9927839454435602
0.25778574491391704,0.4586085240731525,0.12164445958684754,0.11596171275777356,0.11035308568497568,0.10578051535853933
0.29820694698173333,0.46241569481254796,0.2750373126351249,0.11693825406977074,0.10880099076924617,0.10634292227047532
0.06649709953502318,0.9983972632843777,0.9989267461288539,0.9928928880937362,0.9992844560650085,0.9920522538767969
0.05366542474532631,0.9994268254876872,0.9995932133902171,0.9850183474708271,0.9995039108948962,0.9992774514545805
0.4716628768879389,0.1316896042756299,0.039490257557803034,0.013838713696877987,0.012630104391999998,0.012131072989074235
0.08405183161036116,0.9969382631171649,0.9975413956605038,0.996654330160152,0.0052711227629540225,0.996014166503385
0.06868696219729149,0.9986191227881982,0.998610589936726,0.9953924484292453,0.9985123020728456,0.9957802957983506
0.2714131729043318,0.8217725335146825,0.8615788067089387,0.7828757822806305,0.0013203447058938347,0.0026084471739952577
0.2062104547031945,0.8834114764364395,0.000679985701531365,0.004759727528942463,0.8977639325623304,0.5783570662914324
0.16436083843299884,0.9609552532259529,0.9719421291790258,0.093996888608247,0.004687954313954783,0.6824862402008587
0.09895964680441997,0.9936121918463688,0.9990805086228987,0.37249810375181186,0.9943217295296721,0.9043411015103809
0.05464419684759808,0.41230087335911336,0.9999610343777301,0.9916028262553696,0.9999378695129195,0.9999176174661322
0.30789131778245976,0.3015140455156266,0.009816507807725621,0.012941401073933113,0.008811103544736503,0.3113355281667447
0.08860292893544637,0.9971888386307133,0.9979973215695026,0.00011506729556430793,0.9972273449937871,0.8901032335291698
0.10584458581751702,0.9951387995659223,0.9991783916974941,0.0038633124427818978,0.994607379308011,0.9190655614945845
0.7210771114975029,0.138161381362653,0.036810804900677944,0.05301802937680733,0.03415418475949303,0.04849891614863957
0.07779038386953913,0.998071479149731,0.9986273267622601,0.003403997754043103,0.9981040869698408,0.9896869753709979
0.35449267865081124,0.14334191177886288,0.01369262751303514,0.013370544251121467,0.01235650560838344,0.01211339411551832
0.2337306555487304,0.794679206741629,0.053788120474981306,0.06762796670697242,0.04605995059141669,0.8972773915664015
0.07756585006657421,0.990636191161092,0.9914595387313166,0.0009328355701728771,0.9987657869940075,0.967726655282476
0.3081468670916963,0.4375018488214075,0.2822772350845358,0.1217427678289274,0.11108090830381633,0.1090292683411711
0.08462523235812565,0.9970733463549665,0.9977832292375874,0.0008844997646811917,0.9971560619845294,0.9810521808110418
0.254263304786137,0.46310267898225205,0.12069177243457531,0.11494462927638466,0.10980261947357046,0.10783416981561937
0.20582050280777978,0.9703402650148315,0.00733434520755238,0.02281055106952288,0.9719913262284195,0.9509473885597431
0.10980178157071312,0.9967340130046746,0.9991221442914909,0.0006005149600909584,0.9978630138066044,0.9759906983374436
0.16444915586713485,0.9413949604624,0.00026037578066549896,0.00040238535721488636,0.9466219916619201,0.8822601904486181
0.3405071913916848,0.4604700258641201,0.12042262391750443,0.1152586094757173,0.11078517846541691,0.20450458695670334
0.060940220002977226,0.9988147998802797,0.9998239308674681,0.9789856180558164,0.9989446435781729,0.9987991815589947
0.1924787644303173,0.9066973111015155,0.0004784570602800774,0.0029538079191850247,0.9146331583231664,0.6790604615324609
0.3058028749051586,0.9218559877005862,0.0017814917292232133,0.0022854487829836343,0.9280239931281025,0.751400387567577
0.25276340380712603,0.46725395884092635,0.11974826921196664,0.11800758415155588,0.10976438856347236,0.10834995663005953
0.07019062311066267,0.997538997915184,0.9998561478309648,0.983795280506449,0.997294983996743,0.99838565924795
0.5613846250607579,0.14132483219298422,0.15810693600704065,0.013187717990274236,0.012141867290215663,0.011871158485845327
0.4103488470275807,0.4642822005399449,0.4818337821316682,0.11386531375662079,0.10688860413453177,0.10458740605341614
0.32567347948781694,0.9335756526865854,0.00383693584743538,0.001362236079793997,0.9449826466444998,0.8803660016671271
0.00793829025768018,0.999572652565215,0.9995605528903504,0.7307860963160873,0.9996213769568039,0.9985420380471218
0.010713664117986377,0.9996112339069626,0.9996317395088876,0.7626948305290389,0.9995411217270846,0.9994281245007771
0.012196836994412813,0.9998313922232466,0.9998546988475231,0.999667478709917,0.9997598493459795,0.734985717563196
0.013242711685440268,0.999779939070468,0.9997924980131605,0.7662025591781272,0.9996801469431325,0.9978413984759168
0.05287938562237153,0.9994703244017266,0.9995311836481907,0.93480135790281,0.9992819059677607,0.9976200281051769
0.03961458450947066,0.9985387000222781,0.9989365365298265,0.9738139604329232,0.9977804855864224,0.9849847137750432
0.05077957406030502,0.9993659732119554,0.9992335027929324,0.9342100221758843,0.999204417686023,0.9989652501306057
0.017681693795858412,0.9988844227947475,0.9994503600081902,0.9813847887366849,0.9988879563870074,0.9987262755571555
0.07517401710982581,0.9989997576934314,0.9991146298085539,0.9883498562870978,0.2707955584546138,0.98798638229292
0.048395790356264366,0.9994876420641938,0.9995226226265158,0.9827182473242101,0.9994181878559563,0.9990931065847825
0.0519954728855416,0.9993232609177545,0.9993853332425381,0.9407318676870131,0.9992524811236507,0.9987137576232331
0.037914875030343624,0.9993763155973009,0.9995881313599303,0.9825363909964839,0.9993383566259594,0.9991279038523018
0.019673092586028618,0.9993423357655601,0.9996696429741441,0.9795495113008951,0.9993241999226768,0.9991086016483737
0.008661238270396127,0.7399093127539318,0.9999587557344848,0.9890356153598142,0.9999385021556821,0.9999158079547876
0.030906838987991563,0.9997408551162753,0.9997420481773125,0.9923709085141876,0.999628853643477,0.999617492696192
0.045411112747217354,0.999569062003304,0.9995674999269106,0.9874269134614203,0.9995422520022914,0.9994027721956894
0.03527199843582253,0.999450509400841,0.9993477852108439,0.9867733088747399,0.999423573875233,0.9992536296336084
0.043311497301444665,0.9996617993704372,0.9997014652797921,0.9852135255558766,0.9996342609022937,0.9994316234244193
0.061635190060112525,0.9979496238714192,0.9979879826676371,0.9907666741361273,0.9951598135274322,0.8848955100951867
0.036956571721553616,0.9992108392620386,0.9991235411631001,0.9957395165599449,0.9982504163836392,0.9966361157799346
0.018882803331139508,0.998704891557452,0.9997904878715672,0.9872777983424879,0.998420974947806,0.9989220219480182
0.05503733867544516,0.9992773041275765,0.9993624693032429,0.8551226261540003,0.9989972926313541,0.9981860638995471
0.03483900634203822,0.9992789977119206,0.9993109915366216,0.9612773587098787,0.9994740306118456,0.9986693999386018
0.049880979044862085,0.9991495073645593,0.9997714615336951,0.747907015807184,0.9986216434408861,0.988593238975758
0.05652187689701461,0.999777491909451,0.9997992179731283,0.9996117586470654,0.9996985607052858,0.7347966956725245
0.04749069990960807,0.9993698766632698,0.9992433108496814,0.9866231995434264,0.9993503393518763,0.9992075544285101
0.04972272231623581,0.9989662000314575,0.9996202398758217,0.9507037070310117,0.9982888438227518,0.9722812798606942
0.0749188300853056,0.9988793797219984,0.9989842707510358,0.9709613636531421,0.99867773127687,0.9771638151387415
0.047613747515925814,0.9985116054386589,0.9996799983334668,0.9805584159066631,0.9985706158150924,0.9984944472971423
0.06334385222334682,0.9993414854393594,0.9992469056379532,0.8117636077951026,0.9991743743016518,0.9971374543069809
0.06861469495421735,0.9995350814905825,0.9993501068094598,0.9149491941593036,0.9990580257287214,0.9975556043128451
0.04045952207603941,0.9989439982007318,0.9989732203464085,0.9651747068096472,0.9995808376936351,0.9790564194251293
0.05683542897705282,0.9989688288922236,0.9993326857044256,0.7955637938324481,0.9977748423534343,0.8424755784618028
0.06136860892787119,0.9997095514027007,0.9997151041073222,0.7659511440867749,0.9995972149314752,0.9977131981557342
0.06705870443879032,0.9993265807940216,0.9993698014702296,0.5665946793094409,0.9996277859844441,0.9956083787709803
0.06516075239908811,0.9994055157791255,0.9994360095357044,0.9824999470750618,0.999340097136069,0.9990326690501057
0.051049105013217314,0.9992900561387404,0.9995138540596568,0.9823181715257319,0.9992604735609012,0.9990747742416565
0.11695955242114776,0.9948032258289506,0.995308368374913,0.651634128412745,0.9738406813567451,0.7427889271277978
0.047743618915139965,0.999570638194099,0.999594144140242,0.9994999224191704,0.9994065422049355,0.9053587762172401
0.135926874135302,0.9914201057696003,0.9922567064824891,0.3625541574524365,0.9552717591343596,0.36586848977649883
0.024717146831950827,0.9996905314714656,0.9997723452826031,0.9993023892725988,0.9994805217745744,0.9688409125318111
0.07726742288314509,0.9992966477169933,0.999710354356312,0.5681268347573085,0.9989868385497443,0.9890440691761462
0.09305036870522242,0.9984422191824197,0.9984389163372295,0.8339988627672926,0.9978239496757287,0.019715798204808496
0.04964864289571016,0.9994983267584014,0.9995078669232933,0.7623480771716702,0.9994283890766799,0.9993368765110948
0.09075132172561345,0.9984711948506431,0.9983719573361726,0.3562897641022774,0.9981324563122926,0.9596320335390399
0.05962822191588172,0.9972116251089927,0.9991204274124983,0.5694369105492824,0.9972280763217252,0.9716307768886098
0.061142141746332423,0.9994938340945111,0.9994824096472757,0.9872673103350045,0.9994807826351508,0.9993626864307162
0.05831519086510591,0.9996075779462741,0.9996470907194915,0.9850958151931822,0.9995850103664935,0.9993943448790071
0.04442935840262037,0.9997629829044711,0.9997775851007485,0.9996668737613792,0.9996741277112107,0.9860787679100385
0.03857901402867445,0.9993315303287863,0.9994817490002619,0.5984540187762037,0.999497281444167,0.9897920051263347
0.07782725124861378,0.9987473900761266,0.9995744009257098,0.996600839206217,0.9986851884395263,0.9304533951276162
0.10325609835137496,0.9974640630375327,0.997715788676882,0.7956579565270502,0.9962755796075818,0.18873051985599543
0.03795045638041141,0.9986354758773155,0.9998877042722119,0.9421528992522086,0.9979183239773826,0.996865992915778
0.022737904497035284,0.9992918952089292,0.999521570015734,0.6404164000832426,0.9988434047912181,0.979818112888067
0.011729139222807095,0.583813515450601,0.999948885883863,0.9874676657360313,0.9999282067975518,0.9998997905982407
0.057130965622956366,0.9991582337767972,0.9993024636826181,0.8614932683372261,0.9987527899236888,0.9323154989137846
0.0432941128241738,0.9990706453900337,0.9992807289685223,0.21458402823734596,0.9989064581376266,0.9899466102017916
0.12638451940575965,0.991804218543215,0.9926036449470768,0.5382110626093897,0.9180042498978224,0.5401147570109615
0.036787165797403557,0.9994258051593748,0.9993845804085164,0.7304874278712453,0.999491478336124,0.9983756300526846
0.027022458904255912,0.9990946579797902,0.999098149943397,0.8026523548377512,0.9988682860565135,0.994652810388179
0.014070302707933179,0.9995701326780049,0.9996161753595572,0.8015476987280556,0.9992693957913695,0.9900486020249935
0.01595307213741217,0.9995044387893577,0.9996798223219244,0.5686420948142253,0.999245978443555,0.9894687228510656
0.007041895869428316,0.9993875234829828,0.9996309793828317,0.6406847436888582,0.9989860882914772,0.9801446468268036
0.012919459056103123,0.9993741014683892,0.9995231427580191,0.5469538511184239,0.9990692622408275,0.9962885885354829
0.00910219064940197,0.9984910839537046,0.9993450608216518,0.3656170821222818,0.9983699111289916,0.9947738199022688
0.05304706842561747,0.9993845010743204,0.9998635184293704,0.99932938914665,0.9988561684766196,0.869661321476717
0.06515920160042538,0.9990949731624857,0.9991591007539813,0.9334265480865712,0.9988507889872134,0.9970130974030251
0.07722419302315417,0.9984911355824516,0.9984511022700132,0.9982414717577177,0.9972956194093202,0.14302112614550272
0.11313906226963781,0.9935883438529911,0.9924128543828074,0.39082261823339154,0.9916936577741373,0.1404566367486411
0.11211682185344299,0.9936335813949464,0.9917803037589039,0.23393738153695096,0.9900702869278861,0.15464228912461864
0.08402307110243333,0.9980394660961903,0.9981453309354074,0.9363548194197838,0.9966572108076172,0.02591697977297972
0.09707871532828223,0.9960692726040286,0.9963565619534057,0.878540126567859,0.9959971031495496,0.015625673467402065
0.07007937847651247,0.9989130672925821,0.9995138339192283,0.9813297042202371,0.9989036693535694,0.9988910142481388
0.09899394202326575,0.9962111084749871,0.998203528839519,0.9625771385374623,0.9960517972674525,0.04596826660459021
0.1054215257793166,0.9934194540407871,0.993446352206574,0.9707767722160702,0.9928864141133275,0.05143071732853294
0.1330622233983756,0.9838379145522839,0.9849642600174568,0.49266193517477563,0.8982781869021438,0.4864782222552984
0.08074946865928663,0.9828786066426932,0.999546794602881,0.9679586081030724,0.9866108925111279,0.04158999405822967
0.05963441184728211,0.9991274195525423,0.9991472828126202,0.9816344341486071,0.9990651321080969,0.9988341355660644
0.07385186372794891,0.9980019940961391,0.9994806887927348,0.8792927125183075,0.9970064524105137,0.8864662331031151
0.10983151568377239,0.9974427146662747,0.9987339488088355,0.9705762580337731,0.9963390278936665,0.9889580167584897
0.0651944580070151,0.9990427333486407,0.9988295529720851,0.990644350734575,0.9990495499581284,0.9989966275140366
0.08053577451006655,0.9986527536838568,0.9990050203484878,0.9181544369182308,0.9979862422898066,0.77399654391871
0.05315480526461094,0.9984515826647066,0.9983611344549415,0.9408757524769372,0.99823227279397,0.9974988116386413
0.07191152052645278,0.9991776083100357,0.999137532186763,0.9990412601993844,0.9985140144303594,0.038316666247630256
0.07651756042519421,0.9989895886033051,0.9990603665771955,0.9875027929787038,0.9979052025090266,0.04382271678791797
0.1002512206464684,0.9894456194832834,0.9881296116978214,0.07228463227332892,0.9893743066628335,0.25577676473823746
0.07203990187314607,0.5872261349750291,0.9999634989285265,0.9926078015786441,0.9999319009840604,0.999929261556337
0.06439414370310763,0.9987358106510739,0.9985899401549169,0.9589519385893839,0.9994385852640291,0.9983013410144285
0.11223735293161698,0.9852812852476351,0.9993658723906191,0.9860366715331591,0.9853524143223564,0.12338041210188498
0.07438195209104968,0.9977487576616236,0.997745278372197,0.8759737239330033,0.9985311283675301,0.018731052541593022
0.06257176524341689,0.9989095474139829,0.9986368712228826,0.9321824791495824,0.9987092265076815,0.9986711100770401
0.07686091354633716,0.997276247999488,0.9996010833005984,0.9520536807944082,0.9961737263641016,0.2498616810800526
0.07422084875632234,0.9974011931763435,0.9969772904538642,0.9521573303181411,0.9956314198563673,0.24815931044170317
0.06536337575339943,0.997947452696726,0.9996790469808259,0.9793449033766782,0.9980457358058489,0.998400968762282
0.06407002388895215,0.9988479995440745,0.9989014310011971,0.9393243743518251,0.9987983758409531,0.9983762828621545
0.06542806530260874,0.9994356612903038,0.9994418789427071,0.9980607097162029,0.9991205610961945,0.9853358158364146
0.0759130294843812,0.9831392091272494,0.9833148301301576,0.005017296272499878,0.9989691627491838,0.9676713950915443
0.08982542113393814,0.9970312636235363,0.9966714452549335,0.9790455781534566,0.9966300667365224,0.05829362872165836
0.08145037014051668,0.997334530712692,0.9972519303721586,0.9828557876081451,0.9957845976260803,0.04373697244375826
0.08564239509779405,0.9975750725335435,0.9974124631889759,0.9192710791785795,0.997515684006884,0.23140865765079677
0.09323351705727613,0.9972207656060541,0.9991244328629365,0.9452149360115143,0.9960732911893532,0.032964725129718125
0.15770596327929856,0.9784639648412611,0.1882375173376657,0.7250057509684311,0.9686530202932863,0.733247671362224
0.06781828124695573,0.9987695887457573,0.9988597430818955,0.748567720805779,0.9984035205325102,0.9976442729903496
0.07594830627359495,0.9964480094995958,0.9963660810016978,0.9887350803756454,0.9923181572095545,0.873137347191362
0.08250896863833967,0.9981837835429763,0.9993967206029025,0.8905158316290663,0.9985402358493385,0.08491014390243751
0.10969863879933218,0.9933600735439178,0.993461556756358,0.8759085591883132,0.9913863026675952,0.008700562096728022
0.04729529164712096,0.9993052242876292,0.9993497725290094,0.9992880648293823,0.9980732009160866,0.9737877930804405
0.0809625403416408,0.9915761843703798,0.9994429069283899,0.9871914818469185,0.9846009532353931,0.34871508762967296
0.07026102920262917,0.9992126930922294,0.9992668571914223,0.08837187765414631,0.997593292705463,0.9974765997297038
0.06462493962233416,0.9989823474091475,0.9990343159361182,0.972677009033064,0.9971859972214305,0.5694064190225948
0.03496032106695318,0.9981847367691281,0.9984744599264543,0.9740534428453916,0.9965947063483156,0.24116991311868974
0.08956297076164237,0.9972765672676243,0.9974670358566314,0.9929831302663372,0.18276174176407345,0.9933652358114001
0.08688649359537216,0.9869309921322298,0.9858715876173485,0.6255847427583854,0.9848934503241256,0.12585286067249343
0.05712618240779316,0.999548794957191,0.9995325462320233,0.9917273147751395,0.9993927250381138,0.9996764509083603
0.07559498580943823,0.9970411255282846,0.9993981174913913,0.7476244072125182,0.9946357102381426,0.07944640024316121
0.06108761482103935,0.9954438502510636,0.9996683342979104,0.9863744969103091,0.9894562463494136,0.3910217993008681
0.08663017840393145,0.9974485511221572,0.997630085708807,0.925329705533767,0.9960208622283514,0.5990937128744074
0.08800197775261591,0.9985399858085345,0.9983629992230327,0.9438473229928092,0.9951787599763283,0.27482094004153285
0.08594089630059133,0.9925569568527313,0.9921403808101337,0.15801001011114968,0.9913759315919115,0.4519156007551547
0.09113254506466884,0.9973784779588305,0.9975109982594869,0.8858914050577246,0.9972588897630238,0.03402322512548577
0.06275556528614809,0.9993744357843519,0.9993206345467032,0.999065142705184,0.998831536869353,0.09578583289102718
0.055956623087991146,0.9992639847899392,0.9992263731351192,0.9866343285406897,0.9992643267246286,0.9992309957225474
0.1260291461031363,0.9878651828264456,0.9867648408064327,0.37985154353713346,0.9874948140343192,0.6391490953963761
0.08985810732816144,0.9969949475273608,0.999173807601934,0.8700910720746787,0.9934541239240818,0.02220568880238947
0.08675374013794095,0.9990044434681453,0.9990482507346875,0.968520172105535,0.9971450994035495,0.09322551841086671
0.06408042933384858,0.9993409834855019,0.9992305715660863,0.7443509449738127,0.9994268513164474,0.9591500432287292
0.06917776069244487,0.998701935191478,0.998786086949197,0.9708055447447976,0.998492057077618,0.9981960246577671
0.1288852941610342,0.9869818556636135,0.98640306622586,0.5978337443092665,0.947160601838942,0.42241704515620904
0.09940686497995954,0.9880788691553846,0.9888268891459424,0.6793688192400306,0.947466679900983,0.4790162058570989
0.1285863282216012,0.9874485816755653,0.9883183384454238,0.3451270038445672,0.9404009451353196,0.3539843164873411
0.09194835339314557,0.9979324710719518,0.9980758440709794,0.2883115349207911,0.991871318815787,0.5151365808820848
0.046069230790166005,0.9976035660297246,0.9974709283794237,0.7274241455782624,0.9949613331099609,0.2720678242762661
0.10036384814443024,0.9982798188171492,0.9992084976439676,0.9337947323229707,0.9972559132513694,0.09815546016349676
0.060332895467883084,0.9993147970035711,0.9993124330491705,0.3799142474049027,0.9992432633107566,0.9991664841430548
0.11336517431298808,0.9892231478068976,0.9899523923601508,0.16447101466164082,0.9943606991007918,0.169537720871476
0.053369428390014365,0.9994239507320113,0.9994658065289741,0.9846288812282854,0.9994115717975381,0.9992718750405307
0.09849561966027993,0.9962119209391483,0.9981113427016323,0.9845894456805884,0.9951979821507115,0.07111433269841318
0.0776495872346733,0.9981514880031908,0.998063069175386,0.9974807443809763,0.07387929078137667,0.997586007136422
0.09948349874884685,0.9867411624917861,0.9845859926112196,0.2919203404262966,0.9917384360874028,0.13743242544235376
0.12890369075883315,0.9852073974668311,0.9857774526367415,0.35176450899907413,0.9830426121414186,0.1965179197818606
0.09062382052460187,0.9964793809968215,0.9964852556386443,0.9727692377279307,0.9964155581627328,0.08481524449215758
0.09258233912049996,0.9971363000157029,0.9973402200057583,0.94308885409374,0.9942843886681214,0.10665994363490214
0.1129055433575215,0.9849182464135929,0.9993040843830607,0.9906479319693855,0.9850637443536173,0.1224698157687744
0.07245706931858922,0.41230009260767425,0.9999617608487313,0.9915579144426037,0.9999286584051243,0.9999207550020398
0.09557145353469287,0.9920117597498267,0.9910105611323072,0.8016750886701812,0.9903437423115314,0.85368068248102
0.052610656523339266,0.9996498584898245,0.9996741779709707,0.9995489136424013,0.9994353537153758,0.5877594323283393
0.08534442441433043,0.9965633025698721,0.9992131859789561,0.723531850887454,0.9940620295867352,0.12979236332807081
0.08139759094067552,0.9943590570512424,0.9995780080491973,0.756780742505743,0.9963376189858819,0.308548063354617
0.06825394983522222,0.9985457510563646,0.9986206707068679,0.8791611186373072,0.9977389920186069,0.066854105271612
0.07693873177775268,0.9982708678926874,0.99834993421352,0.9657915683962719,0.9973223123286988,0.12290599241589194
0.1104572588077564,0.9932053286852686,0.005946947973083043,0.986511387236459,0.9920650703483206,0.996788534050842
0.07333225610772227,0.9988068735519785,0.9988462523372122,0.7143613964084771,0.9989888673029335,0.3930044218484583
0.11775422510352483,0.9883447240927552,0.9954675826179993,0.09305908268929913,0.9879482573934163,0.23787070009210645
0.07863115089930225,0.99855569182995,0.9986014878967675,0.5002588243264787,0.997227390514911,0.056448990715712695
0.07734820769199506,0.9990215152822874,0.9990484945709595,0.9993992639306313,0.9982143931080548,0.17416846367469838
0.0798967792159718,0.998989671715945,0.9996686716636176,0.9987171256669246,0.9966165052803101,0.05857864525463082
0.06631170364879793,0.9991302733972247,0.9991395496165791,0.9987867157094551,0.9984416835599496,0.06716482100364457
0.060604098876602265,0.9988111967533982,0.9997673931250145,0.9781694555939312,0.9988292428944107,0.9988425963556783
0.05053906629110999,0.9977238581506659,0.9975553715714193,0.9851115212579747,0.9956863118795153,0.5535943085346282
0.06386982651854653,0.9978064407672034,0.9993532844751096,0.9661291763826046,0.995680250395969,0.4724490827189565
0.08276692437862171,0.9980140453761474,0.9980862008820053,0.8372338165444142,0.9974489201579396,0.21043680092215608
0.046535653716610496,0.9975354848598849,0.9998134083050972,0.9866453846714753,0.9971656844903088,0.998386557413576
0.09456615638944145,0.995425776464776,0.9991221610644558,0.5331141124810204,0.9946379695725249,0.011990644171608715
0.06323760980182128,0.9981442590874765,0.9995362688860099,0.7598018994980772,0.9966795359049869,0.16250784384149441
0.07353768218548362,0.997265839248156,0.9994047547116628,0.8879114538420072,0.9956128395479253,0.13334470778839827
0.10010404945319715,0.9982821160852569,0.9985144879920055,0.004730663695318651,0.9978227059957591,0.9820558958475305
0.11380438195261008,0.9963594101522226,0.9971005150567153,0.9488578499447616,0.9958231620812938,0.0006981737661631118
0.18317030573251122,0.9696016895243416,0.004960362754309899,0.9170139358076747,0.006237705302684881,0.9585039440616532
0.06561392702660036,0.9996620561500406,0.9997319732780745,0.970423506722558,0.9994531376256534,0.9985110177133375
0.020654240677853875,0.976654585472674,0.978154254668912,0.28967384264388124,0.9784395147597902,0.13755746378548542
0.2352758181639913,0.9155772899835849,0.021768096467283046,0.7325562671894496,0.022153725149358303,0.8863535485445979
0.12145563305884154,0.9956134192491659,0.9965246913433851,0.9837651453369803,0.024621784926152704,0.9865714818269797
0.30578666357228335,0.512816109445215,0.1418746709682398,0.1330728332961472,0.13148828108753377,0.12140933183037274
0.04429813636788668,0.9947686346198806,0.9997403614162985,0.9562575021966433,0.9946065586724697,0.9329061308106159
0.15977059616171393,0.9811178863383571,0.003281231795621058,0.007640665826615924,0.9825346410947486,0.9784529138370059
0.2912150578117972,0.5375130176009502,0.13568877816009126,0.12489934078490787,0.1283056972329496,0.11745702809521691
0.012428522120302573,0.7398056230725517,0.9999527366713233,0.9890256121847069,0.9999335077220282,0.9999023733466827
0.15414968203328022,0.9770722534139801,0.003557910264426019,0.01654730495221862,0.9776397193381735,0.9753795752975642
0.28804490047081216,0.527259408823811,0.39817087520024874,0.1285783121384997,0.1287176367341382,0.12186738392732868
0.1820987512685176,0.9717668223793621,0.004440468315133687,0.029033380152799666,0.9719876741612133,0.8927608286867549
0.07547978760335543,0.9957486500283226,0.9962330897177257,0.016489130019908538,0.9956103226273183,0.5597812124055004
0.2944637358157294,0.5333481167095608,0.13690146455026603,0.12387715360253575,0.12928690129297452,0.12319914083379574
0.14749244106715562,0.9915531210948889,0.9926696774003667,0.5469184579803019,0.0007858538570841885,0.9767929686139
0.08420104824152046,0.9964219885211605,0.9975658872132246,0.001574015695224796,0.9964867438053505,0.9036326362026135
0.18278276071783373,0.9718092458637442,0.004830742719885121,0.02509257677831175,0.9737662605057381,0.8911693335255575
0.08981041122863014,0.9940829333882547,0.9940010208854912,0.01684382947143963,0.9935902889584742,0.7824314414777189
0.18648668726215814,0.9844549987327702,0.9859764598728259,0.9867275895083419,0.0015158162000260672,0.8655401711899582
0.1025370900850628,0.9975004036792369,0.9977453325155597,0.00017664155790967146,0.9973489782703711,0.981334122304363
0.28770489626891155,0.527259408823811,0.39817087520024874,0.1265226883981427,0.12852714952310562,0.11941248351662351
0.23947496015631742,0.5210528584156916,0.39525605061569746,0.17357085574225345,0.12875537550670715,0.12115105556329864
0.12873333866663103,0.9933184319466232,0.9946999650045614,0.007405424237589645,0.9928027593626336,0.8226409983115127
0.26289550441592535,0.5315979514856622,0.13678587080925672,0.12438090086689073,0.13086235035183752,0.16539486789845104
0.09821036765826037,0.998373357939111,0.9983935605912609,0.0006485381476667502,0.9981324204644327,0.9662231108150239
0.3081357907734668,0.5065318882097712,0.14313620577649572,0.13163550591335255,0.13249429357788176,0.12409248720642489
0.09374617267211459,0.9983244225643746,0.9985420087387129,0.00819260429025751,0.9980590548227578,0.9698229578584641
0.1264734127453214,0.9947096065340423,0.9958024966413441,0.9743968967811663,0.01768098156543818,0.9700269325072761
0.11831778723674832,0.9168853269155065,0.929832602826788,0.6760312074601097,0.0805582869160914,0.16028546153385093
0.08555824822760232,0.9994149929862804,0.9995263521844981,0.9966112002277303,0.9993919958596011,0.9929464431531082
0.2985430931578585,0.5288284399007072,0.13812854159141932,0.12505927044291681,0.13005073854254362,0.12052580804367906
0.34535511024016474,0.5311202945241154,0.3037228884852808,0.12619579855079568,0.12790050307926923,0.12125647822267144
0.05803125715623584,0.9147202212938512,0.22232928851206582,0.35226834025605513,0.468485265149637,0.8434478528961726
0.03481741222751833,0.9817586932536705,0.9838954797611971,0.5950047832521133,0.9884997977157235,0.45631058825640297
0.0621502244216416,0.9995672537140576,0.9996580964474596,0.9851628197422196,0.999599281857053,0.9993837263973583
0.09734088982662745,0.9976873101880345,0.9979315848960877,0.9969683670479018,0.005309535640913432,0.9966057137456562
0.19034719362078054,0.9702447180269897,0.9763155246244808,0.0961864433697792,0.004718313304101418,0.7086001300941797
0.0735475192110238,0.9964774824466189,0.9988335705837669,0.007649249439333197,0.9959322455924743,0.9472351800496505
0.057503838000772425,0.9480297901949879,0.18100592015459185,0.9008110154791691,0.2295999646062645,0.8713170371639716
0.09008947265918278,0.9985438766726676,0.9988463392874362,0.004959089878196498,0.998465810617819,0.990914747769492
0.18045650764910373,0.8456086953663023,0.036048873179524626,0.07048653637783658,0.051356173976174306,0.8714878786207634
0.28513635796180237,0.5346132217757776,0.39058112765233993,0.12299164238309321,0.1259789866174315,0.11947396643706701
0.3568665865491463,0.5057547619374237,0.31257607677529164,0.13180939147363716,0.13106276952507806,0.1247615422632289
0.15890790641936497,0.9775148069532484,0.004917553352831769,0.023143403514253532,0.9773378200937389,0.9577123832118304
0.06358102445756048,0.9976159318814746,0.9990880147476703,0.000600671938609978,0.9975534873841309,0.9783097776517325
0.04234512296283391,0.999129902493579,0.9997499685476657,0.9794546071373431,0.9992031485005315,0.9990029535581367
0.29272669221832653,0.5375130176009502,0.13568877816009126,0.12744204196680656,0.1292339018315259,0.12387284445871026
0.03224966972666786,0.9994763404066188,0.9998349110817526,0.9993658559900822,0.9992855206809855,0.3687295392471081
0.021109776499509923,0.9993273925815453,0.9996195773223254,0.74856954013169,0.9989091270749146,0.9889367436134119
0.04206912724747284,0.9977437218882411,0.9992990358710081,0.6175198929398745,0.997296363961661,0.9306535773258385
0.047840447861124895,0.9997974436479885,0.9998358789077928,0.9996301029140414,0.9997359587215624,0.7348622380310212
0.014946014396725852,0.9968737004246052,0.9995940259083964,0.9786626915697019,0.9975287741410057,0.8749600403735832
0.15806960974951187,0.9649660689949829,0.0002583956566530607,0.9442487925276914,0.0002796431372539898,0.837879425190854
0.16982274638094136,0.9262166380983544,0.0005723879865441198,0.8356584518713304,0.0005996023720100756,0.8931765181347672
0.034245176604654294,0.9989791749528385,0.9990312178140689,0.9653233891767536,0.999630723736295,0.9791443528622553
0.18181555028874896,0.9270738539850654,0.0004917051092290264,0.8215738368004964,0.0005891426387152648,0.8726572203762442
0.04041047885888253,0.9996054008395255,0.9996603110266701,0.9995252046754554,0.9994753267058992,0.9056270648557111
0.05194275025708947,0.9997356058290092,0.9997662444661698,0.7660339003241442,0.9996478191952387,0.9977576546887855
0.05675888044524505,0.9993696330279773,0.9993508170676978,0.5667368983987363,0.9996711599988385,0.995682126058684
0.15133990379595855,0.9670836152858566,0.00018852289236494701,0.9483156959982191,0.0002514320758410484,0.866975166278308
0.16554428277490374,0.9858092901286709,6.110735685193305e-05,0.8720840562376962,0.3291451193918091,0.871640151230224
0.20155307734829303,0.9059564424650315,0.0008368742224796925,0.6304596398718985,0.0008693185692035916,0.8664793729137741
0.059260761419000704,0.9987921135713813,0.9985879087874466,0.8812478184191932,0.9987828944018149,0.97263771841356
0.1949398590819567,0.9260194677087799,0.0005174403214210378,0.7037593167654632,0.0006072185956904165,0.8182289036344492
0.04935703937614154,0.9985998277523319,0.9995271569317412,0.8173537669327594,0.9981879861420381,0.9709563015017616
0.11519831404554406,0.9924041770539807,3.02919712389231e-05,0.988857027790156,0.7457858302076502,0.9882984850563349
0.04898025535851982,0.999295297353268,0.999701003947967,0.5984745317888427,0.9994891809768184,0.9898124917305468
0.14972425023415373,0.906829344610915,0.0009833590994037156,0.8129556579802221,0.0017092455055041425,0.9075770495226729
0.04391562771724615,0.999004902830159,0.9994727481179596,0.996849033178832,0.9989724680025157,0.9315209911640805
0.04374069907765605,0.9995785090626422,0.9996519121760334,0.9994788475158888,0.9990931899948959,0.9745729766007296
0.210317968414437,0.898383820004975,0.001268360583093249,0.6561726814582609,0.0011315203361960896,0.854524263439466
0.0985077957198249,0.9966489305948933,0.9993260616941154,0.9965840970877631,0.0006479814854978285,0.953708115425416
0.10399437376333345,0.9912129856597953,0.9915337852655342,0.9906892626366991,0.00027978921623888456,0.462424205936227
0.1875690790360487,0.9625710718945202,0.965697869889932,0.7617954138219611,0.003427761660538367,0.017738304588596925
0.2093550566803391,0.9473850374244954,0.947383179640802,0.6398484289073606,0.15600436827023054,0.1933699620638459
0.100033367870167,0.9791865564447056,0.9802453902182322,0.9245110839467635,0.010204884202602496,0.06825682445441454
0.21021014199556728,0.9767024836138839,0.9780170372679785,0.011907850389486626,0.21364426405062079,0.9448154601759223
0.1798237611338099,0.9541159177312382,0.9886276880028223,0.8291950707112398,0.004560525425448173,0.022073977405797907
0.1580211638536227,0.9474546733850142,0.9654419930500902,0.7886728134007438,0.010121728360353778,0.0351980838906562
0.0937321308452835,0.994405764666432,0.9941260856166012,0.9937727835323639,0.0003042776982616768,0.19078291506761164
0.13688274824629398,0.9932580438412101,0.993825023654404,0.9797199217835608,0.00046613021647366103,0.2818509144267178
0.12194676820251858,0.9883333355322093,0.9915290132451791,0.558890159601728,0.0006268396956188634,0.4857849695029119
0.1485096465018843,0.9753061806675821,0.9769028295556743,0.8769677726867473,0.0014220388242543267,0.009426816082204286
0.20077072077237657,0.9518987120039665,0.9536230377988545,0.7365627696391555,0.00875046727288608,0.011738449778616392
0.1285251218432456,0.981346262703231,0.9944901142299682,0.4409664800958288,0.000827693815326338,0.3537654019798858
0.1566734372691607,0.9852253140127212,0.9859034749807265,0.9515169722130588,0.020515590202009628,0.2017111114501119
0.16062423263066083,0.9867415087907925,0.987622687399903,0.3344479507783377,0.0009676737186361568,0.6218347291641052
0.0866114896899114,0.9962426352865088,0.9964886505369501,0.9932468913054037,0.00017608913971298547,0.9895732062725017
0.09916318527792038,0.9935883469619319,0.9938369608312259,0.9944005015105452,0.00035319648371518,0.5150789561492931
0.09696751474475584,0.9932009158465118,0.9936963048623758,0.9798625618825111,3.34670552430996e-05,0.8342169522169043
0.1399740454234984,0.9716182493194814,0.9704101878133083,0.9118025668405862,0.004528646366168103,0.02139302981659829
0.10086235561946141,0.9656916397045374,0.9667860852108835,0.9046655111454739,0.0285202012880345,0.011489136950929553
0.1640245481919135,0.9813231819802993,0.9825415085221505,0.9379783256767251,0.0023347601617868846,0.05144159558685034
0.1345145795147068,0.9337655200223693,0.9106048020579077,0.22729963495050834,0.00972211774234725,0.021511134622267277
0.21636440328186526,0.9181631942010189,0.9205937732425222,0.36807637171321694,0.01157693053511437,0.06600891511876932
0.18426504760785783,0.9750099993769684,0.9769140732355361,0.9155026298252524,0.039787842348659494,0.2257912996447143
0.14066085902507067,0.9935465858468921,0.9926693465605525,0.9870019522772402,0.0037285980321185796,0.6792597600571249
0.2466245241301203,0.7438816432619351,0.38397267760142734,0.37489501472939585,0.4360675385735276,0.40067567948316096
0.12288679065797824,0.9941919132099357,0.9945806466347854,0.9929307356147374,0.0003476928162174146,0.35148641904951117
0.1636688983734902,0.9863417039473623,0.9962768042078954,0.6249900790186041,0.0005287341327752838,0.17955339557817526
0.07886257064651066,0.9873273496139533,0.988102196103569,0.9933942094247468,0.03476549601492755,0.11610289632049246
0.15062318583406573,0.9923538875732089,0.9969703907747137,0.4157475301031406,0.003788361964361879,0.7164893290839602
0.12041761843662219,0.995886193015752,0.9962279079903673,0.4788157247092654,0.0020576932318908145,0.9922951612490309
0.11994640645756115,0.9947585924000376,0.9951036516101699,0.9813748150732902,0.0011791187969512954,0.8662270344463279
0.10118538892767964,0.9872293459646456,0.9932033647847996,0.979188558187334,0.0005203271194045578,0.6878174950763057
0.18221574012619762,0.9561901398285988,0.9597480982779761,0.22181658779303381,0.3594505666593488,0.22974128572327934
0.2041745351840874,0.9220112903832464,0.926932380088097,0.05399026048300076,0.01925582873383596,0.08291268081204616
0.11707432148476946,0.9888506505420355,0.9967032434658162,0.7074320460881705,0.003235827830627591,0.2916238008787495
0.10925822490903289,0.9766589439888751,0.9985369867718111,0.988262139133656,0.003029481155055824,0.7561116169171973
0.22346882184290479,0.9811814745124277,0.9827514931584308,0.5027191733181052,0.001565959578576738,0.6635338782209487
0.14797563471336034,0.8805628251249972,0.8895014940178364,0.07644093946439091,0.035013670053584585,0.35800468899984683
0.11732123152819061,0.9954700644570627,0.9953484555530264,0.9942299838245148,0.0002605589558688933,0.39606187629957024
0.11036627408070451,0.9672128739790292,0.9900551888290647,0.5985078484502875,0.012414175075622322,0.0763373001422682
0.10354368277359693,0.9944806860867187,0.9947822211336498,0.9794233625039058,0.0022076778698102294,0.546472092916646
0.23771264618712176,0.9633467937830692,0.9663821374213576,0.6765506463347302,0.01297993203385705,0.045382152818299264
0.1953568569702964,0.9061236711872571,0.9132924419363008,0.09694887001505978,0.08571693005164509,0.07940254348271761
0.20673862760639178,0.9020357605698469,0.909575880459028,0.06701869033143656,0.09601690195862896,0.07135893734900647
0.14609710029367387,0.9892546536904515,0.9901483491625508,0.830316743417395,0.006922246123350209,0.8563158209408701
0.040679372673007044,0.9779478100292774,0.9754458702249557,0.5147546519811147,0.007880261160216716,0.4583756050228138
0.16566785290849356,0.988132870049173,0.9913806415758041,0.6846375194126825,0.0006977570220737644,0.19573320726787122
0.14763820601148187,0.8507521549769338,0.824579619228071,0.06643675396413967,0.12439694583139983,0.07306803877114221
0.21466794518609225,0.8874044625871749,0.8940880771000012,0.04197089218464497,0.10599749127274706,0.04347519535230887
0.14837680832679548,0.8479946154372302,0.8548099307299051,0.05848796236873779,0.24742918231846028,0.06514682271759278
0.08379013636780878,0.9878491729626219,0.9886841402811515,0.9604664589054188,0.005304483994017539,0.8985574937357631
0.13858228050746224,0.9974024806960061,0.9976150665314448,0.9969491513238022,0.0003413485222506823,0.8335240077633677
0.08411689915224678,0.9846522480000878,0.9898493541011928,0.7666979406668144,0.0009269810757611192,0.19782224697314876
0.11325802792976535,0.9886934926586315,0.9953299594449943,0.6165031357784493,0.0004067763406547488,0.7931361111941999
0.14820806611921974,0.9896690627407723,0.9905136359285481,0.62797524386043,0.0006320958110130122,0.15515480314469862
0.1338849084186674,0.9956131423291855,0.9959774467524543,0.8470462326451524,0.0005632630103417031,0.28211068983568904
0.1417373943869169,0.9911820149010926,0.9917645299241237,0.9221879186329924,0.001839055160037375,0.27094909439711484
0.07591295735811421,0.9940424911389825,0.9980941687916203,0.9938972475927899,0.006639799425588372,0.3978512069736916
0.14321219215281922,0.981382325213044,0.9965054123825232,0.9169674896715059,0.00030068008587775304,0.5065682127462385
0.09751937958174978,0.986699348987246,0.9875323674504036,0.9700788029544949,0.0008365226623334728,0.8281056915864241
0.11923318606722473,0.9849869609393803,0.9961141964866571,0.9745296410584615,0.0005600093185744666,0.7222701265656792
0.22060372047169344,0.8556237632063823,0.9624540774445157,0.03619973478450497,0.023406859960316717,0.09817163473368147
0.1411704142403633,0.9614263217971719,0.9961120063974874,0.9725793034175505,0.03475108970883434,0.030896847906769984
0.1549039505286791,0.9868554351685116,0.9967228267614968,0.8228388634791427,0.0029011997695519254,0.39023218825819567
0.08287830441708072,0.9988888548013101,0.9988677812691681,0.8016489224229486,0.9986625682776202,0.9942180074911524
0.06517368690881872,0.9995587751191058,0.9993900086280808,0.9156616751017224,0.9991048325116269,0.9975949246721024
0.06910488727060185,0.9967823871781062,0.9965233059481697,0.013627710149439982,0.9967079261349483,0.988839316268203
0.10192384465202496,0.9975342769956764,0.9961908937195227,0.23650066730872527,0.9955504661687188,0.9889387645574346
0.05201234701602105,0.994616146324496,0.9969933122990372,0.0013951022495417484,0.9936330414456928,0.8574090545963907
0.0768767764334674,0.9990633616873581,0.9988257138272734,0.8674012756679171,0.9987669607736103,0.9803296996289645
0.11080727493054716,0.9958284693042401,0.995728025916815,0.00016822836586385777,0.9930950294838765,0.9723847247507605
0.16900540034894967,0.9862826237051308,0.011779889092087598,0.04058038762491226,0.9848537160185998,0.7414819521110099
0.08380573338718332,0.998654281923882,0.9984378430404431,0.23723151531950112,0.9984214116112909,0.992478462584569
0.07744881738501128,0.9986482798415696,0.9986267539716219,0.10140128083384861,0.9983886108776893,0.9977939229070801
0.09212408363744275,0.9928009456709047,0.9914330068875549,0.0001519418813702159,0.9871773331092056,0.9861998611732413
0.08467687827544322,0.9987603911274651,0.9982057875364235,0.7593992118736836,0.998201452153817,0.9950528772165763
0.11051060469438835,0.995018007015466,0.9955745760626603,0.0003266025976697025,0.9939791728489927,0.8757707474426869
0.06016717548853783,0.9993736188360826,0.9992901832764262,0.8120421252982968,0.9992162832608319,0.9971880618237513
0.11452014148805532,0.9928202014153898,0.9932402202958135,0.028247923159552428,0.9920515545747717,0.780752572405339
0.05829099010005845,0.9997243629393325,0.9997331400934807,0.7660831092195359,0.9996177791665934,0.9977371626869321
0.09993193109495412,0.9957307048871235,0.9962156666622923,0.00010674047609955359,0.9947198932328583,0.9917692828335751
0.17103382667528347,0.9604431596995765,0.964656794670042,0.8316527552386135,0.005740869446580605,0.0019361746359261966
0.047158777135011896,0.9994871601236011,0.999501501731319,0.7625300734116965,0.9994207924153099,0.9993232113170822
0.06712911531587759,0.9978236601097855,0.9983350695732999,0.11151955544097164,0.997068260901831,0.9879667275231065
0.24332282367581104,0.7519451895988669,0.7697141082105607,0.004687311504121416,0.011417269250489864,0.004661525100876246
0.0801360632685548,0.9973384480478811,0.9973640360757821,0.8944246200905716,0.9962660923532518,0.9882515909542751
0.09268860120801595,0.9979624457498488,0.9978054831196415,0.6846398478799667,0.9978566227816058,0.9031160908835062
0.10553627320223062,0.9847823844636934,0.9985299615105355,0.039093145248468866,0.9847172656185409,0.8081644046677934
0.016711389184063986,0.5837838966336155,0.9999684566891176,0.9874778141366876,0.9999217246490059,0.9998956760762722
0.1387102283301762,0.97998301721105,0.9784056111315518,0.0014704528452093883,0.9750958287918055,0.753528708026449
0.09666258589367088,0.9928938533842608,0.9989036877326356,0.08032913031527139,0.9928242525156814,0.9425871989320916
0.025681315401191725,0.9983990797059814,0.9943045612595857,0.9645104333839112,0.9980989937947361,0.9983221276698586
0.0850157207437396,0.9992255768362025,0.9991866533827517,0.8674855966480595,0.9988890405359732,0.5143762498091007
0.027916561189945288,0.9983366185053811,0.9991778474307738,0.3655119194908172,0.998216339822997,0.9944668604148628
0.05943627471224039,0.9991915384068141,0.999609077358222,0.5458896948925871,0.9986907839394383,0.9954892905226504
0.05811740428664964,0.9991795031040785,0.9998162274080624,0.9990566662838327,0.9988967087044298,0.3682819638467745
0.06515920160042538,0.9990949731624857,0.9991510624636919,0.9334583592197173,0.9988581702404815,0.9967745815547892
0.05517876908241703,0.9993135207025803,0.9993415929482169,0.9991096646382635,0.9991423319993662,0.942347638523291
0.0798539777209352,0.9982821478909732,0.9981655076490904,0.7957224513029095,0.9980224388500957,0.992871751925196
0.06279542250547569,0.9993172335241237,0.9990221295149669,0.9134650456971329,0.9986967189017658,0.9971008942342912
0.06813110715265398,0.9992366555824805,0.9991458798162596,0.5896853015766959,0.9988789715188171,0.9879136800613517
0.059433451725050955,0.9985441119442999,0.9992511135973101,0.2143852993203565,0.9983602325242023,0.9822146344649959
0.05788978989904387,0.9981315590176817,0.9979611508756716,0.5376226698439096,0.9981228374763306,0.9946187809933537
0.07007937847651247,0.9989130672925821,0.9995090756539563,0.9813915275194991,0.9989096975049969,0.9987549333523087
0.0982045238174233,0.9961929320064196,0.993872473979792,0.23486784729356694,0.9934583120047548,0.9858581498386145
0.09996939793723328,0.9956190301484231,0.9958880400231642,0.9849375223384562,0.10237297304543229,0.9874519947797284
0.08069355922468324,0.9970547828077401,0.9995639361712662,0.22455448785897864,0.9969708041662269,0.9923178418950523
0.05963441184728211,0.9991274195525423,0.9991389649933354,0.9816350181902477,0.9990711773215936,0.9987323137958991
0.07607908865004098,0.9910892746492137,0.9996904110959443,0.9688642087369506,0.9903916723901273,0.9170245126826847
0.07322101045584857,0.9974427146662747,0.9987222774504031,0.9708562048606267,0.9963586612045229,0.9827368430772736
0.04346297200467691,0.9990427333486407,0.9988138864346213,0.9860282436121595,0.9990549016929883,0.9989785557046112
0.07842845749368511,0.9987145498430408,0.9992869044721485,0.8583698165217424,0.9981825845009056,0.9290421870039011
0.07462261904939335,0.9979061776389432,0.9977717099129088,0.10123154863951933,0.997612649660815,0.9970431790704836
0.04066126555545183,0.9996454945166375,0.9996545193058839,0.9995556281644221,0.9995362436512321,0.9858283270402237
0.05899373333179205,0.9995506760447752,0.9995780776376229,0.980698355557954,0.9993309673728001,0.9867161980103696
0.050735994316621055,0.9982611674174747,0.9977687565709475,0.9943562217107553,0.9982925128301828,0.9923849865006253
0.07203990187314607,0.5872261349750291,0.9999631363129542,0.992610393659855,0.9999322641317953,0.9999202626105577
0.06439414370310763,0.9987358106510739,0.9985804954125093,0.959186681147932,0.9994422488758131,0.9980659391689466
0.09095183354324854,0.9959588352927354,0.9991995728455555,0.5633634984615358,0.9960361639855451,0.9659947552161341
0.05050082101002502,0.9991649119847907,0.9990278371907133,0.5762471189789186,0.9995465048193314,0.997976839623393
0.06257176524341689,0.9989095474139829,0.9985688006955643,0.9321835705782714,0.9987170161121501,0.998555466286595
0.08094813817307944,0.9980528902389505,0.9996247304540548,0.3413332251369212,0.9967877970375881,0.9630118488428299
0.07407145254422251,0.9985512956465161,0.9981056967826655,0.8632288113111424,0.9981806218497866,0.9775250239347569
0.06536337575339943,0.997947452696726,0.9996758564943815,0.9793020142479705,0.9980525648629871,0.9980725170926772
0.06407002388895215,0.9988479995440745,0.9988907085466564,0.9393251325186847,0.99880615050627,0.9981299296210621
0.07156098956900404,0.9980969394565993,0.9981158395275931,0.28383426128411965,0.9978225337175174,0.7706318998408235
0.07275400632937894,0.9974019250547642,0.9974773976596265,0.9943261977787256,0.9985277796429357,0.006541046015440677
0.08074756371834685,0.9979200320735437,0.9974735940532655,0.23630458000889126,0.9976657115301542,0.9902955607660804
0.08379683176515587,0.9983821781824118,0.9982533882634249,0.1730795899230051,0.9964737679319357,0.9913237481839755
0.06407659350771136,0.9980067123999764,0.9973809176548811,0.8776434694001956,0.9978756362989021,0.9690635070751252
0.07635650029391697,0.9987937653976967,0.9995291378627623,0.5434566637471455,0.9980653711926821,0.994189654124864
0.09189835912077128,0.9963734253173062,0.9974639719722621,0.7798051429055117,0.9957935706487007,0.8886541473162634
0.06781828124695573,0.9987695887457573,0.9988486037345257,0.8534244460621203,0.9984136850127533,0.9973994126545165
0.1229780172496203,0.9929211629611043,0.9926975796215095,0.9850812404064109,0.9889580458849759,0.059660123382575744
0.07061418803630115,0.9990129998731399,0.9996479341348055,0.5972461952823921,0.9992292856776155,0.9888845199641662
0.08664040930688306,0.9978897364612189,0.9968045325597028,0.8445033054976243,0.9937006252859992,0.9966311247312714
0.07094293747068114,0.9993052242876292,0.9993441785267869,0.9995016231723083,0.9980789324689154,0.9733649458737506
0.0780227496079819,0.9983971554066946,0.9993236678804331,0.5695698832114711,0.9964294450149547,0.8377713204564663
0.05634376725781231,0.9995499584866498,0.9995768266401389,0.9701978253264772,0.9992254025549293,0.9983359829627264
0.061285938606359676,0.9992603400786075,0.9991718327636608,0.8982330736410895,0.998975275436852,0.9888658182387974
0.09376176172354586,0.9965980253468112,0.9968049159461373,0.9912455501308421,0.06157612069507438,0.9910715746310607
0.08158691950618649,0.9980839254329766,0.9971040064345151,0.7399057552873801,0.9973443424057354,0.99374559354416
0.05712618240779316,0.999548794957191,0.9994999841583347,0.9918111834806954,0.999396144633451,0.9996488141323969
0.06847579420557542,0.9988028017702976,0.9997681565730648,0.5992887420972219,0.9981274583330652,0.9879493537946976
0.07581313225685883,0.9964804802311842,0.9992189737477671,0.4501173000214203,0.9957810450348797,0.9237525199079678
0.08790868716469574,0.9970053784816678,0.9971937825700314,0.7525059694115989,0.9954214122662525,0.8508420537133434
0.06856489840786718,0.9983863932309451,0.9984827775340434,0.9677242084673381,0.9981833398288897,0.9672278171333972
0.05797160456872356,0.9990189458352164,0.9988144775847183,0.8106548785212633,0.9988201542336606,0.9964950638517722
0.05362771866984825,0.9996662683253766,0.9995757839614453,0.9992550480998564,0.9995198778216003,0.9334976369590396
0.055956623087991146,0.9992639847899392,0.999218996827422,0.9866347557745027,0.9992690858650467,0.9991634487313057
0.09729460542303144,0.9944581953902728,0.9945062904963198,0.37652154930222537,0.9940975573693508,0.865051834938912
0.06783161482349648,0.9983707627178801,0.9994742704887188,0.55928736134187,0.9969722092316615,0.9913541568471795
0.05616388338926975,0.9995733563265267,0.9995668254577229,0.621411556297292,0.9994384409081186,0.9974360129403802
0.06137139691014254,0.9991015564217391,0.9989446569521858,0.5646476861081067,0.9994702809243192,0.9951486646962577
0.04611850712829678,0.998701935191478,0.9987760939416681,0.956816997691458,0.9985004744717606,0.9980450699241905
0.10477203466298071,0.9944788020120436,0.9938513718201936,0.9849174164213834,0.1081575284337262,0.9849061271683779
0.10392139755934122,0.9947157321837466,0.9950331386668403,0.9765367820427147,0.07561962004717417,0.9735222644787059
0.1018129687541561,0.995561227165023,0.9958309067266214,0.9855872121181382,0.06613929584792297,0.9856806227593976
0.07347028662326195,0.9992466822187767,0.9992935495740942,0.9965134113211731,0.9991033108007391,0.9925003875174563
0.06541519586813367,0.9984363683844678,0.9982080338353196,0.657239198796003,0.9965220589516746,0.9263536039415521
0.0707143049909908,0.9990497554630512,0.9995631900984773,0.3977170438443016,0.9986665716426065,0.9882830118729621
0.04543789795378193,0.99924497908517,0.9992353593106782,0.7616232054013768,0.9991770477994166,0.9991088541337602
0.06613032895238846,0.9983910163729903,0.9984894813125075,0.9911476931344824,0.9991668232726265,0.9915868951752974
0.053369428390014365,0.9994239507320113,0.9994605834031045,0.9846291964400727,0.9994153852913277,0.9992090567539218
0.09701924254899545,0.9965200757826399,0.9982292608948902,0.1110821721943647,0.9955639975511239,0.9849595241211679
0.06952895843238834,0.9989722044940733,0.9987729484966619,0.9984218404135705,0.6741347433007308,0.9983557330125629
0.06830811323514631,0.9986136462054997,0.998358039958948,0.9943903416370756,0.9983240671952467,0.9954801672229531
0.11581770626038113,0.9960720246428104,0.9959096858294327,0.920478892373787,0.9946191531316178,0.9852969613488813
0.08930628525653257,0.9968519066224978,0.9964267581835567,0.6769761138777975,0.996814779092838,0.8948388554262736
0.08852386001467238,0.9976719937543606,0.9978167349792691,0.8172927130230917,0.995487049666039,0.7479615289116275
0.09841382619615922,0.9935930470104558,0.9987734494326281,0.3696081437630241,0.993735232461292,0.9014588084633176
0.07245706931858922,0.41230009260767425,0.9999613809670809,0.9915608705588895,0.999929038843146,0.9999108089774599
0.12606863500347396,0.987295877129324,0.9876779826071904,0.7654824207290797,0.9868432439082442,0.04775480558091247
0.05172820695215175,0.9996731936286019,0.9996929156105684,0.9994951346652455,0.9995812156883452,0.7343881728700338
0.07584282438948485,0.9984669193515454,0.9996518509016422,0.9120216386143228,0.9975436558462436,0.9590967129074286
0.0818130569835824,0.9940422509886238,0.9994829305951533,0.9850650938488255,0.9968992785423144,0.9105749418901946
0.05726698075330948,0.9993394019064729,0.9993788439968293,0.4588189100438375,0.9990638852279712,0.9920586067792319
0.06479772027896918,0.9988465804568695,0.9988907638073051,0.9947714010874462,0.9986808557531633,0.9500504180932939
0.0556743915697667,0.9972875100393719,0.9947241402785846,0.9617399796330384,0.9968987989025571,0.9984819002653658
0.055542171793441994,0.9981102285903775,0.9981269486715283,0.9625193929506295,0.999618190448027,0.9785010168003037
0.07122665382185878,0.9983276985279863,0.9993473182317972,0.9956384579603871,0.9982793410833812,0.9277649447630127
0.06236865654678535,0.9991751098497251,0.9991903919690026,0.8573389775797229,0.9987208919002369,0.9883076315867607
0.06554166109133917,0.9993474640226956,0.9993600899185722,0.999561757690298,0.9991407032460429,0.9034742782222759
0.08655593806363654,0.9982134085287258,0.9988071549998219,0.4332610607924034,0.9977833032878373,0.9943318660243627
0.06786259180243555,0.9994945805381843,0.9998215435039158,0.9990356983402856,0.9994282649945901,0.9677623602995928
0.05312253221076465,0.9995649475102507,0.9995357043583432,0.999222581685482,0.9994403984365536,0.9794910205013078
0.09170666637268189,0.9990150788749149,0.9988312104075681,0.9424814897142006,0.9980638550547272,0.9556205510148789
0.060604098876602265,0.9988111967533982,0.999765075152937,0.978475070937338,0.9988340086982859,0.9987127827531588
0.08305462254831436,0.9977567731986802,0.9975167844690392,0.35461947516660525,0.9973771331579201,0.9365025446559406
0.07115739258422896,0.9979141537723537,0.9993392964837765,0.6954979301683354,0.9974020095150957,0.9676762062841722
0.057349858383992494,0.9988883694382077,0.9987300481547094,0.9114521348405518,0.9981542692905954,0.9805550442222447
0.06980348057491595,0.9975354848598849,0.9998116560163307,0.9835138672664503,0.9971710242137958,0.9983073404959866
0.05209776734284834,0.9977007374081127,0.9998862505025243,0.9412227432459781,0.9965874932644716,0.9957757369899523
0.07803556078984948,0.9988078580543575,0.999702093105905,0.7265850270618872,0.998187418152106,0.9785288506535502
0.044677204666247666,0.9927884340627339,0.999784588662014,0.7332396962017605,0.9942121424357467,0.9899793199848875
0.06064966939819161,0.9991962853076545,0.9998240895591254,0.9990837632655831,0.9989141859569789,0.3683383952623038
0.06799828870236976,0.9991273585550354,0.9991860674910918,0.9336603914876677,0.9988890675106784,0.9969179557217621
0.05758299331714177,0.9993381083207632,0.9993687628914372,0.9991491911698875,0.9991652971357846,0.9425240858694175
0.08333333892576895,0.9983448795491211,0.9982418311885536,0.7966104201142166,0.9980757489716148,0.9931240617823374
0.06553151609958874,0.9993422163882563,0.9990621227936022,0.9137445729628272,0.9987307139430386,0.9971935481467032
0.08886918085036476,0.9977969942748345,0.9977161476511258,0.8310138295225334,0.9969508653701568,0.019672924600338926
0.06686850970214013,0.9980706913608595,0.9974756051223699,0.8782288248835732,0.9980368837997482,0.9696368127737113
0.11135667300305155,0.9924664576909521,0.9929542605915487,0.047688170915416404,0.9901929673555963,0.017845209354188513
0.06041213749999381,0.9981933400294389,0.9980278036112221,0.5380136346854765,0.9981695275481487,0.9948150791620617
0.048755230191949266,0.9990314638352863,0.9992901681513306,0.9816165027856835,0.999017505904622,0.998864537553077
0.14999092266623837,0.9758681276780758,0.9774514894502139,0.22907545218952383,0.8534512700638487,0.21812090731519165
0.08420950229301097,0.9971018039607348,0.9995824430698844,0.22459013785876009,0.9970105541676568,0.992495687892559
0.0622327753224195,0.9991593100002675,0.9991751873434664,0.9817980187196388,0.9990964818723517,0.998793523192182
0.07939397210485306,0.9911581060632684,0.999703099605859,0.969046460853787,0.9904511085906713,0.9175000601573623
0.05094090868483512,0.9976959746571694,0.9981493486517414,0.9713514473285219,0.996676253254344,0.9833345235075277
0.04535672085671691,0.9990723740790153,0.9988611927808694,0.9861403915316118,0.9990773033433322,0.9990252260100441
0.04243293972812103,0.999657588919602,0.9996680674153738,0.9995748996199381,0.9995479100093001,0.9858793662813098
0.07787404187307416,0.9979817874331208,0.997863364848586,0.10125710423812684,0.9976763709862259,0.9971839493674849
0.06156418145399164,0.9995671178966925,0.9995958858217033,0.9807979678302164,0.9993488485529598,0.9868082902797513
0.05456380438627456,0.9988259654800619,0.9989676549059157,0.8592678541622086,0.9983182853679168,0.9300177390532282
0.07517879171847666,0.5872342808929465,0.9999647153851714,0.9926179258358787,0.9999337841805437,0.9999236639731162
0.07077322855808135,0.9988145306639663,0.9988971137049776,0.8536797902043456,0.9984562332395437,0.9975051987017418
0.035134146545711904,0.9992460329308689,0.9991205386894586,0.5763847581782227,0.9993329155636883,0.9980899297676471
0.06529811374501236,0.9989467369093793,0.9986209447640886,0.9324882272000511,0.9987496227735039,0.9986249843028174
0.08447517363958064,0.9980896510819378,0.999640781110759,0.3414502506224387,0.9968354350282043,0.9633113256464584
0.07729886019157488,0.9986042462299165,0.9981839474467346,0.8638553579145538,0.9982294547015358,0.9780500204053552
0.06821135903869202,0.9979843951063437,0.9996897501512375,0.9794642408432694,0.9980811506081226,0.998133645639164
0.06686165383493978,0.9988900699472637,0.9989374029540203,0.939536742334464,0.9988386946308824,0.9982096659634921
0.0676210570811534,0.9988804882287303,0.998928158215706,0.9948465744514862,0.9987106093284848,0.9504260465495058
0.07467901246519636,0.9982088236068682,0.9982309286692507,0.28407465271270105,0.9979214408953604,0.7711147842604198
0.06839741254430383,0.9993683010481625,0.9993834830629088,0.9995819711775491,0.9991610082687437,0.90381397258996
0.07522246566356648,0.9974720259614994,0.9975532789373752,0.9944907621512813,0.9985661269826879,0.006544872491411367
0.05984868033449453,0.9989247197543356,0.9987707541332088,0.9116877981514298,0.9981988532635049,0.9809952189013704
0.06404544350857044,0.9991273621129052,0.9989725968304749,0.5648170631002433,0.9994830878384139,0.9952423378054271
0.08744798921344948,0.9984412885880785,0.9983267696142483,0.17317922793816135,0.996563913033427,0.9916284950672754
0.09590251263495325,0.9964792469851956,0.9975594254665765,0.782749232672326,0.9958871355376947,0.8894426472126876
0.09494891858512051,0.990883102127561,0.990639054922691,0.9713014118767935,0.9856737764223074,0.01342302549939689
0.055437163027561256,0.9995808643618721,0.9995552393367758,0.9992563362511456,0.9994553952132949,0.979615974140288
0.0736909573266546,0.9990337633155709,0.9996596799389027,0.5976146036977361,0.9992436213685609,0.9890171077997366
0.06027697721516673,0.9980090770600415,0.9969846141130757,0.7839870345006383,0.9939395612819069,0.9968207363647589
0.07403403088189542,0.9993277625171799,0.9993685390047247,0.99952234313989,0.9984212210805712,0.9735532010462555
0.08142232137420213,0.9984434725116687,0.999352427816318,0.5697322232274102,0.9964956248455465,0.8384830375531451
0.06719989605024891,0.998772944574453,0.9986216254317143,0.9594073353855286,0.9994575841329857,0.9981456652874462
0.06395626165443605,0.9992868659702207,0.9992059445392417,0.8985697276321207,0.9990027481279791,0.9890535146537777
0.06202305905712614,0.9985847063051877,0.99927901436763,0.21442100478545756,0.9983951501037203,0.9824240647863107
0.12070547240213692,0.9884422647659211,0.9892023675712771,0.5255288806097675,0.897073518641274,0.5275920587355772
0.0851417876624574,0.9981538655504884,0.997223705901564,0.7408776474047412,0.9974157084441361,0.9939906074786168
0.03974350563358257,0.9995952085137948,0.999547971538845,0.9919664891523884,0.999446890925069,0.9994955869048672
0.07145939037233966,0.9988253001799015,0.999777968061382,0.5993826473101256,0.9981544769957129,0.9880416764046619
0.07911642758064638,0.99654979353033,0.9992510480555148,0.4503288753235197,0.995847138761106,0.9246178973294645
0.0917390045066523,0.9971125333416833,0.99730947071148,0.7538195490305997,0.9955414831412603,0.8520424342165523
0.09570246753761426,0.9990444015428614,0.998864117230802,0.942590519837874,0.9981038404304573,0.9557698070717622
0.07155237698241484,0.9984429152586519,0.9985439198639172,0.9683330514776329,0.9982093618082958,0.9678220827173977
0.060497516961256756,0.9990528206111036,0.9988578453474366,0.8108637421487755,0.9988505925367812,0.9966142715342652
0.05596436124131393,0.9996784859104068,0.9995935372686648,0.9992819675907731,0.9995327167160658,0.9336777701519813
0.05839473962372908,0.9992903436903123,0.9992511189913956,0.9867539873059727,0.9992890069324843,0.9992040546565901
0.1015338817272318,0.9946561046649505,0.9947319724597143,0.3780047865759254,0.9942547373834616,0.8672787814154523
0.07078714309915589,0.9984075590338425,0.9994938940929706,0.5599201995515126,0.9970109591618616,0.9915071984477412
0.05861103057660643,0.9995889763451196,0.9995849092895087,0.6214768725285267,0.9994533825618253,0.9974925015414252
0.048127961749177564,0.9987422524301299,0.99881961162889,0.9570167889669765,0.9985357091256766,0.9981314368487627
0.1336193275218179,0.9849802909070698,0.9842529245644825,0.4006930995842139,0.939083527302409,0.4194012810216288
0.11170401322342456,0.9926618260835692,0.9931416932028354,0.6331352627916863,0.9663259255040865,0.7193091154923295
0.12981904454589174,0.9879025087541685,0.9886977031096158,0.3482934936677357,0.942073403242039,0.3516472034373221
0.10420512573967225,0.9949163344599702,0.995249477470755,0.057050604731899365,0.9937084180241194,0.13337429177213167
0.0949147454753846,0.9960483102810128,0.9992339463876324,0.5641558766189525,0.9961037945856421,0.9667358075179434
0.06826543703590102,0.9984815473687811,0.9982588549782033,0.6573976399769818,0.9965818530439375,0.9266307115036923
0.07379543653176726,0.9990780684039605,0.999581138038348,0.567529547257998,0.9986967063951087,0.9884380498186381
0.07968347100272714,0.998825157890074,0.999548254346965,0.5437049282394419,0.9980957087439557,0.9943284970348738
0.04741769738120778,0.9992700280727493,0.9992642951050064,0.7617598035861008,0.9991973542993844,0.9991490653472856
0.05569481685486083,0.9994450097896324,0.9994833287791025,0.9847171623136904,0.9994313479415597,0.9992468200861305
0.0725584425919323,0.9990097784717857,0.9988243677934189,0.9984938422038477,0.674674315048426,0.9984349039046156
0.15355549406181412,0.9673975150594258,0.961510423140707,0.010224548082438448,0.9792520642799115,0.010687135024032084
0.09319749810700942,0.996966680937204,0.9965765081650056,0.6781206380826809,0.9969015119841728,0.8963802678090065
0.09861631937602817,0.9964160135732434,0.9966581012979883,0.7911070349377795,0.9947873053676439,0.1848737468001476
0.10270186867893637,0.9937333072816187,0.9988261009187648,0.37026822940031057,0.9938409442525078,0.9030480059566084
0.07561413579415188,0.4123058119762645,0.9999630352275256,0.9915694605753842,0.9999306312650132,0.999914568308439
0.053982084862828995,0.9996851557873392,0.9997058805582936,0.9995171267169287,0.999592259021687,0.734471408800256
0.07914741344537311,0.9985016187423803,0.999666350262573,0.9123143724267484,0.9975847598040709,0.9594091720970982
0.08537777829918632,0.9940843385830882,0.999496643661358,0.9851303187934298,0.9969203051555353,0.910872478592572
0.05976219159737478,0.9993630683365995,0.9994044777612129,0.4589139134125594,0.9990881471496555,0.9923658521410046
0.057962230045839475,0.9981312880508517,0.9981497890226654,0.9626967076839767,0.9996280139847014,0.9786126859112436
0.08426585984591473,0.9979959425770552,0.9975783646860772,0.23644387801086497,0.9977286397099664,0.9905996757216622
0.07433010919291073,0.9983758202481442,0.9993750109634503,0.9959809079590761,0.9983175253557796,0.9283116938345686
0.06508615528861188,0.9991991967200106,0.9992164798633797,0.8574630637458828,0.9987649287427167,0.9884322735916284
0.07081946979293496,0.9995060632961698,0.9998280022316993,0.9990819361181116,0.9994359591846604,0.9679942833153706
0.046623859511662834,0.992844774427396,0.9997950167716051,0.7333746796859333,0.9942492397076972,0.9901637053976068
0.06324471311402981,0.9988375916251939,0.9997751692294595,0.9785923383650332,0.998853957658884,0.998760486455141
0.08667344079412048,0.9978386671677675,0.997621015138573,0.35493327591459567,0.9974481754022065,0.9372687268601142
0.07425783013613042,0.99798674767072,0.9993782770607132,0.8148528089024675,0.9974712262184366,0.9681438818885386
0.07284492608841922,0.9975612198941781,0.9998192866964001,0.9835544272439405,0.9971933755859093,0.9983505830830806
0.05436774757081686,0.9977200728673088,0.9998911270920992,0.9412959898737706,0.9966097222827078,0.9958617115857
0.08143569075906035,0.9988304725628518,0.9997130078052123,0.7266792603425347,0.9982146650264885,0.9786808430778355
0.05304706842561747,0.9993845010743204,0.9998621642234378,0.9992941239765537,0.9988573508232385,0.869487378780643
0.07451312166909398,0.9987334209426938,0.9988118909013298,0.20774124443211278,0.9981160735576933,0.9941363183213188
0.05517876908241703,0.9993135207025803,0.9993415929482169,0.9991286807148819,0.9991385288340895,0.9671946866848729
0.08529581006960002,0.9980678312748594,0.9979366692507862,0.435753312119293,0.9977658667531154,0.9894374718440002
0.08973439095902508,0.9988190418586166,0.9985858582134968,0.32743833859198784,0.9981166642240522,0.9915697597015536
0.0684818253973666,0.9993456334268287,0.9993298216303553,0.7247106476841034,0.9988047626391238,0.9832843811931922
0.056625804284339325,0.9991871581928521,0.9995835975216549,0.7818382871997646,0.9988731630633455,0.8557726078064488
0.07329636649560302,0.9987683192253218,0.9988474156465244,0.6087927162851621,0.9987481345957386,0.9910861255547191
0.08651834490406281,0.9978284948651218,0.9990186330848226,0.05628242270500834,0.9978134306742432,0.997015589731374
0.08773315647365978,0.9974587297413916,0.9969676939521139,0.9139916293816274,0.9967462610805548,0.9707744919060982
0.0898629138665884,0.9974918795132846,0.9976461604872938,0.9896613629610965,0.813258950396659,0.9916272156931697
0.06120363383054811,0.9935100291511472,0.9998154650326366,0.8628459341455647,0.99459479923298,0.969969952740384
0.07749349993187717,0.9982563605707566,0.9982794114736254,0.05631578266791987,0.998135712897812,0.9970906764121543
0.07385186372794891,0.9980019940961391,0.9994755359118528,0.931521047528323,0.9970100642999483,0.9327541556267404
0.09707175517386614,0.9955545936201554,0.9981528587436853,0.8600717822778334,0.9931674094460576,0.7598642896401209
0.07617426514863516,0.9983445370418175,0.9979271892710824,0.022659765642534795,0.9983195119620109,0.9977849018503244
0.08742078734556448,0.9983287818134162,0.9991562052309605,0.9661954681319057,0.9980772672470294,0.32161453684738983
0.05315480526461094,0.9984515826647066,0.9983470876827287,0.9409117326912307,0.9982353901224792,0.997352877119798
0.04066126555545183,0.9996454945166375,0.9996545193058839,0.9995444575528418,0.999534311606407,0.9730978178760022
0.07028466922368924,0.9989787156027047,0.9990403082439498,0.0644631146915159,0.998754900964012,0.9904969171983532
0.07610399147493126,0.9982611674174747,0.9977687565709475,0.9971311641220683,0.9982857468192122,0.9923958253225263
0.10410705210166502,0.5542435715834333,0.9999177693520704,0.061326277056700504,0.9998483480352571,0.9997882666296218
0.07890585489308043,0.9979473141727186,0.9976953497088669,0.12463623994890372,0.999089846237462,0.9958322299452463
0.08764480160555574,0.9875708442843785,0.9994430725627996,0.9884221990650267,0.9876454478643555,0.5214043869646846
0.05513192122492778,0.9993235613193103,0.9992807808598422,0.42060038814206446,0.9995596901905045,0.9927698537317992
0.09723367059825105,0.9985465915096573,0.9980926441961832,0.2034487342371184,0.9977663955583156,0.9980872465078484
0.07054145230700709,0.9982473116109195,0.9997409824313765,0.8764071945510256,0.9980973800839711,0.9066803590131114
0.08351914106183496,0.9982266530285964,0.9980928979414774,0.966057729519287,0.9970119821670068,0.513685449758952
0.08323915871112422,0.9959033140351858,0.9993519230586935,0.0560655984612944,0.9961032689222711,0.9955575542726472
0.09738411239017297,0.9979887610619136,0.9980619278594741,0.26079784225753594,0.9979254024324216,0.9956078009926246
0.043618710201739345,0.9994356612903038,0.9994370367108188,0.9971020763260697,0.9991220431344553,0.991614190216089
0.0639617055084608,0.9986992728340516,0.9987371059400582,0.9971736129551881,0.9992601676557652,0.32171933419206034
0.07584768602554615,0.9988103864600205,0.9984206137755351,0.9198771149810361,0.9985355576440037,0.9757148889082331
0.0742375349785172,0.999136509776401,0.9990677138475919,0.9426961983702384,0.9984028834940684,0.9773473281915654
0.07886465810667072,0.9981802011801242,0.9980392509473378,0.9382918979245245,0.9981393079986421,0.7041863442901253
0.07481040905236708,0.9990718688727191,0.9996377589946823,0.7540820446124188,0.9985072911948627,0.9827319582689913
0.09752293256481691,0.9950297772629213,0.9969875692419784,0.8932962531181672,0.9942452009603021,0.9249731368177067
0.06789583532306197,0.998605567185235,0.9986917752967426,0.3928152073908921,0.9973315847899772,0.9939203808952887
0.10696991348249438,0.9934064424119133,0.9932472932136355,0.3295575969127599,0.9912554243535625,0.8294806502513214
0.06934017716954799,0.9991444873045717,0.9996948619263379,0.7206564175474521,0.9994896265148978,0.9696724002225918
0.0909250768083497,0.9977985357295436,0.9972688038877591,0.5007274783656859,0.9962331199041984,0.9937692805248945
0.060034815203912684,0.9986000083036858,0.9986671693416257,0.9987268353253776,0.996141243519006,0.07861514391140209
0.0553752022489227,0.9940883895643505,0.9996065335232363,0.9366720584464179,0.9844853675485585,0.7347449076927264
0.05634376725781231,0.9995499584866498,0.9995768266401389,0.9691938617808378,0.9992221289845996,0.998359819648734
0.0688243063351796,0.9986919698461257,0.9987472697380398,0.9652107587936919,0.9979690032948704,0.29556555808028817
0.08377751959473548,0.9982961143855706,0.9983999017488643,0.9938049163280467,0.7491509042777846,0.9937788648058512
0.08631029324410462,0.9978449322709037,0.9971084085786982,0.47715436642465653,0.9973364647793045,0.988331788039004
0.07590360161311209,0.9989049221883626,0.9987865425958496,0.025151514530231095,0.998619027617098,0.9990200207317018
0.057522950163037934,0.998518370786715,0.9996963399362178,0.5645758891077042,0.9982539279055054,0.9742477816018649
0.06607175920135533,0.9939703152607097,0.9995203193236571,0.9925536946907186,0.9912321549148648,0.5511820994661726
0.08406265553919502,0.9971120203785399,0.9972981836576852,0.9691997939366761,0.996589126874388,0.5469894724272859
0.09479350639213262,0.9964616794865084,0.9966814203626342,0.7450602029624702,0.99587978171819,0.41461693033010893
0.07333651403227116,0.9990731847894964,0.9990553055823089,0.3104522726851808,0.9989715946897579,0.9861764721067862
0.061120080733100185,0.9993744357843519,0.9993140132158995,0.9990752306228858,0.9991576101575015,0.12565240333968816
0.07450309413831174,0.9984241500921575,0.9983279142350857,0.04150226907697513,0.998428005071305,0.9979422740263705
0.08937072870786869,0.9949360803382572,0.9935027439673507,0.9725381529130368,0.9947767473085836,0.8611575045232485
0.06313693631873887,0.998621068975771,0.9995551159691212,0.7441124100121248,0.9982008278265456,0.9811395676219165
0.04802319248222532,0.9995517541209047,0.9995420436841467,0.5459648391810736,0.9992245899939665,0.971888400840655
0.07261101353645455,0.998494717150071,0.9969166765057292,0.9711278282655323,0.9986959821675885,0.13384045199014027
0.07748662022200155,0.9985284189974816,0.9986229001570187,0.07440355143979259,0.9976961683275578,0.99602547977352
0.09483588593455124,0.9963124147118719,0.9958924960419324,0.9899967360532433,0.6269851446272007,0.990053888100053
0.09179613325624551,0.9973508667270248,0.9975103865510329,0.9836628131021351,0.8511068582136334,0.9807255440864973
0.09134980011611994,0.9974587240314126,0.9976133967130516,0.9898640910123524,0.6058405789270406,0.9904387833397024
0.04898019108217484,0.9992466822187767,0.9992935495740942,0.9947958020199434,0.9990996205866726,0.9925792467401011
0.0868253874673008,0.998820530706745,0.9987355546446127,0.6950726134406028,0.9982962501711171,0.8328817714396759
0.05889928674717025,0.9991391690159453,0.9995863117590724,0.7466122480554351,0.9989811926025192,0.9666591219991781
0.060332895467883084,0.9993147970035711,0.9993057874839609,0.3799280403542372,0.9992447518508941,0.9991096736315893
0.06613032895238846,0.9983910163729903,0.9984894813125075,0.9912883130940945,0.9991633106524669,0.9916815166325169
0.07084813447252918,0.9988485647474545,0.9989217484329981,0.05156982045617153,0.9988261728565552,0.997849150677854
0.08440581230744565,0.9983730157482202,0.9989822694688839,0.9626673292390052,0.9974668661600766,0.9712182880998322
0.0691444369283024,0.9988438785878799,0.998776730811501,0.9984419707407984,0.5775180453151022,0.9983873486331292
0.06830811323514631,0.9986136462054997,0.998358039958948,0.9929160835248061,0.9983184467436973,0.9956799277972984
0.0985679731218601,0.995210641559662,0.9949293881620107,0.23722663406222325,0.9940161578749641,0.9844398083526477
0.07574077443967314,0.998041035323447,0.998025440572627,0.9847661006275061,0.9980093870560697,0.9027881619885523
0.08078605661998763,0.998407028100454,0.9985061378029902,0.9676580005002566,0.9941499567154765,0.897077178356514
0.099872709632453,0.9905202900147221,0.999560604624787,0.9942686322033656,0.9906173109017139,0.8106496722211336
0.1045419600302204,0.4447343434414491,0.999913853944257,0.06947287357745326,0.9998411276604268,0.999763187857764
0.10791749703087994,0.9924324631843067,0.9926612225086002,0.9108129947964364,0.9921262667206829,0.6563555444845833
0.052610656523339266,0.9996498584898245,0.999670988228065,0.9995540179435782,0.9994363651904246,0.5876631632663732
0.07191561989703951,0.9961316511234154,0.9990596980007964,0.9050670789128055,0.9954351362203515,0.7648299082976815
0.09275192341822733,0.997706920416156,0.9989704868876451,0.8233328456846021,0.9984828582144308,0.4379744198568345
0.0516288211731736,0.9993531445312267,0.99935197122199,0.6949327378221225,0.9992555889361504,0.9766488790608157
0.08171340852631384,0.9975653733044367,0.9976005028494103,0.44842460952786634,0.9963493294612835,0.5478817210961808
0.09170235829399544,0.9957537659934051,0.9964311992411161,0.05664694871115447,0.9951085004627369,0.9971925568783604
0.0776741512787763,0.9982964047619101,0.9983404946712722,0.9019519372440172,0.999039470528736,0.22861876384608001
0.0816335677947878,0.9973746065150563,0.9989747396035463,0.9940266619487015,0.9972888460867922,0.19067443650362534
0.06594363588255939,0.999319805467348,0.999335396621896,0.3263791659725649,0.9992235665166409,0.9707628782393553
0.05483952164818981,0.9988818880448214,0.9989035124699975,0.9989768771534668,0.998522065997577,0.12343813626466867
0.08184710533783092,0.9986594576461593,0.9992056596361568,0.8236200915009068,0.998517326855177,0.9817016163662671
0.07754960727537247,0.9988455057351096,0.9996181800405048,0.9985838017336347,0.998773835858759,0.048739886558820694
0.05312253221076465,0.9995649475102507,0.9995357043583432,0.9992308967377153,0.9994379148566601,0.9795370479465763
0.07802477923987104,0.9982188306589305,0.9978505993366656,0.3278009398850049,0.997423387885814,0.9715987112982335
0.07822428342223542,0.9977733101217556,0.9995596064387238,0.06813596486489851,0.9978098127624638,0.9968071429932548
0.08553311566925731,0.9978065133389764,0.9977954973819453,0.9836429589698104,0.9969898740465578,0.10549738080499504
0.085662490277324,0.9978064407672034,0.9993475962550368,0.9867183901160396,0.9968301301738411,0.5813337853367743
0.07999039407150323,0.9982972701017964,0.9983431403874257,0.8572466599182621,0.9978168690030057,0.40366701321897275
0.05617306871084593,0.9974509623986929,0.9993192983783405,0.0445133808911734,0.9966735120976452,0.9970601485329573
0.0724473404383749,0.9987251708181356,0.9997535754579161,0.10522776716602676,0.9985063921812968,0.9915204232608263
0.08431215320950794,0.9990063678512764,0.9997588765523842,0.7655689595748126,0.9988428399417892,0.9439675289147712
0.06751738471169508,0.99863104815688,0.9996767627835429,0.32022902902189465,0.9983897569026845,0.9540698574682169
0.05811740428664964,0.9991795031040785,0.9998162274080624,0.9990566662838327,0.9988967087044298,0.3682819638467745
0.06515920160042538,0.9990949731624857,0.9991510624636919,0.9334583592197173,0.9988581702404815,0.9967745815547892
0.05517876908241703,0.9993135207025803,0.9993415929482169,0.9991096646382635,0.9991423319993662,0.942347638523291
0.0798539777209352,0.9982821478909732,0.9981655076490904,0.7957224513029095,0.9980224388500957,0.992871751925196
0.06279542250547569,0.9993172335241237,0.9990221295149669,0.9134650456971329,0.9986967189017658,0.9971008942342912
0.06813110715265398,0.9992366555824805,0.9991458798162596,0.5896853015766959,0.9988789715188171,0.9879136800613517
0.059433451725050955,0.9985441119442999,0.9992511135973101,0.2143852993203565,0.9983602325242023,0.9822146344649959
0.05788978989904387,0.9981315590176817,0.9979611508756716,0.5376226698439096,0.9981228374763306,0.9946187809933537
0.07007937847651247,0.9989130672925821,0.9995090756539563,0.9813915275194991,0.9989096975049969,0.9987549333523087
0.0982045238174233,0.9961929320064196,0.993872473979792,0.23486784729356694,0.9934583120047548,0.9858581498386145
0.09996939793723328,0.9956190301484231,0.9958880400231642,0.9849375223384562,0.10237297304543229,0.9874519947797284
0.08069355922468324,0.9970547828077401,0.9995639361712662,0.22455448785897864,0.9969708041662269,0.9923178418950523
0.05963441184728211,0.9991274195525423,0.9991389649933354,0.9816350181902477,0.9990711773215936,0.9987323137958991
0.07607908865004098,0.9910892746492137,0.9996904110959443,0.9688642087369506,0.9903916723901273,0.9170245126826847
0.07322101045584857,0.9974427146662747,0.9987222774504031,0.9708562048606267,0.9963586612045229,0.9827368430772736
0.04346297200467691,0.9990427333486407,0.9988138864346213,0.9860282436121595,0.9990549016929883,0.9989785557046112
0.07842845749368511,0.9987145498430408,0.9992869044721485,0.8583698165217424,0.9981825845009056,0.9290421870039011
0.07462261904939335,0.9979061776389432,0.9977717099129088,0.10123154863951933,0.997612649660815,0.9970431790704836
0.04066126555545183,0.9996454945166375,0.9996545193058839,0.9995556281644221,0.9995362436512321,0.9858283270402237
0.05899373333179205,0.9995506760447752,0.9995780776376229,0.980698355557954,0.9993309673728001,0.9867161980103696
0.050735994316621055,0.9982611674174747,0.9977687565709475,0.9943562217107553,0.9982925128301828,0.9923849865006253
0.07203990187314607,0.5872261349750291,0.9999631363129542,0.992610393659855,0.9999322641317953,0.9999202626105577
0.06439414370310763,0.9987358106510739,0.9985804954125093,0.959186681147932,0.9994422488758131,0.9980659391689466
0.09095183354324854,0.9959588352927354,0.9991995728455555,0.5633634984615358,0.9960361639855451,0.9659947552161341
0.05050082101002502,0.9991649119847907,0.9990278371907133,0.5762471189789186,0.9995465048193314,0.997976839623393
0.06257176524341689,0.9989095474139829,0.9985688006955643,0.9321835705782714,0.9987170161121501,0.998555466286595
0.08094813817307944,0.9980528902389505,0.9996247304540548,0.3413332251369212,0.9967877970375881,0.9630118488428299
0.07407145254422251,0.9985512956465161,0.9981056967826655,0.8632288113111424,0.9981806218497866,0.9775250239347569
0.06536337575339943,0.997947452696726,0.9996758564943815,0.9793020142479705,0.9980525648629871,0.9980725170926772
0.06407002388895215,0.9988479995440745,0.9988907085466564,0.9393251325186847,0.99880615050627,0.9981299296210621
0.07156098956900404,0.9980969394565993,0.9981158395275931,0.28383426128411965,0.9978225337175174,0.7706318998408235
0.07275400632937894,0.9974019250547642,0.9974773976596265,0.9943261977787256,0.9985277796429357,0.006541046015440677
0.08074756371834685,0.9979200320735437,0.9974735940532655,0.23630458000889126,0.9976657115301542,0.9902955607660804
0.08379683176515587,0.9983821781824118,0.9982533882634249,0.1730795899230051,0.9964737679319357,0.9913237481839755
0.06407659350771136,0.9980067123999764,0.9973809176548811,0.8776434694001956,0.9978756362989021,0.9690635070751252
0.07635650029391697,0.9987937653976967,0.9995291378627623,0.5434566637471455,0.9980653711926821,0.994189654124864
0.09189835912077128,0.9963734253173062,0.9974639719722621,0.7798051429055117,0.9957935706487007,0.8886541473162634
0.06781828124695573,0.9987695887457573,0.9988486037345257,0.8534244460621203,0.9984136850127533,0.9973994126545165
0.1229780172496203,0.9929211629611043,0.9926975796215095,0.9850812404064109,0.9889580458849759,0.059660123382575744
0.07061418803630115,0.9990129998731399,0.9996479341348055,0.5972461952823921,0.9992292856776155,0.9888845199641662
0.08664040930688306,0.9978897364612189,0.9968045325597028,0.8445033054976243,0.9937006252859992,0.9966311247312714
0.07094293747068114,0.9993052242876292,0.9993441785267869,0.9995016231723083,0.9980789324689154,0.9733649458737506
0.0780227496079819,0.9983971554066946,0.9993236678804331,0.5695698832114711,0.9964294450149547,0.8377713204564663
0.05634376725781231,0.9995499584866498,0.9995768266401389,0.9701978253264772,0.9992254025549293,0.9983359829627264
0.061285938606359676,0.9992603400786075,0.9991718327636608,0.8982330736410895,0.998975275436852,0.9888658182387974
0.09376176172354586,0.9965980253468112,0.9968049159461373,0.9912455501308421,0.06157612069507438,0.9910715746310607
0.08158691950618649,0.9980839254329766,0.9971040064345151,0.7399057552873801,0.9973443424057354,0.99374559354416
0.05712618240779316,0.999548794957191,0.9994999841583347,0.9918111834806954,0.999396144633451,0.9996488141323969
0.06847579420557542,0.9988028017702976,0.9997681565730648,0.5992887420972219,0.9981274583330652,0.9879493537946976
0.07581313225685883,0.9964804802311842,0.9992189737477671,0.4501173000214203,0.9957810450348797,0.9237525199079678
0.08790868716469574,0.9970053784816678,0.9971937825700314,0.7525059694115989,0.9954214122662525,0.8508420537133434
0.06856489840786718,0.9983863932309451,0.9984827775340434,0.9677242084673381,0.9981833398288897,0.9672278171333972
0.05797160456872356,0.9990189458352164,0.9988144775847183,0.8106548785212633,0.9988201542336606,0.9964950638517722
0.05362771866984825,0.9996662683253766,0.9995757839614453,0.9992550480998564,0.9995198778216003,0.9334976369590396
0.055956623087991146,0.9992639847899392,0.999218996827422,0.9866347557745027,0.9992690858650467,0.9991634487313057
0.09729460542303144,0.9944581953902728,0.9945062904963198,0.37652154930222537,0.9940975573693508,0.865051834938912
0.06783161482349648,0.9983707627178801,0.9994742704887188,0.55928736134187,0.9969722092316615,0.9913541568471795
0.05616388338926975,0.9995733563265267,0.9995668254577229,0.621411556297292,0.9994384409081186,0.9974360129403802
0.06137139691014254,0.9991015564217391,0.9989446569521858,0.5646476861081067,0.9994702809243192,0.9951486646962577
0.04611850712829678,0.998701935191478,0.9987760939416681,0.956816997691458,0.9985004744717606,0.9980450699241905
0.10477203466298071,0.9944788020120436,0.9938513718201936,0.9849174164213834,0.1081575284337262,0.9849061271683779
0.10392139755934122,0.9947157321837466,0.9950331386668403,0.9765367820427147,0.07561962004717417,0.9735222644787059
0.1018129687541561,0.995561227165023,0.9958309067266214,0.9855872121181382,0.06613929584792297,0.9856806227593976
0.07347028662326195,0.9992466822187767,0.9992935495740942,0.9965134113211731,0.9991033108007391,0.9925003875174563
0.06541519586813367,0.9984363683844678,0.9982080338353196,0.657239198796003,0.9965220589516746,0.9263536039415521
0.0707143049909908,0.9990497554630512,0.9995631900984773,0.3977170438443016,0.9986665716426065,0.9882830118729621
0.04543789795378193,0.99924497908517,0.9992353593106782,0.7616232054013768,0.9991770477994166,0.9991088541337602
0.06613032895238846,0.9983910163729903,0.9984894813125075,0.9911476931344824,0.9991668232726265,0.9915868951752974
0.053369428390014365,0.9994239507320113,0.9994605834031045,0.9846291964400727,0.9994153852913277,0.9992090567539218
0.09701924254899545,0.9965200757826399,0.9982292608948902,0.1110821721943647,0.9955639975511239,0.9849595241211679
0.06952895843238834,0.9989722044940733,0.9987729484966619,0.9984218404135705,0.6741347433007308,0.9983557330125629
0.06830811323514631,0.9986136462054997,0.998358039958948,0.9943903416370756,0.9983240671952467,0.9954801672229531
0.11581770626038113,0.9960720246428104,0.9959096858294327,0.920478892373787,0.9946191531316178,0.9852969613488813
0.08930628525653257,0.9968519066224978,0.9964267581835567,0.6769761138777975,0.996814779092838,0.8948388554262736
0.08852386001467238,0.9976719937543606,0.9978167349792691,0.8172927130230917,0.995487049666039,0.7479615289116275
0.09841382619615922,0.9935930470104558,0.9987734494326281,0.3696081437630241,0.993735232461292,0.9014588084633176
0.07245706931858922,0.41230009260767425,0.9999613809670809,0.9915608705588895,0.999929038843146,0.9999108089774599
0.12606863500347396,0.987295877129324,0.9876779826071904,0.7654824207290797,0.9868432439082442,0.04775480558091247
0.05172820695215175,0.9996731936286019,0.9996929156105684,0.9994951346652455,0.9995812156883452,0.7343881728700338
0.07584282438948485,0.9984669193515454,0.9996518509016422,0.9120216386143228,0.9975436558462436,0.9590967129074286
0.0818130569835824,0.9940422509886238,0.9994829305951533,0.9850650938488255,0.9968992785423144,0.9105749418901946
0.05726698075330948,0.9993394019064729,0.9993788439968293,0.4588189100438375,0.9990638852279712,0.9920586067792319
0.06479772027896918,0.9988465804568695,0.9988907638073051,0.9947714010874462,0.9986808557531633,0.9500504180932939
0.0556743915697667,0.9972875100393719,0.9947241402785846,0.9617399796330384,0.9968987989025571,0.9984819002653658
0.055542171793441994,0.9981102285903775,0.9981269486715283,0.9625193929506295,0.999618190448027,0.9785010168003037
0.07122665382185878,0.9983276985279863,0.9993473182317972,0.9956384579603871,0.9982793410833812,0.9277649447630127
0.06236865654678535,0.9991751098497251,0.9991903919690026,0.8573389775797229,0.9987208919002369,0.9883076315867607
0.06554166109133917,0.9993474640226956,0.9993600899185722,0.999561757690298,0.9991407032460429,0.9034742782222759
0.08655593806363654,0.9982134085287258,0.9988071549998219,0.4332610607924034,0.9977833032878373,0.9943318660243627
0.06786259180243555,0.9994945805381843,0.9998215435039158,0.9990356983402856,0.9994282649945901,0.9677623602995928
0.05312253221076465,0.9995649475102507,0.9995357043583432,0.999222581685482,0.9994403984365536,0.9794910205013078
0.09170666637268189,0.9990150788749149,0.9988312104075681,0.9424814897142006,0.9980638550547272,0.9556205510148789
0.060604098876602265,0.9988111967533982,0.999765075152937,0.978475070937338,0.9988340086982859,0.9987127827531588
0.08305462254831436,0.9977567731986802,0.9975167844690392,0.35461947516660525,0.9973771331579201,0.9365025446559406
0.07115739258422896,0.9979141537723537,0.9993392964837765,0.6954979301683354,0.9974020095150957,0.9676762062841722
0.057349858383992494,0.9988883694382077,0.9987300481547094,0.9114521348405518,0.9981542692905954,0.9805550442222447
0.06980348057491595,0.9975354848598849,0.9998116560163307,0.9835138672664503,0.9971710242137958,0.9983073404959866
0.05209776734284834,0.9977007374081127,0.9998862505025243,0.9412227432459781,0.9965874932644716,0.9957757369899523
0.07803556078984948,0.9988078580543575,0.999702093105905,0.7265850270618872,0.998187418152106,0.9785288506535502
0.044677204666247666,0.9927884340627339,0.999784588662014,0.7332396962017605,0.9942121424357467,0.9899793199848875
0.013468407140137582,0.9994373297227633,0.9996426447489056,0.9827321449631368,0.9993987835622209,0.9991923212594731
0.018038302310098866,0.9994337292525636,0.9993250653602367,0.9345768272159718,0.999282512359581,0.9990484845625744
0.02870061205491264,0.9991576550870939,0.9992714870493433,0.9821997257365415,0.5973892050867307,0.9821887329514861
0.01671215962254097,0.9994904409036631,0.999465167844206,0.8122948474981878,0.9993412204100875,0.9973980698646389
0.010674532215097496,0.9990427990555513,0.9990808198293939,0.9656269056596134,0.999661539982155,0.979300514733195
0.05304706842561747,0.9993845010743204,0.9998621642234378,0.9992941239765537,0.9988573508232385,0.869487378780643
0.07451312166909398,0.9987334209426938,0.9988118909013298,0.20774124443211278,0.9981160735576933,0.9941363183213188
0.05517876908241703,0.9993135207025803,0.9993415929482169,0.9991286807148819,0.9991385288340895,0.9671946866848729
0.08529581006960002,0.9980678312748594,0.9979366692507862,0.435753312119293,0.9977658667531154,0.9894374718440002
0.08973439095902508,0.9988190418586166,0.9985858582134968,0.32743833859198784,0.9981166642240522,0.9915697597015536
0.0684818253973666,0.9993456334268287,0.9993298216303553,0.7247106476841034,0.9988047626391238,0.9832843811931922
0.056625804284339325,0.9991871581928521,0.9995835975216549,0.7818382871997646,0.9988731630633455,0.8557726078064488
0.07329636649560302,0.9987683192253218,0.9988474156465244,0.6087927162851621,0.9987481345957386,0.9910861255547191
0.08651834490406281,0.9978284948651218,0.9990186330848226,0.05628242270500834,0.9978134306742432,0.997015589731374
0.08773315647365978,0.9974587297413916,0.9969676939521139,0.9139916293816274,0.9967462610805548,0.9707744919060982
0.0898629138665884,0.9974918795132846,0.9976461604872938,0.9896613629610965,0.813258950396659,0.9916272156931697
0.06120363383054811,0.9935100291511472,0.9998154650326366,0.8628459341455647,0.99459479923298,0.969969952740384
0.07749349993187717,0.9982563605707566,0.9982794114736254,0.05631578266791987,0.998135712897812,0.9970906764121543
0.07385186372794891,0.9980019940961391,0.9994755359118528,0.931521047528323,0.9970100642999483,0.9327541556267404
0.09707175517386614,0.9955545936201554,0.9981528587436853,0.8600717822778334,0.9931674094460576,0.7598642896401209
0.07617426514863516,0.9983445370418175,0.9979271892710824,0.022659765642534795,0.9983195119620109,0.9977849018503244
0.08742078734556448,0.9983287818134162,0.9991562052309605,0.9661954681319057,0.9980772672470294,0.32161453684738983
0.05315480526461094,0.9984515826647066,0.9983470876827287,0.9409117326912307,0.9982353901224792,0.997352877119798
0.04066126555545183,0.9996454945166375,0.9996545193058839,0.9995444575528418,0.999534311606407,0.9730978178760022
0.07028466922368924,0.9989787156027047,0.9990403082439498,0.0644631146915159,0.998754900964012,0.9904969171983532
0.07610399147493126,0.9982611674174747,0.9977687565709475,0.9971311641220683,0.9982857468192122,0.9923958253225263
0.10410705210166502,0.5542435715834333,0.9999177693520704,0.061326277056700504,0.9998483480352571,0.9997882666296218
0.07890585489308043,0.9979473141727186,0.9976953497088669,0.12463623994890372,0.999089846237462,0.9958322299452463
0.08764480160555574,0.9875708442843785,0.9994430725627996,0.9884221990650267,0.9876454478643555,0.5214043869646846
0.05513192122492778,0.9993235613193103,0.9992807808598422,0.42060038814206446,0.9995596901905045,0.9927698537317992
0.09723367059825105,0.9985465915096573,0.9980926441961832,0.2034487342371184,0.9977663955583156,0.9980872465078484
0.07054145230700709,0.9982473116109195,0.9997409824313765,0.8764071945510256,0.9980973800839711,0.9066803590131114
0.08351914106183496,0.9982266530285964,0.9980928979414774,0.966057729519287,0.9970119821670068,0.513685449758952
0.08323915871112422,0.9959033140351858,0.9993519230586935,0.0560655984612944,0.9961032689222711,0.9955575542726472
0.09738411239017297,0.9979887610619136,0.9980619278594741,0.26079784225753594,0.9979254024324216,0.9956078009926246
0.043618710201739345,0.9994356612903038,0.9994370367108188,0.9971020763260697,0.9991220431344553,0.991614190216089
0.0639617055084608,0.9986992728340516,0.9987371059400582,0.9971736129551881,0.9992601676557652,0.32171933419206034
0.07584768602554615,0.9988103864600205,0.9984206137755351,0.9198771149810361,0.9985355576440037,0.9757148889082331
0.0742375349785172,0.999136509776401,0.9990677138475919,0.9426961983702384,0.9984028834940684,0.9773473281915654
0.07886465810667072,0.9981802011801242,0.9980392509473378,0.9382918979245245,0.9981393079986421,0.7041863442901253
0.07481040905236708,0.9990718688727191,0.9996377589946823,0.7540820446124188,0.9985072911948627,0.9827319582689913
0.09752293256481691,0.9950297772629213,0.9969875692419784,0.8932962531181672,0.9942452009603021,0.9249731368177067
0.06789583532306197,0.998605567185235,0.9986917752967426,0.3928152073908921,0.9973315847899772,0.9939203808952887
0.10696991348249438,0.9934064424119133,0.9932472932136355,0.3295575969127599,0.9912554243535625,0.8294806502513214
0.06934017716954799,0.9991444873045717,0.9996948619263379,0.7206564175474521,0.9994896265148978,0.9696724002225918
0.0909250768083497,0.9977985357295436,0.9972688038877591,0.5007274783656859,0.9962331199041984,0.9937692805248945
0.060034815203912684,0.9986000083036858,0.9986671693416257,0.9987268353253776,0.996141243519006,0.07861514391140209
0.0553752022489227,0.9940883895643505,0.9996065335232363,0.9366720584464179,0.9844853675485585,0.7347449076927264
0.05634376725781231,0.9995499584866498,0.9995768266401389,0.9691938617808378,0.9992221289845996,0.998359819648734
0.0688243063351796,0.9986919698461257,0.9987472697380398,0.9652107587936919,0.9979690032948704,0.29556555808028817
0.08377751959473548,0.9982961143855706,0.9983999017488643,0.9938049163280467,0.7491509042777846,0.9937788648058512
0.08631029324410462,0.9978449322709037,0.9971084085786982,0.47715436642465653,0.9973364647793045,0.988331788039004
0.07590360161311209,0.9989049221883626,0.9987865425958496,0.025151514530231095,0.998619027617098,0.9990200207317018
0.057522950163037934,0.998518370786715,0.9996963399362178,0.5645758891077042,0.9982539279055054,0.9742477816018649
0.06607175920135533,0.9939703152607097,0.9995203193236571,0.9925536946907186,0.9912321549148648,0.5511820994661726
0.08406265553919502,0.9971120203785399,0.9972981836576852,0.9691997939366761,0.996589126874388,0.5469894724272859
0.09479350639213262,0.9964616794865084,0.9966814203626342,0.7450602029624702,0.99587978171819,0.41461693033010893
0.07333651403227116,0.9990731847894964,0.9990553055823089,0.3104522726851808,0.9989715946897579,0.9861764721067862
0.061120080733100185,0.9993744357843519,0.9993140132158995,0.9990752306228858,0.9991576101575015,0.12565240333968816
0.07450309413831174,0.9984241500921575,0.9983279142350857,0.04150226907697513,0.998428005071305,0.9979422740263705
0.08937072870786869,0.9949360803382572,0.9935027439673507,0.9725381529130368,0.9947767473085836,0.8611575045232485
0.06313693631873887,0.998621068975771,0.9995551159691212,0.7441124100121248,0.9982008278265456,0.9811395676219165
0.04802319248222532,0.9995517541209047,0.9995420436841467,0.5459648391810736,0.9992245899939665,0.971888400840655
0.07261101353645455,0.998494717150071,0.9969166765057292,0.9711278282655323,0.9986959821675885,0.13384045199014027
0.07748662022200155,0.9985284189974816,0.9986229001570187,0.07440355143979259,0.9976961683275578,0.99602547977352
0.09483588593455124,0.9963124147118719,0.9958924960419324,0.9899967360532433,0.6269851446272007,0.990053888100053
0.09179613325624551,0.9973508667270248,0.9975103865510329,0.9836628131021351,0.8511068582136334,0.9807255440864973
0.09134980011611994,0.9974587240314126,0.9976133967130516,0.9898640910123524,0.6058405789270406,0.9904387833397024
0.04898019108217484,0.9992466822187767,0.9992935495740942,0.9947958020199434,0.9990996205866726,0.9925792467401011
0.0868253874673008,0.998820530706745,0.9987355546446127,0.6950726134406028,0.9982962501711171,0.8328817714396759
0.05889928674717025,0.9991391690159453,0.9995863117590724,0.7466122480554351,0.9989811926025192,0.9666591219991781
0.060332895467883084,0.9993147970035711,0.9993057874839609,0.3799280403542372,0.9992447518508941,0.9991096736315893
0.06613032895238846,0.9983910163729903,0.9984894813125075,0.9912883130940945,0.9991633106524669,0.9916815166325169
0.07084813447252918,0.9988485647474545,0.9989217484329981,0.05156982045617153,0.9988261728565552,0.997849150677854
0.08440581230744565,0.9983730157482202,0.9989822694688839,0.9626673292390052,0.9974668661600766,0.9712182880998322
0.0691444369283024,0.9988438785878799,0.998776730811501,0.9984419707407984,0.5775180453151022,0.9983873486331292
0.06830811323514631,0.9986136462054997,0.998358039958948,0.9929160835248061,0.9983184467436973,0.9956799277972984
0.0985679731218601,0.995210641559662,0.9949293881620107,0.23722663406222325,0.9940161578749641,0.9844398083526477
0.07574077443967314,0.998041035323447,0.998025440572627,0.9847661006275061,0.9980093870560697,0.9027881619885523
0.08078605661998763,0.998407028100454,0.9985061378029902,0.9676580005002566,0.9941499567154765,0.897077178356514
0.099872709632453,0.9905202900147221,0.999560604624787,0.9942686322033656,0.9906173109017139,0.8106496722211336
0.1045419600302204,0.4447343434414491,0.999913853944257,0.06947287357745326,0.9998411276604268,0.999763187857764
0.10791749703087994,0.9924324631843067,0.9926612225086002,0.9108129947964364,0.9921262667206829,0.6563555444845833
0.052610656523339266,0.9996498584898245,0.999670988228065,0.9995540179435782,0.9994363651904246,0.5876631632663732
0.07191561989703951,0.9961316511234154,0.9990596980007964,0.9050670789128055,0.9954351362203515,0.7648299082976815
0.09275192341822733,0.997706920416156,0.9989704868876451,0.8233328456846021,0.9984828582144308,0.4379744198568345
0.0516288211731736,0.9993531445312267,0.99935197122199,0.6949327378221225,0.9992555889361504,0.9766488790608157
0.08171340852631384,0.9975653733044367,0.9976005028494103,0.44842460952786634,0.9963493294612835,0.5478817210961808
0.09170235829399544,0.9957537659934051,0.9964311992411161,0.05664694871115447,0.9951085004627369,0.9971925568783604
0.0776741512787763,0.9982964047619101,0.9983404946712722,0.9019519372440172,0.999039470528736,0.22861876384608001
0.0816335677947878,0.9973746065150563,0.9989747396035463,0.9940266619487015,0.9972888460867922,0.19067443650362534
0.06594363588255939,0.999319805467348,0.999335396621896,0.3263791659725649,0.9992235665166409,0.9707628782393553
0.05483952164818981,0.9988818880448214,0.9989035124699975,0.9989768771534668,0.998522065997577,0.12343813626466867
0.08184710533783092,0.9986594576461593,0.9992056596361568,0.8236200915009068,0.998517326855177,0.9817016163662671
0.07754960727537247,0.9988455057351096,0.9996181800405048,0.9985838017336347,0.998773835858759,0.048739886558820694
0.05312253221076465,0.9995649475102507,0.9995357043583432,0.9992308967377153,0.9994379148566601,0.9795370479465763
0.07802477923987104,0.9982188306589305,0.9978505993366656,0.3278009398850049,0.997423387885814,0.9715987112982335
0.07822428342223542,0.9977733101217556,0.9995596064387238,0.06813596486489851,0.9978098127624638,0.9968071429932548
0.08553311566925731,0.9978065133389764,0.9977954973819453,0.9836429589698104,0.9969898740465578,0.10549738080499504
0.085662490277324,0.9978064407672034,0.9993475962550368,0.9867183901160396,0.9968301301738411,0.5813337853367743
0.07999039407150323,0.9982972701017964,0.9983431403874257,0.8572466599182621,0.9978168690030057,0.40366701321897275
0.05617306871084593,0.9974509623986929,0.9993192983783405,0.0445133808911734,0.9966735120976452,0.9970601485329573
0.0724473404383749,0.9987251708181356,0.9997535754579161,0.10522776716602676,0.9985063921812968,0.9915204232608263
0.08431215320950794,0.9990063678512764,0.9997588765523842,0.7655689595748126,0.9988428399417892,0.9439675289147712
0.06751738471169508,0.99863104815688,0.9996767627835429,0.32022902902189465,0.9983897569026845,0.9540698574682169
0.0985077957198249,0.9966489305948933,0.9993260616941154,0.9965840970877631,0.0006479814854978285,0.953708115425416
0.10399437376333345,0.9912129856597953,0.9915337852655342,0.9906892626366991,0.00027978921623888456,0.462424205936227
0.1875690790360487,0.9625710718945202,0.965697869889932,0.7617954138219611,0.003427761660538367,0.017738304588596925
0.2093550566803391,0.9473850374244954,0.947383179640802,0.6398484289073606,0.15600436827023054,0.1933699620638459
0.100033367870167,0.9791865564447056,0.9802453902182322,0.9245110839467635,0.010204884202602496,0.06825682445441454
0.21021014199556728,0.9767024836138839,0.9780170372679785,0.011907850389486626,0.21364426405062079,0.9448154601759223
0.1798237611338099,0.9541159177312382,0.9886276880028223,0.8291950707112398,0.004560525425448173,0.022073977405797907
0.1580211638536227,0.9474546733850142,0.9654419930500902,0.7886728134007438,0.010121728360353778,0.0351980838906562
0.0937321308452835,0.994405764666432,0.9941260856166012,0.9937727835323639,0.0003042776982616768,0.19078291506761164
0.13688274824629398,0.9932580438412101,0.993825023654404,0.9797199217835608,0.00046613021647366103,0.2818509144267178
0.12194676820251858,0.9883333355322093,0.9915290132451791,0.558890159601728,0.0006268396956188634,0.4857849695029119
0.1485096465018843,0.9753061806675821,0.9769028295556743,0.8769677726867473,0.0014220388242543267,0.009426816082204286
0.20077072077237657,0.9518987120039665,0.9536230377988545,0.7365627696391555,0.00875046727288608,0.011738449778616392
0.1285251218432456,0.981346262703231,0.9944901142299682,0.4409664800958288,0.000827693815326338,0.3537654019798858
0.1566734372691607,0.9852253140127212,0.9859034749807265,0.9515169722130588,0.020515590202009628,0.2017111114501119
0.16062423263066083,0.9867415087907925,0.987622687399903,0.3344479507783377,0.0009676737186361568,0.6218347291641052
0.0866114896899114,0.9962426352865088,0.9964886505369501,0.9932468913054037,0.00017608913971298547,0.9895732062725017
0.09916318527792038,0.9935883469619319,0.9938369608312259,0.9944005015105452,0.00035319648371518,0.5150789561492931
0.09696751474475584,0.9932009158465118,0.9936963048623758,0.9798625618825111,3.34670552430996e-05,0.8342169522169043
0.1399740454234984,0.9716182493194814,0.9704101878133083,0.9118025668405862,0.004528646366168103,0.02139302981659829
0.10086235561946141,0.9656916397045374,0.9667860852108835,0.9046655111454739,0.0285202012880345,0.011489136950929553
0.1640245481919135,0.9813231819802993,0.9825415085221505,0.9379783256767251,0.0023347601617868846,0.05144159558685034
0.1345145795147068,0.9337655200223693,0.9106048020579077,0.22729963495050834,0.00972211774234725,0.021511134622267277
0.21636440328186526,0.9181631942010189,0.9205937732425222,0.36807637171321694,0.01157693053511437,0.06600891511876932
0.18426504760785783,0.9750099993769684,0.9769140732355361,0.9155026298252524,0.039787842348659494,0.2257912996447143
0.14066085902507067,0.9935465858468921,0.9926693465605525,0.9870019522772402,0.0037285980321185796,0.6792597600571249
0.2466245241301203,0.7438816432619351,0.38397267760142734,0.37489501472939585,0.4360675385735276,0.40067567948316096
0.12288679065797824,0.9941919132099357,0.9945806466347854,0.9929307356147374,0.0003476928162174146,0.35148641904951117
0.1636688983734902,0.9863417039473623,0.9962768042078954,0.6249900790186041,0.0005287341327752838,0.17955339557817526
0.07886257064651066,0.9873273496139533,0.988102196103569,0.9933942094247468,0.03476549601492755,0.11610289632049246
0.15062318583406573,0.9923538875732089,0.9969703907747137,0.4157475301031406,0.003788361964361879,0.7164893290839602
0.12041761843662219,0.995886193015752,0.9962279079903673,0.4788157247092654,0.0020576932318908145,0.9922951612490309
0.11994640645756115,0.9947585924000376,0.9951036516101699,0.9813748150732902,0.0011791187969512954,0.8662270344463279
0.10118538892767964,0.9872293459646456,0.9932033647847996,0.979188558187334,0.0005203271194045578,0.6878174950763057
0.18221574012619762,0.9561901398285988,0.9597480982779761,0.22181658779303381,0.3594505666593488,0.22974128572327934
0.2041745351840874,0.9220112903832464,0.926932380088097,0.05399026048300076,0.01925582873383596,0.08291268081204616
0.11707432148476946,0.9888506505420355,0.9967032434658162,0.7074320460881705,0.003235827830627591,0.2916238008787495
0.10925822490903289,0.9766589439888751,0.9985369867718111,0.988262139133656,0.003029481155055824,0.7561116169171973
0.22346882184290479,0.9811814745124277,0.9827514931584308,0.5027191733181052,0.001565959578576738,0.6635338782209487
0.14797563471336034,0.8805628251249972,0.8895014940178364,0.07644093946439091,0.035013670053584585,0.35800468899984683
0.11732123152819061,0.9954700644570627,0.9953484555530264,0.9942299838245148,0.0002605589558688933,0.39606187629957024
0.11036627408070451,0.9672128739790292,0.9900551888290647,0.5985078484502875,0.012414175075622322,0.0763373001422682
0.10354368277359693,0.9944806860867187,0.9947822211336498,0.9794233625039058,0.0022076778698102294,0.546472092916646
0.23771264618712176,0.9633467937830692,0.9663821374213576,0.6765506463347302,0.01297993203385705,0.045382152818299264
0.1953568569702964,0.9061236711872571,0.9132924419363008,0.09694887001505978,0.08571693005164509,0.07940254348271761
0.20673862760639178,0.9020357605698469,0.909575880459028,0.06701869033143656,0.09601690195862896,0.07135893734900647
0.14609710029367387,0.9892546536904515,0.9901483491625508,0.830316743417395,0.006922246123350209,0.8563158209408701
0.040679372673007044,0.9779478100292774,0.9754458702249557,0.5147546519811147,0.007880261160216716,0.4583756050228138
0.16566785290849356,0.988132870049173,0.9913806415758041,0.6846375194126825,0.0006977570220737644,0.19573320726787122
0.14763820601148187,0.8507521549769338,0.824579619228071,0.06643675396413967,0.12439694583139983,0.07306803877114221
0.21466794518609225,0.8874044625871749,0.8940880771000012,0.04197089218464497,0.10599749127274706,0.04347519535230887
0.14837680832679548,0.8479946154372302,0.8548099307299051,0.05848796236873779,0.24742918231846028,0.06514682271759278
0.08379013636780878,0.9878491729626219,0.9886841402811515,0.9604664589054188,0.005304483994017539,0.8985574937357631
0.13858228050746224,0.9974024806960061,0.9976150665314448,0.9969491513238022,0.0003413485222506823,0.8335240077633677
0.08411689915224678,0.9846522480000878,0.9898493541011928,0.7666979406668144,0.0009269810757611192,0.19782224697314876
0.11325802792976535,0.9886934926586315,0.9953299594449943,0.6165031357784493,0.0004067763406547488,0.7931361111941999
0.14820806611921974,0.9896690627407723,0.9905136359285481,0.62797524386043,0.0006320958110130122,0.15515480314469862
0.1338849084186674,0.9956131423291855,0.9959774467524543,0.8470462326451524,0.0005632630103417031,0.28211068983568904
0.1417373943869169,0.9911820149010926,0.9917645299241237,0.9221879186329924,0.001839055160037375,0.27094909439711484
0.07591295735811421,0.9940424911389825,0.9980941687916203,0.9938972475927899,0.006639799425588372,0.3978512069736916
0.14321219215281922,0.981382325213044,0.9965054123825232,0.9169674896715059,0.00030068008587775304,0.5065682127462385
0.09751937958174978,0.986699348987246,0.9875323674504036,0.9700788029544949,0.0008365226623334728,0.8281056915864241
0.11923318606722473,0.9849869609393803,0.9961141964866571,0.9745296410584615,0.0005600093185744666,0.7222701265656792
0.22060372047169344,0.8556237632063823,0.9624540774445157,0.03619973478450497,0.023406859960316717,0.09817163473368147
0.1411704142403633,0.9614263217971719,0.9961120063974874,0.9725793034175505,0.03475108970883434,0.030896847906769984
0.1549039505286791,0.9868554351685116,0.9967228267614968,0.8228388634791427,0.0029011997695519254,0.39023218825819567
0.06795291118479684,0.9992784129005456,0.9998605894777757,0.9991608722527326,0.9990234564308575,0.36849968016500034
0.06451695564809012,0.9994584390521473,0.9994949127008771,0.9992616758978308,0.9993088844195237,0.9686603228661478
0.09336807661022728,0.9986519547459097,0.9985962992739292,0.7991478967041912,0.9984091389000639,0.9938454616014387
0.09957052714899882,0.9982059616885752,0.998182141353235,0.8329855196874103,0.9975568369280987,0.01970426017724619
0.12476589213916471,0.9938591382384768,0.9943886615857337,0.048231457099035834,0.991871889794445,0.017926885114518263
0.13524044445831496,0.9905710496447905,0.991393176658106,0.5338479830432891,0.9105579576943046,0.5366920071353017
0.06768677644503679,0.9984957600746401,0.9986103350505048,0.5391291916759993,0.9984615030648514,0.9954950211473272
0.16805235622221643,0.9802658069576736,0.9819821786383321,0.24217943858224283,0.8730999342195473,0.2309840156166098
0.08895434366885738,0.9914950530578971,0.9997620074283045,0.969664302203996,0.9911224497185551,0.9188611253270241
0.04754258041744249,0.9997167740379764,0.9997309663300495,0.9996297381113249,0.9996208467952105,0.9860251829020111
0.06897754589627687,0.9996475797356366,0.9996785646925394,0.981081512361216,0.9994606447659966,0.9870714355746228
0.06113420551432837,0.9990330480236821,0.9991797009398812,0.8607382951222758,0.9985954216148322,0.9315226113787768
0.059047334391048416,0.9993042907392735,0.9991886643744181,0.7302734488320689,0.9996261742729013,0.9983093241525406
0.06309827163786494,0.9984635545536199,0.99956758532771,0.341976547421371,0.9974541565395432,0.9649499389825542
0.08660694499087736,0.9988634274930298,0.9985473696129583,0.8656431010058167,0.9985348348024724,0.9795527208764788
0.07576377137176403,0.9990464405235102,0.9991017901685405,0.9950605326727495,0.9988966498521581,0.9515006222508496
0.08367162346918083,0.9985328881563783,0.9985838210336688,0.4359658342939763,0.9982762224701104,0.7724974250291182
0.07663361310971308,0.9994702742861742,0.9994920949115527,0.9996394905051672,0.9992879609987356,0.9047856774566414
0.08428051758663238,0.9978712772490209,0.9979614874954749,0.9954541171350725,0.9988310489542446,0.006555827062603449
0.0670554695458643,0.9991026289751058,0.9990607197123537,0.9123590147060248,0.9984776540591204,0.982254704781823
0.07175759369693357,0.9992536549517069,0.9992003157707312,0.5652995597409476,0.9995631559180447,0.9955100010299307
0.10745079055082524,0.9969973827904698,0.9980027865916943,0.791249195321172,0.9964724421667552,0.933571256419518
0.10722665665417976,0.9991879094164184,0.9990169082880392,0.9429008889570838,0.9984296407755395,0.9561963961115171
0.062112731246994575,0.9996587567545238,0.9996459361592561,0.9993523929647363,0.9995491556764934,0.9799730649687576
0.06192344238677081,0.9992019753227714,0.9996166964748641,0.5981198793349896,0.9993862529400205,0.9895686922729543
0.09122694035601912,0.9986701755138757,0.9994859611470652,0.570194647355492,0.9972301931732165,0.840522648984365
0.07165767284537045,0.9994240824700794,0.9993731290631531,0.899529014910247,0.9991745240853349,0.9895900397429191
0.06949168009222488,0.9987833921308579,0.9994085579373468,0.21452266514932686,0.9986134878616972,0.9895791635889251
0.04452929315673758,0.9996644502831661,0.9996269248034938,0.9921705009452554,0.9995363876442662,0.999566753407366
0.053376203096402446,0.9990541004059047,0.9997319845619177,0.5998045340198417,0.9985052932978047,0.9885461175120183
0.08864337810893949,0.9969252140803105,0.9994146234181701,0.4509319749777142,0.9963038472081662,0.927098698753932
0.08016848840881034,0.9987195837909264,0.9988278577177128,0.9700696339468984,0.9985135222586199,0.9699673460859078
0.06270341300587959,0.9997382738753403,0.9996759613346673,0.9993585714442043,0.99961298475337,0.9341926822461787
0.06566878590999005,0.9996654159903596,0.9996688680532952,0.7658065879943003,0.9995467983562093,0.9976538897431121
0.14970934525709123,0.9877370929973073,0.9874285013269515,0.4130542224607305,0.9484158434315392,0.43411923412379727
0.1251550579727153,0.9940183746066288,0.9945379005299563,0.6452492266300607,0.9711935642461245,0.7363308620475134
0.1454514441983939,0.9901297169491453,0.9909899745367311,0.35759549493884396,0.9506039742521231,0.3619355855815965
0.11675317812366544,0.9958578494544582,0.9962182181287556,0.10309199492571143,0.9947899155509504,0.13482794452109753
0.07648574552708454,0.9987026782546712,0.9984948486940105,0.6578488819999742,0.9971069269265935,0.9275881121089792
0.05512110007353147,0.9993047194419002,0.9995030237232057,0.5680996344690491,0.9989865158247992,0.9889730136306731
0.044639351555196556,0.9991526087501748,0.9992721439546817,0.5459752939316963,0.9988078318047092,0.9958438198161353
0.17456540257980574,0.9470916082686256,0.9512007268457785,0.0013809873435725022,0.9720798660586649,0.0014066626010171195
0.06048243716169927,0.9997436937101968,0.9997660718679858,0.999579707540947,0.9996613004132998,0.7347092662663564
0.0354712380774837,0.9989539737125935,0.9993241835759826,0.9136563807366407,0.9982846765299148,0.972085013344485
0.06377246728067469,0.994399955637032,0.9995925325510002,0.9853731297644851,0.9955775462940892,0.9121413582511791
0.06695856610796759,0.9994788901841041,0.999523494072688,0.4591844485319045,0.9992398438872078,0.992658589828125
0.06494185886683672,0.9982402234394699,0.9982625087174155,0.963263666986728,0.9996894288327252,0.9789317958416429
0.048615749803452894,0.9993894395974814,0.9994101234227633,0.8008613068883779,0.9990029028551004,0.9888941026969578
0.052898217899021105,0.9995883049086304,0.9998715526036336,0.9991671917067045,0.9992238706481644,0.9683701157762524
0.052238157535330884,0.9930911158270631,0.9998384532987865,0.7337590297051736,0.9945237585477662,0.9906907588426802
0.09711038300464649,0.9982395884815881,0.9981051684016796,0.3558292011317733,0.9978925155883306,0.9587891814224461
0.0623997927699343,0.9983810155238203,0.9993331719135095,0.8163605134259598,0.9978874687040521,0.9700929903343716
0.08161668219904653,0.9976871669163567,0.9998547119681683,0.991264987828217,0.9974457211595718,0.9984741210144195
0.040609693437255234,0.9985561368587204,0.9998690065847533,0.9419880106858539,0.9978261827974543,0.9968281503829644
0.0912419196400106,0.9989411457009965,0.9997636800067036,0.7269475226841527,0.9983850287876627,0.9791152514935505
