Index,Attribute
220,birthplace
235,birthyear
261,birthplace
269,birthyear
307,birthyear
322,birthplace
409,birthyear
437,birthplace
524,birthyear
534,birthplace
593,birthyear
604,birthplace
606,birthplace
613,birthplace
628,birthyear
687,birthyear
711,birthplace
746,birthplace
765,birthyear
792,birthyear
839,birthyear
897,team
932,birthplace
933,team
1020,team
1058,birthplace
1094,birthplace
1149,birthyear
1165,team
1168,birthplace
1219,birthyear
1232,birthplace
1238,birthyear
1262,birthplace
1264,birthplace
1281,birthyear
1292,birthplace
1306,team
1309,team
1318,birthyear
1318,team
1342,birthyear
1361,birthyear
1389,team
1392,team
1418,team
1425,birthyear
1432,team
1452,team
1465,team
1487,team
1500,birthplace
1525,team
1540,birthyear
1544,birthplace
1550,birthplace
1554,team
1567,team
1589,birthyear
1703,birthyear
1738,birthplace
1740,birthplace
1743,birthyear
1743,team
1745,birthyear
1774,birthplace
1791,birthyear
1835,birthplace
1844,birthyear
1871,birthyear
1871,team
1894,birthyear
1896,team
1910,birthplace
1960,team
1964,birthyear
1972,birthyear
1973,birthplace
2008,birthplace
2019,birthplace
2029,team
2056,birthyear
2068,birthplace
2071,birthplace
2141,team
2202,team
2211,team
2232,birthyear
2253,birthplace
2269,team
2290,team
2301,birthplace
2317,team
2342,team
2350,birthplace
2362,team
2388,team
2391,birthyear
2397,team
2452,birthyear
2467,birthyear
2481,team
2506,birthplace
2517,birthyear
2521,birthplace
2531,birthyear
2556,team
2560,birthplace
2584,birthyear
2602,birthyear
2620,birthyear
2628,birthplace
2639,team
2668,birthplace
2725,birthyear
2734,birthyear
2763,birthplace
2806,team
2813,team
2822,birthyear
2826,birthplace
2843,birthyear
2843,team
2896,birthplace
2911,team
2912,team
2922,team
2926,birthplace
2938,birthyear
2962,team
2968,team
2974,birthplace
2988,team
3004,birthyear
3007,birthplace
3025,team
3049,birthplace
3056,birthyear
3063,birthyear
3083,team
3131,team
3134,birthplace
3135,birthplace
3142,birthyear
3142,team
3153,birthplace
3174,birthyear
3218,birthplace
3264,team
3266,birthplace
3274,birthyear
3275,birthyear
3294,birthplace
3300,team
3310,birthyear
3332,team
3369,birthplace
3386,birthyear
3399,birthplace
3407,team
3411,birthplace
3418,team
3419,birthplace
3460,birthyear
3480,team
3483,birthyear
3495,team
3502,team
3515,birthyear
3544,birthplace
3582,birthyear
3585,birthyear
3585,team
3605,team
3606,birthplace
3613,team
3625,birthplace
3627,birthyear
3657,birthplace
3660,birthyear
3670,team
3708,birthplace
3746,team
3759,birthyear
3768,birthplace
3847,birthplace
3878,team
3889,birthplace
3901,team
3916,birthplace
3917,birthyear
3956,birthyear
3973,birthyear
4056,birthplace
4066,birthyear
4126,birthyear
4137,team
4165,birthplace
4168,team
4191,birthplace
4203,team
4204,team
4253,birthyear
4266,birthyear
4271,team
4278,team
4289,birthplace
4326,team
4337,birthplace
4369,birthplace
4370,birthyear
4417,birthyear
4441,birthplace
4472,birthplace
4479,birthyear
4500,birthyear
4509,birthyear
4513,birthplace
4516,team
4537,birthyear
4549,team
4578,birthyear
4580,team
4592,birthplace
4617,birthyear
4621,birthplace
4664,team
4667,birthplace
4684,birthyear
4701,birthplace
4724,team
4733,team
4735,team
4748,birthyear
4785,team
4790,birthyear
4791,birthplace
4808,team
4819,birthplace
4871,birthyear
4882,birthyear
4904,team
4914,birthyear
4916,birthyear
4945,team
4961,birthplace
4985,birthyear
5003,birthplace
5039,birthyear
5047,team
5083,birthyear
5102,team
5118,birthyear
5118,team
5141,team
5148,birthyear
5152,birthplace
5213,birthplace
5344,birthplace
5385,birthplace
5394,team
5446,birthyear
5462,birthyear
5467,team
5481,team
5504,birthyear
5504,team
5521,birthplace
5531,birthyear
5559,birthplace
5565,birthplace
5578,team
5598,birthyear
5613,team
5623,birthyear
5626,birthyear
5687,birthplace
5700,birthyear
5716,birthplace
5764,team
5768,birthplace
5818,birthplace
5839,team
5868,birthplace
5888,birthplace
5892,birthplace
5916,team
5917,birthyear
5926,birthyear
5926,team
5934,birthplace
6000,team
6010,birthyear
6018,birthyear
6023,birthplace
6070,birthyear
6101,team
6135,team
6148,team
6150,birthyear
6182,birthyear
6187,birthplace
6214,birthyear
6230,team
6234,birthplace
6252,birthplace
6282,birthyear
6282,team
6283,birthyear
6307,birthyear
6307,team
6308,birthplace
6324,team
6342,birthplace
6362,birthyear
6377,birthplace
6381,birthplace
6395,team
6397,birthplace
6406,birthyear
6442,birthyear
6478,birthyear
6482,birthplace
6486,birthyear
6510,birthyear
6522,birthplace
6528,birthplace
6535,team
6536,team
6592,birthplace
6597,team
6601,birthyear
6601,team
6653,birthplace
6723,team
6734,birthyear
6738,birthyear
6785,team
6818,team
6850,team
6859,team
6921,birthyear
6928,birthyear
6933,team
6947,birthplace
6948,birthplace
6961,birthplace
7057,birthyear
7057,team
7061,team
7097,birthplace
7099,team
7120,team
7126,team
7133,birthplace
7137,birthyear
7138,team
7157,birthplace
7159,birthyear
7159,team
7168,birthplace
7188,birthyear
7190,birthyear
7192,team
7280,birthplace
7292,birthplace
7310,birthplace
7348,birthyear
7387,birthplace
7399,birthyear
7403,birthplace
7511,team
7513,team
7529,team
7550,birthplace
7577,birthplace
7583,birthplace
7608,birthplace
7612,birthplace
7622,birthyear
7622,team
7640,team
7650,team
7657,birthplace
7697,birthyear
7711,birthyear
7742,birthplace
7755,team
7756,team
7817,birthyear
7826,birthplace
7838,birthyear
7839,team
7857,team
7863,birthplace
7864,birthplace
7871,birthplace
7890,birthplace
7893,team
7930,birthplace
7934,birthyear
7958,birthyear
7963,birthplace
7968,birthplace
7978,birthplace
7999,team
8004,team
8015,birthplace
8051,birthyear
8051,team
8056,birthplace
8077,birthplace
8081,birthplace
8090,team
8102,birthplace
8123,birthplace
8127,birthplace
8149,birthyear
8175,birthplace
8247,birthplace
8248,birthyear
8248,team
8322,team
8332,birthplace
8341,team
8344,birthplace
8354,birthplace
8363,birthplace
8372,birthyear
8385,birthplace
8393,birthplace
8470,birthyear
8484,team
8490,birthyear
8497,birthyear
8501,birthyear
8501,team
8514,birthyear
8518,team
8537,birthplace
8575,birthyear
8678,birthyear
8688,team
8700,birthyear
8700,team
8717,birthyear
8766,team
8791,team
8804,team
8854,team
8868,team
8888,birthyear
8892,birthyear
8947,birthyear
8954,birthyear
8966,birthplace
8968,team
8978,birthyear
8978,team
8994,birthyear
9004,birthyear
9004,team
9061,birthyear
9095,team
9156,team
9158,team
9183,team
9187,birthyear
9198,birthplace
9203,birthplace
9204,birthplace
9247,birthyear
9278,birthyear
9285,team
9290,birthplace
9300,birthplace
9320,birthplace
9324,birthyear
9376,team
9400,birthyear
9407,birthyear
9409,birthyear
9409,team
9440,birthyear
9442,team
9447,birthplace
9467,birthyear
9487,birthyear
9501,birthplace
9517,team
9528,birthyear
9569,birthyear
9569,team
9643,birthplace
9662,team
9670,birthyear
9670,team
9671,birthplace
9688,birthyear
9688,team
9711,birthyear
9712,birthyear
9758,team
9776,birthplace
9788,birthplace
9799,birthyear
9852,birthyear
9854,team
9855,team
9862,birthplace
9897,birthplace
9910,birthplace
9952,birthplace
9967,birthyear
9972,birthyear
9975,birthplace
9987,birthplace
9993,birthyear
9997,birthplace
10025,birthplace
10078,birthyear
10098,birthyear
10102,birthyear
10123,birthplace
10154,birthplace
10200,birthyear
10245,birthyear
10294,team
10335,team
10341,birthyear
10344,birthplace
10381,birthyear
10425,birthyear
10460,team
10465,birthplace
10475,birthyear
10490,birthplace
10518,birthplace
10539,team
10552,birthyear
10553,team
10569,team
10624,team
10631,birthplace
10642,birthyear
10642,team
10645,team
10670,birthplace
10671,birthyear
10674,birthplace
10703,birthyear
10712,team
10733,birthyear
10758,birthyear
10769,team
10780,birthplace
10801,birthyear
10801,team
10827,birthplace
10835,team
10850,birthyear
10874,birthplace
10886,birthplace
10890,birthplace
10906,birthyear
10923,birthplace
10933,birthyear
10933,team
10945,birthplace
10954,birthplace
10956,team
10966,birthyear
10966,team
10968,birthyear
10989,birthplace
10990,team
11004,birthplace
11010,birthyear
11054,birthplace
11055,birthyear
11075,birthplace
11081,team
11111,team
11185,team
11193,birthplace
11258,team
11270,birthplace
11283,team
11326,birthyear
11338,birthplace
11352,birthyear
11356,team
11366,birthyear
11366,team
11401,birthplace
11412,birthyear
11427,birthplace
11442,team
11474,birthplace
11506,birthyear
11539,team
11544,birthyear
11545,birthplace
11551,birthyear
11561,birthyear
11595,birthyear
11605,team
11620,team
11621,birthplace
11627,birthyear
11680,team
11685,birthplace
11708,birthplace
11729,birthyear
11729,team
11731,birthyear
11741,birthplace
11769,birthplace
11784,team
11786,birthyear
11826,birthyear
11834,team
11835,birthyear
11839,team
11862,birthyear
11891,birthplace
11898,team
11911,team
11921,birthplace
11927,birthyear
11928,team
11939,birthplace
11941,birthyear
11945,birthplace
11958,team
11962,birthplace
11971,birthplace
11981,birthyear
11989,team
12015,birthplace
12025,birthyear
12025,team
12026,birthplace
12032,birthyear
12032,team
12048,team
12068,birthyear
12068,team
12093,birthyear
12093,team
12119,team
12125,team
12142,team
12156,birthplace
12173,team
12175,birthyear
12198,team
12215,team
12268,team
12269,team
12327,team
12334,team
12350,team
12381,team
12387,birthyear
12395,team
12411,birthyear
12460,birthplace
12479,birthplace
12504,birthyear
12517,birthplace
12534,birthplace
12542,birthyear
12563,birthplace
12566,birthplace
12568,team
12572,birthplace
12609,birthyear
12625,birthplace
12626,birthyear
12633,team
12651,team
12658,team
12726,birthyear
12741,birthyear
12756,birthplace
12764,birthyear
12788,team
12793,team
12823,birthyear
12832,birthplace
12844,birthplace
12851,team
12858,birthplace
12890,birthyear
12892,birthplace
12900,birthyear
12909,team
12921,birthyear
12945,team
12961,team
13001,birthyear
13014,birthplace
13061,team
13069,birthyear
13076,team
13091,birthplace
13093,birthplace
13100,birthyear
13112,team
13123,birthyear
13135,birthyear
13157,birthplace
13212,birthyear
13232,birthplace
13245,team
13262,birthplace
13264,birthplace
13268,birthplace
13272,team
13275,team
13282,birthyear
13341,birthplace
13353,birthplace
13362,birthyear
13393,birthyear
13408,birthplace
13480,birthplace
13495,birthplace
13501,birthyear
13516,birthyear
13548,birthplace
13555,birthplace
13584,birthplace
13585,team
13611,birthplace
13616,birthplace
13620,team
13621,birthplace
13627,birthplace
13632,birthplace
13643,team
13645,birthyear
13659,birthyear
13664,birthplace
13669,birthyear
13711,birthplace
13714,birthyear
13716,team
13738,birthplace
13767,birthyear
13781,birthplace
13793,team
13820,team
13839,team
13886,birthplace
13978,team
14002,birthplace
14003,team
14004,birthyear
14036,team
14050,birthplace
14053,team
14096,birthyear
14106,birthplace
14110,team
14114,team
14121,birthyear
14125,birthplace
14176,team
14184,team
14199,birthplace
14203,birthplace
14220,birthyear
14221,birthyear
14223,birthyear
14240,birthyear
14266,team
14284,birthyear
14308,birthyear
14309,team
14341,team
14365,team
14383,team
14399,birthyear
14404,birthyear
14408,team
14417,team
14422,birthyear
14435,team
14454,team
14468,team
14490,birthplace
14532,birthyear
14535,team
14548,team
14564,birthplace
14574,team
14592,birthyear
14620,birthplace
14629,birthplace
14682,birthyear
14728,team
14805,birthyear
14826,team
14848,birthplace
14870,birthyear
14883,birthyear
14883,team
14909,birthyear
14956,birthyear
14956,team
14971,birthplace
15043,birthplace
15062,team
15075,birthplace
15123,birthplace
15148,birthyear
15182,birthplace
15221,team
15281,birthyear
15308,birthyear
15321,birthyear
15325,birthplace
15340,team
15385,birthyear
15413,birthplace
15421,birthyear
15448,team
15495,birthplace
15530,birthyear
15537,birthplace
15541,birthplace
15551,birthplace
15558,team
15560,birthplace
15586,birthplace
15611,birthyear
15630,team
15641,birthplace
15673,birthyear
15674,birthyear
15681,team
15688,team
15702,birthyear
15702,team
15704,team
15716,birthplace
15733,birthplace
15773,birthyear
15781,birthplace
15814,birthplace
15817,team
15826,team
15829,team
15844,birthyear
15844,team
15858,birthplace
15895,birthyear
15927,team
15940,birthyear
15944,birthplace
15946,team
15951,birthplace
15990,team
16037,team
16044,team
16052,birthyear
16060,team
16074,team
16101,birthplace
16106,birthplace
16119,team
16128,team
16136,birthplace
16163,birthyear
16177,birthplace
16216,team
16237,birthplace
16290,birthplace
16302,team
16306,birthyear
16310,birthyear
16325,birthyear
16371,team
16378,birthplace
16383,team
16385,birthyear
16397,team
16433,team
16445,birthplace
16450,team
16465,team
16503,team
16518,birthyear
16519,birthyear
16538,birthplace
16544,birthyear
16568,birthyear
16579,team
16585,birthplace
16675,birthplace
16684,birthplace
16685,birthyear
16695,birthyear
16717,birthplace
16741,birthyear
16743,birthplace
16758,birthplace
16777,birthplace
16792,team
16803,team
16828,birthplace
16850,birthyear
16896,birthyear
16896,team
16947,birthplace
16969,birthplace
16980,birthyear
17015,birthyear
17019,birthyear
17072,birthyear
17072,team
17078,birthplace
17118,birthyear
17197,birthplace
17199,birthplace
17241,birthyear
17264,birthyear
17323,birthplace
17352,birthplace
17383,birthyear
17429,birthyear
17435,birthyear
17438,birthyear
17439,birthyear
17439,team
17488,team
17509,birthyear
17540,team
17546,birthplace
17547,birthyear
17567,birthyear
17584,birthyear
17598,birthplace
17658,team
17662,team
17700,birthyear
17746,team
17750,team
17783,birthyear
17815,birthyear
17857,team
17876,birthplace
17911,birthplace
17939,team
17943,birthplace
18027,birthyear
18073,birthyear
18073,team
18076,team
18077,team
18084,birthplace
18124,birthplace
18152,birthplace
18165,team
18173,birthyear
18173,team
18200,birthplace
18204,birthplace
18213,birthplace
18244,birthyear
18244,team
18261,team
18274,birthplace
18304,birthplace
18318,team
18321,team
18337,birthplace
18361,birthplace
18389,birthyear
18401,birthyear
18475,team
18530,birthplace
18534,birthplace
18598,team
18604,birthplace
18605,birthplace
18620,birthplace
18690,birthplace
18714,team
18719,birthyear
18726,birthyear
18733,birthyear
18734,birthplace
18760,birthyear
18782,team
18786,birthyear
18795,birthplace
18800,birthplace
18805,birthyear
18807,birthplace
18819,birthplace
18838,birthplace
18852,birthyear
18881,birthyear
18881,team
18884,team
18888,team
18931,birthplace
18938,birthplace
18951,birthyear
18992,birthplace
19004,team
19012,birthplace
19030,birthplace
19034,team
19041,birthyear
19047,birthplace
19055,birthplace
19058,birthyear
19060,team
19070,birthplace
19075,birthplace
19096,team
19103,team
19105,birthyear
19160,birthplace
19201,birthplace
19203,birthyear
19204,birthplace
19205,team
19233,birthplace
19260,birthplace
19264,team
19275,team
19291,team
19296,birthplace
19303,birthplace
19307,team
19323,birthplace
19333,team
19336,birthplace
19355,birthplace
19399,birthplace
19427,birthyear
19487,birthplace
19517,birthyear
19539,birthyear
19577,birthplace
19587,birthyear
19587,team
19596,birthyear
19600,birthyear
19608,team
19635,birthyear
19639,birthplace
19696,birthyear
19705,birthplace
19709,team
19730,birthplace
19755,birthyear
19760,birthyear
19765,birthyear
19782,team
19785,birthplace
19813,birthyear
19829,birthplace
19845,birthplace
19897,birthplace
19898,birthyear
19911,team
19921,birthplace
19925,birthplace
19934,team
19939,birthyear
19953,birthyear
19957,birthyear
19960,birthyear
19994,birthyear
20039,birthyear
20040,birthyear
20050,team
20054,team
20059,team
20077,birthyear
20107,team
20119,birthplace
20135,birthplace
20168,birthplace
20183,birthplace
20184,birthplace
20204,team
20210,birthplace
20211,birthyear
20213,birthyear
20250,birthyear
20251,team
20287,birthplace
20303,birthyear
20303,team
20305,birthplace
20329,team
20362,birthplace
20371,birthplace
20397,team
20412,birthyear
20435,team
20446,birthyear
20469,birthplace
20497,team
20569,birthplace
20625,team
20705,birthyear
20710,birthplace
20722,birthyear
20726,birthplace
20741,birthyear
20760,team
20800,birthyear
20823,team
20852,birthyear
20882,birthplace
20897,birthyear
20898,birthplace
20899,birthyear
20908,team
20922,birthyear
20930,birthyear
20961,birthyear
20973,birthplace
20974,birthplace
20980,team
21045,birthplace
21078,birthyear
21078,team
21082,team
21088,birthplace
21109,team
21169,birthyear
21169,team
21199,team
21239,team
21250,team
21264,birthplace
21292,birthplace
21303,team
21325,team
21336,birthplace
21394,birthplace
21397,birthyear
21420,birthyear
21422,team
21423,team
21433,team
21434,birthplace
21441,team
21450,team
21474,birthplace
21480,birthplace
21518,birthyear
21535,birthplace
21541,birthyear
21542,team
21550,birthyear
21553,birthyear
21553,team
21558,team
21578,birthplace
21619,birthplace
21631,birthyear
21660,birthplace
21661,team
21667,birthplace
21668,birthplace
21669,team
21676,birthyear
21689,team
21695,team
21707,birthplace
21727,team
21736,birthyear
21741,birthyear
21765,birthplace
21786,birthyear
21801,team
21818,team
21820,team
21833,birthplace
21857,birthyear
21860,birthyear
21861,birthplace
21872,team
21875,birthyear
21875,team
21891,birthyear
21896,birthplace
21929,birthyear
21939,birthyear
21949,birthplace
21992,birthplace
21993,birthplace
22018,birthyear
22020,team
22153,team
22163,birthplace
22165,team
22201,team
22212,birthplace
22249,team
22271,team
22275,birthplace
22278,birthplace
22283,birthyear
22312,birthplace
22318,birthplace
22328,birthplace
22363,birthyear
22371,birthyear
22441,birthyear
22444,birthyear
22448,birthyear
22473,birthyear
22473,team
22479,team
22480,birthyear
22499,birthyear
22499,team
22522,birthyear
22535,birthplace
22561,birthplace
22582,team
22589,team
22598,birthyear
22598,team
22623,birthplace
22633,team
22650,birthyear
22650,team
22663,birthyear
22701,birthplace
22703,team
22755,team
22756,birthyear
22765,birthyear
22788,birthplace
22796,birthyear
22819,birthplace
22820,birthyear
22830,team
22840,team
22915,birthplace
22970,birthplace
22986,birthplace
22991,birthplace
22992,team
23003,birthplace
23009,birthplace
23010,team
23044,birthyear
23045,team
23072,team
23076,team
23081,team
23095,birthplace
23097,birthyear
23147,birthyear
23158,birthyear
23180,birthplace
23222,birthyear
23230,birthplace
23243,birthplace
23278,birthplace
23304,birthplace
23308,team
23321,birthplace
23327,team
23342,birthplace
23370,birthplace
23372,team
23384,birthplace
23404,team
23414,birthplace
23424,team
23425,team
23443,birthyear
23461,birthplace
23483,birthplace
23485,birthyear
23499,birthyear
23597,birthyear
23597,team
23598,team
23616,birthyear
23616,team
23661,team
23663,birthyear
23700,team
23731,birthyear
23731,team
23746,birthplace
23751,birthyear
23812,team
23815,birthyear
23854,birthyear
23869,birthplace
23879,birthyear
23912,team
23940,birthplace
23955,birthplace
23975,team
24003,team
24022,birthplace
24030,birthyear
24030,team
24041,birthplace
24085,team
24087,team
24144,team
24156,birthplace
24196,birthyear
24275,team
24277,birthyear
24277,team
24296,team
24311,team
24367,birthyear
24368,team
24385,birthplace
24386,birthyear
24390,birthyear
24393,birthplace
24416,birthplace
24423,team
24435,birthplace
24457,team
24460,team
24505,birthyear
24508,birthyear
24513,birthplace
24514,birthplace
24664,birthplace
24675,birthplace
24676,team
24703,birthplace
24708,birthplace
24717,birthplace
24747,team
24751,birthyear
24759,birthplace
24783,birthyear
24824,birthyear
24824,team
24833,team
24844,team
24856,birthplace
24872,team
24881,birthplace
24889,birthplace
24904,team
24926,birthplace
24942,birthplace
24947,birthyear
24947,team
24962,birthplace
24973,team
24986,birthplace
25022,birthyear
25022,team
25025,birthyear
25044,team
25052,birthyear
25087,birthplace
25144,birthyear
25170,team
25171,birthplace
25174,birthplace
25208,birthplace
25215,birthplace
25222,birthyear
25252,birthyear
25274,team
25280,birthplace
25283,birthplace
25317,birthyear
25340,birthyear
25390,birthyear
25398,team
25427,birthplace
25432,birthplace
25449,birthyear
25465,birthplace
25474,birthplace
25494,team
25498,birthplace
25519,birthplace
25547,birthplace
25552,birthyear
25572,team
25597,birthyear
25624,birthplace
25629,team
25644,birthplace
25664,birthyear
25664,team
25676,birthyear
25681,birthplace
25695,team
25711,birthplace
25719,birthyear
25739,birthyear
25743,team
25763,birthyear
25763,team
25771,birthplace
25827,birthyear
25833,birthyear
25845,birthplace
25908,birthplace
25929,team
25930,birthplace
25944,birthyear
25968,birthyear
25976,team
26012,birthplace
26034,birthyear
26050,birthyear
26050,team
26125,birthyear
26171,team
26186,team
26188,birthyear
26214,team
26216,team
26217,team
26238,team
26246,birthyear
26265,birthplace
26277,team
26285,team
26286,birthyear
26295,birthyear
26326,birthyear
26370,birthyear
26370,team
26373,team
26448,birthyear
26459,birthplace
26463,birthplace
26512,birthplace
26527,birthplace
26537,birthplace
26545,birthyear
26545,team
26549,birthyear
26559,birthyear
26575,team
26581,birthplace
26586,birthyear
26633,birthplace
26644,birthplace
26648,team
26686,birthyear
26723,team
26725,birthplace
26770,team
26786,team
26849,birthplace
26862,birthyear
26890,birthplace
26907,team
26914,birthplace
26925,birthplace
26941,birthyear
26955,team
26985,birthyear
27027,birthplace
27059,team
27109,team
27114,birthplace
27115,birthyear
27115,team
27120,team
27134,team
27146,team
27166,team
27187,team
27193,birthplace
27195,team
27199,team
27232,team
27235,team
27238,team
27266,birthplace
27278,birthyear
27298,birthyear
27298,team
27336,birthplace
27349,birthplace
27377,birthyear
27389,birthplace
27403,birthyear
27412,team
27436,birthyear
27461,team
27463,birthyear
27469,birthplace
27488,team
27493,birthyear
27502,birthyear
27502,team
27525,team
27528,team
27532,birthyear
27551,birthyear
27568,birthplace
27570,birthplace
27595,team
27601,team
27638,birthyear
27645,team
27657,birthplace
27673,birthplace
27694,birthplace
27695,birthplace
27702,team
27721,team
27734,team
27743,birthplace
27825,birthyear
27828,birthyear
27840,team
27855,team
27869,team
27872,birthplace
27908,team
27914,birthyear
27916,birthplace
27941,birthplace
27947,birthplace
27951,birthplace
27969,birthyear
27975,birthplace
27980,birthplace
27996,birthyear
28010,birthplace
28014,birthyear
28018,birthyear
28025,team
28047,birthplace
28048,birthyear
28057,birthyear
28074,birthyear
28074,team
28100,birthyear
28125,birthyear
28155,birthplace
28159,birthyear
28171,birthplace
28183,team
28194,birthplace
28197,birthyear
28200,birthplace
28203,team
28216,birthyear
28231,team
28256,birthyear
28256,team
28257,birthplace
28261,birthplace
28298,team
28306,birthyear
28306,team
28309,team
28320,birthyear
28328,birthyear
28328,team
28344,birthplace
28379,birthyear
28384,birthyear
28450,birthyear
28451,birthyear
28459,birthplace
28468,birthyear
28494,birthplace
28496,team
28530,team
28533,birthplace
28537,birthyear
28539,birthyear
28539,team
28545,birthplace
28547,birthplace
28549,team
28564,birthplace
28581,birthyear
28581,team
28587,birthplace
28589,birthplace
28620,birthplace
28647,birthyear
28663,team
28670,team
28671,team
28719,team
28726,birthyear
28743,birthplace
28797,birthyear
28811,birthyear
28817,birthplace
28836,team
28841,team
28852,team
28865,birthplace
28878,team
28896,team
28907,team
28925,birthyear
28954,birthyear
28964,birthyear
28967,team
29047,birthyear
29047,team
29078,birthplace
29080,birthplace
29098,birthplace
29111,birthyear
29119,birthyear
29119,team
29124,team
29139,birthplace
29142,birthplace
29162,birthplace
29194,birthyear
29194,team
29221,birthplace
29227,birthyear
29261,birthplace
29279,birthplace
29356,birthplace
29357,birthplace
29379,team
29384,birthyear
29411,team
29439,birthplace
29458,birthplace
29475,team
29478,birthyear
29480,team
29495,birthyear
29495,team
29510,team
29519,birthyear
29525,birthyear
29525,team
29587,birthplace
29595,team
29606,birthyear
29624,team
29661,team
29683,team
29688,birthyear
29714,team
29800,birthyear
29812,team
29831,team
29845,birthplace
29865,birthplace
29891,team
29920,team
29940,birthplace
29956,birthyear
29960,team
29965,birthyear
29978,birthplace
30002,team
30003,team
30012,team
30021,birthyear
30022,team
30025,birthyear
30038,team
30064,birthplace
30080,team
30097,team
30119,birthplace
30174,team
30175,birthyear
30183,birthyear
30198,birthyear
30204,birthyear
30220,team
30226,birthyear
30264,team
30283,team
30293,birthplace
30300,birthplace
30303,birthplace
30331,birthplace
30425,birthplace
30459,team
30468,birthyear
30469,birthyear
30511,birthplace
30534,birthplace
30543,birthyear
30552,birthplace
30573,birthyear
30613,birthyear
30636,birthplace
30640,birthyear
30650,team
30666,team
30668,birthyear
30676,birthyear
30683,team
30730,team
30738,team
30754,birthyear
30794,birthyear
30840,birthyear
30858,birthplace
30909,birthplace
30918,team
30926,birthyear
30926,team
30935,birthplace
30949,birthplace
30997,birthplace
30999,birthplace
31018,birthplace
31069,birthplace
31132,birthplace
31146,birthplace
31162,team
31168,team
31188,team
31193,birthplace
31224,birthyear
31232,team
31248,birthyear
31248,team
31249,team
31250,birthplace
31253,birthplace
31255,birthyear
31269,birthyear
31278,birthplace
31279,team
31285,birthyear
31296,birthplace
31316,team
31322,birthyear
31323,birthplace
31327,birthyear
31349,birthplace
31356,birthyear
31356,team
31360,birthplace
31376,birthplace
31397,team
31404,birthyear
31414,birthyear
31504,birthplace
31511,team
31527,birthyear
31530,birthyear
31536,team
31555,birthyear
31564,team
31594,birthplace
31597,birthyear
31600,birthyear
31622,birthplace
31629,birthyear
31658,birthyear
31658,team
31709,birthplace
31806,birthyear
31806,team
31813,birthplace
31826,team
31848,birthplace
31903,birthplace
31938,birthplace
31942,birthplace
31981,birthyear
32021,team
32029,birthplace
32035,birthyear
32035,team
32045,birthyear
32066,birthyear
32099,team
32114,team
32127,birthyear
32127,team
32130,birthyear
32130,team
32139,birthplace
32162,birthyear
32184,team
32196,team
32262,birthyear
32269,team
32294,team
32306,team
32307,birthplace
32338,birthplace
32392,birthplace
32394,birthyear
32394,team
32395,team
32418,birthplace
32446,birthyear
32465,birthyear
32475,birthyear
32493,birthplace
32523,birthplace
32542,team
32544,birthplace
32555,team
32578,birthplace
32583,birthyear
32610,birthyear
32651,birthyear
32675,team
32709,team
32720,birthplace
32721,birthyear
32735,birthplace
32743,birthyear
32774,birthplace
32786,birthplace
32846,team
32847,birthyear
32849,team
32867,team
32875,birthplace
32878,birthplace
32917,team
32939,team
32960,birthyear
32979,team
33012,birthplace
33029,birthplace
33032,birthyear
33069,team
33085,birthyear
33111,birthplace
33141,team
33151,team
33155,team
33156,birthplace
33178,birthplace
33204,birthyear
33211,birthplace
33215,team
33225,birthplace
33227,birthyear
33239,birthyear
33259,team
33267,birthyear
33267,team
33268,team
33274,team
33276,team
33285,birthyear
33308,birthyear
33323,birthplace
33362,birthyear
33363,team
33372,birthplace
33375,birthyear
33389,team
33412,team
33421,birthplace
33442,team
33445,team
33484,birthyear
33491,birthyear
33494,team
33549,birthplace
33559,birthplace
33562,birthyear
33580,team
33581,birthyear
33596,birthyear
33619,birthplace
33623,birthyear
33624,birthplace
33631,team
33649,birthyear
33664,team
33687,team
33700,birthyear
33706,birthplace
33710,birthplace
33728,birthyear
33775,birthplace
33799,birthyear
33857,birthyear
33867,birthyear
33868,team
33893,team
33899,birthyear
33934,birthplace
33944,birthplace
33985,birthplace
33987,birthplace
33990,birthplace
34001,birthyear
34001,team
34006,birthyear
34009,team
34011,birthplace
34052,birthplace
34078,birthyear
34100,birthyear
34118,birthplace
34141,birthyear
34149,birthyear
34153,team
34162,birthyear
34166,birthplace
34189,birthplace
34214,birthyear
34217,team
34240,birthplace
34254,birthplace
34299,birthyear
34300,birthyear
34319,birthplace
34351,birthyear
34362,team
34382,team
34396,team
34453,birthplace
34464,birthplace
34485,birthyear
34507,birthyear
34517,birthplace
34532,birthyear
34571,birthyear
34584,birthyear
34603,team
34607,birthyear
34632,team
34652,team
34653,birthplace
34717,team
34720,team
34741,birthplace
34770,team
34800,birthplace
34807,birthyear
34835,birthplace
34868,team
34869,birthyear
34887,birthplace
34889,birthyear
34890,team
34900,team
34939,birthyear
34985,team
35008,birthplace
35035,birthyear
35098,birthplace
35099,birthplace
35124,team
35142,team
35165,birthyear
35175,birthplace
35180,birthyear
35182,team
35229,birthyear
35248,birthyear
35251,birthplace
35282,birthplace
35301,birthplace
35304,team
35352,birthyear
35363,birthplace
35419,birthplace
35435,team
35447,birthyear
35459,birthyear
35479,birthplace
35503,team
35504,birthyear
35511,birthyear
35531,birthyear
35533,birthyear
35535,birthyear
35549,birthplace
35581,birthyear
35588,birthyear
35630,birthplace
35675,team
35699,birthyear
35706,birthyear
35755,birthplace
35760,team
35786,team
35798,team
35807,birthyear
35829,birthyear
35829,team
35830,team
35843,birthyear
35857,team
35879,team
35892,birthplace
35893,birthplace
35894,team
35907,team
35929,team
35932,birthyear
35954,birthyear
35989,birthyear
36027,team
36039,team
36046,birthyear
36047,birthplace
36051,birthyear
36051,team
36058,team
36062,team
36098,birthyear
36125,birthplace
36133,birthyear
36145,birthyear
36158,birthyear
36158,team
36198,birthyear
36237,birthyear
36240,birthplace
36263,birthyear
36307,birthyear
36307,team
36313,team
36328,birthyear
36332,team
36342,birthplace
36345,birthyear
36345,team
36370,birthplace
36401,birthyear
36401,team
36409,birthyear
36430,team
36447,team
36478,birthplace
36515,birthplace
36552,team
36559,birthplace
36585,team
36590,birthyear
36618,birthplace
36626,birthplace
36655,team
36657,team
36660,birthplace
36665,birthyear
36686,team
36706,birthplace
36707,team
36724,birthplace
36734,birthplace
36735,birthyear
36746,birthplace
36764,team
36800,team
36806,birthyear
36810,birthplace
36842,birthplace
36856,birthyear
36874,team
36889,birthplace
36921,team
36923,birthyear
36929,birthyear
36935,birthyear
36950,team
36960,birthyear
36976,birthplace
36981,team
36987,birthplace
37023,birthyear
37062,birthyear
37073,birthyear
37091,team
37094,birthplace
37096,birthplace
37108,birthplace
37118,birthplace
37183,team
37200,birthyear
37237,team
37257,birthyear
37285,team
37307,birthyear
37323,birthyear
37325,birthplace
37363,birthyear
37423,team
37426,birthyear
37434,birthyear
37435,birthyear
37449,birthyear
37449,team
37463,birthplace
37490,birthyear
37499,birthyear
37509,team
37530,birthplace
37535,birthplace
37549,birthyear
37551,team
37559,birthplace
37563,team
37586,team
37612,birthyear
37628,birthplace
37642,team
37654,birthplace
37663,birthyear
37692,birthyear
37828,birthyear
37828,team
37836,birthplace
37841,birthplace
37854,team
37909,team
37992,birthyear
37993,team
38080,team
38082,birthplace
38085,team
38118,birthyear
38122,birthplace
38152,birthplace
38154,birthyear
38182,team
38188,birthyear
38188,team
38190,birthyear
38204,birthplace
38205,birthyear
38248,team
38266,team
38274,birthyear
38287,birthyear
38318,team
38330,birthyear
38382,birthyear
38398,team
38400,team
38401,team
38404,birthyear
38410,birthyear
38412,team
38414,birthplace
38448,birthyear
38468,birthplace
38538,team
38550,team
38570,team
38620,team
38633,birthyear
38639,birthyear
38644,birthplace
38652,birthplace
38659,birthyear
38660,birthyear
38668,birthyear
38689,birthplace
38707,birthyear
38722,team
38741,birthplace
38756,birthplace
38789,birthplace
38797,birthplace
38802,birthplace
38821,birthplace
38822,team
38828,birthyear
38834,team
38868,team
38882,birthyear
38882,team
38898,team
38903,birthyear
38935,team
39006,birthyear
39028,team
39033,birthyear
39034,team
39068,birthplace
39082,birthyear
39094,birthplace
39115,birthplace
39127,birthplace
39161,birthyear
39164,team
39172,team
39186,birthyear
39226,birthyear
39264,team
39284,team
39308,birthplace
39314,birthplace
39342,team
39348,team
39350,birthyear
39358,birthyear
39384,birthplace
39405,birthplace
39450,birthplace
39454,birthyear
39462,birthplace
39481,birthplace
39490,team
39548,birthplace
39549,birthyear
39551,birthplace
39552,birthyear
39552,team
39583,birthplace
39591,birthplace
39604,birthplace
39610,team
39615,team
39617,team
39622,birthyear
39627,birthyear
39684,team
39698,birthyear
39710,birthplace
39726,birthplace
39747,birthyear
39751,birthplace
39762,team
39787,team
39790,birthplace
39828,birthyear
39830,team
39837,team
39842,birthyear
39848,birthplace
39876,team
39892,team
39976,team
39984,team
40008,birthplace
40015,birthplace
40042,birthyear
40059,team
40061,team
40077,birthyear
40078,birthplace
40093,birthplace
40123,team
40191,team
40196,birthplace
40198,birthplace
40213,birthyear
40219,birthplace
40259,team
40315,team
40352,team
40380,birthyear
40400,team
40424,birthyear
40440,birthyear
40460,team
40494,birthplace
40501,birthplace
40507,birthyear
40507,team
40533,birthplace
40538,team
40573,birthplace
40583,team
40591,birthyear
40611,birthyear
40634,birthplace
40688,team
40729,birthplace
40732,birthyear
40761,birthplace
40768,birthyear
40809,birthyear
40809,team
40819,team
40835,birthyear
40852,birthyear
40855,birthyear
40873,team
40880,birthyear
40880,team
40883,birthyear
40883,team
40969,team
40970,birthyear
41073,team
41086,team
41093,birthyear
41107,birthyear
41119,birthyear
41127,birthplace
41140,birthyear
41182,birthplace
41183,birthplace
41188,birthplace
41211,birthplace
41222,birthplace
41224,team
41240,birthplace
41248,birthplace
41250,birthyear
41254,birthplace
41256,team
41264,team
41265,birthplace
41285,birthplace
41319,birthplace
41333,birthyear
41336,birthyear
41340,team
41351,team
41406,birthplace
41425,birthyear
41440,team
41471,team
41503,birthyear
41503,team
41514,birthyear
41522,team
41545,birthplace
41557,birthplace
41590,birthplace
41608,birthplace
41625,team
41647,birthplace
41658,birthyear
41663,team
41680,team
41705,birthyear
41726,birthplace
41815,birthplace
41831,team
41850,birthplace
41946,birthplace
41956,birthplace
41957,birthyear
41965,birthyear
41966,birthplace
41982,team
41987,birthyear
42010,birthplace
42018,team
42019,birthplace
42028,birthplace
42029,birthplace
42068,team
42102,team
42169,birthyear
42285,team
42299,team
42301,birthplace
42309,team
42338,birthyear
42377,birthplace
42416,birthplace
42431,birthyear
42435,birthplace
42437,team
42447,team
42449,team
42467,team
42472,birthplace
42476,birthplace
42485,birthyear
42495,birthplace
42509,team
42513,team
42539,birthyear
42545,team
42577,birthplace
42586,team
42627,birthyear
42633,birthplace
42640,birthyear
42771,birthplace
42775,team
42780,birthplace
42785,birthplace
42816,birthplace
42823,birthplace
42832,birthyear
42844,birthyear
42872,birthplace
42888,birthyear
42893,birthyear
42942,birthplace
42950,birthyear
42955,birthyear
42984,team
43001,birthyear
43051,birthplace
43121,birthplace
43130,birthplace
43143,team
43146,birthyear
43153,birthyear
43161,birthyear
43164,birthyear
43164,team
43170,birthyear
43176,team
43185,team
43191,birthyear
43208,birthplace
43209,birthyear
43221,team
43246,team
43279,birthyear
43280,birthplace
43298,birthyear
43312,birthyear
43314,team
43321,birthyear
43341,birthplace
43376,birthyear
43383,birthplace
43389,birthyear
43411,birthyear
43443,birthplace
43465,team
43470,birthyear
43502,birthplace
43503,team
43536,birthyear
43577,birthyear
43608,team
43675,birthplace
43679,team
43721,team
43746,team
43798,birthyear
43819,birthplace
43829,birthyear
43904,birthplace
43913,birthplace
43918,birthyear
43935,team
43963,birthplace
43964,team
43985,team
44010,birthplace
44013,team
44052,birthplace
44057,birthyear
44177,team
44194,birthplace
44249,team
44264,birthplace
44312,team
44342,birthplace
44348,birthplace
44358,team
44364,birthplace
44373,birthplace
44375,birthyear
44375,team
44390,birthyear
44393,team
44404,birthplace
44407,birthyear
44437,birthplace
44438,birthyear
44459,team
44501,birthyear
44536,birthyear
44557,team
44577,team
44586,birthyear
44589,team
44592,team
44607,birthyear
44607,team
44637,birthyear
44644,team
44651,birthyear
44668,birthplace
44730,team
44733,birthyear
44742,birthplace
44752,team
44760,team
44777,birthplace
44780,team
44812,birthplace
44819,birthyear
44826,team
44860,birthplace
44870,team
44877,team
44889,birthyear
44932,team
44939,birthplace
44953,birthplace
44957,team
44986,team
45000,birthplace
45025,birthyear
45025,team
45036,team
45044,team
45069,birthyear
45085,birthplace
45181,team
45183,team
45219,team
45245,birthplace
45260,team
45267,birthplace
45270,team
45296,birthplace
45303,team
45308,birthyear
45308,team
45322,team
45392,birthplace
45393,birthyear
45396,birthyear
45400,team
45407,birthplace
45410,birthplace
45429,birthplace
45434,birthplace
45464,birthplace
45470,birthyear
45471,birthyear
45471,team
45475,birthplace
45505,birthplace
45537,team
45544,birthplace
45547,birthplace
45593,birthyear
45594,birthplace
45626,team
45665,team
45667,birthyear
45676,birthplace
45680,birthyear
45680,team
45696,birthyear
45705,birthplace
45734,birthplace
45756,birthplace
45819,birthplace
45836,birthyear
45850,team
45875,birthyear
45875,team
45881,birthplace
45928,birthplace
45937,birthplace
45955,birthplace
45956,birthplace
45965,birthyear
45969,birthplace
45980,birthyear
46029,birthplace
46044,birthyear
46044,team
46048,birthplace
46072,birthplace
46084,birthyear
46091,birthyear
46092,team
46132,birthyear
46140,birthyear
46166,birthyear
46191,birthplace
46205,team
46206,team
46209,birthyear
46209,team
46250,birthyear
46264,team
46304,birthplace
46336,birthplace
46352,birthplace
46387,birthyear
46428,birthplace
46445,birthplace
46448,birthyear
46502,team
46506,team
46532,team
46535,birthyear
46535,team
46541,birthyear
46565,birthplace
46583,birthyear
46596,birthyear
46600,birthplace
46640,birthyear
46724,birthyear
46750,team
46761,birthplace
46766,birthyear
46778,birthyear
46845,birthyear
46865,birthyear
46865,team
46942,birthplace
46969,birthplace
46994,team
47013,birthplace
47020,birthyear
47034,birthplace
47059,birthplace
47077,team
47089,birthplace
47097,birthplace
47125,team
47129,team
47132,team
47135,team
47137,team
47142,birthyear
47142,team
47160,birthplace
47165,team
47174,birthplace
47183,team
47187,birthplace
47191,team
47192,birthyear
47214,birthplace
47215,birthyear
47257,team
47278,birthplace
47291,birthyear
47308,team
47312,birthplace
47322,birthyear
47322,team
47329,team
47341,birthyear
47353,birthplace
47372,birthplace
47377,team
47387,birthyear
47417,team
47427,birthplace
47503,team
47528,team
47573,team
47583,birthplace
47631,team
47640,birthyear
47667,birthyear
47683,birthyear
47686,birthyear
47705,team
47736,team
47741,birthyear
47759,birthyear
47768,birthplace
47838,birthplace
47848,birthplace
47857,birthyear
47883,birthplace
47890,team
47895,birthyear
47895,team
47933,team
47938,team
47954,team
47976,birthplace
47981,birthplace
47985,team
47994,birthplace
48018,team
48074,birthplace
48081,team
48097,birthyear
48133,birthplace
48203,team
48204,birthyear
48218,team
48221,birthplace
48234,birthplace
48235,team
48280,team
48289,birthyear
48295,birthyear
48301,birthplace
48304,birthplace
48305,birthyear
48313,birthyear
48313,team
48318,team
48321,team
48353,birthyear
48365,birthplace
48420,birthplace
48429,team
48443,team
48449,team
48462,birthplace
48463,birthyear
48480,birthplace
48495,team
48520,team
48550,team
48557,birthyear
48559,birthplace
48578,birthyear
48585,birthyear
48585,team
48618,team
48619,birthyear
48668,birthplace
48671,birthplace
48717,birthplace
48736,birthplace
48751,team
48776,birthplace
48799,team
48824,birthplace
48835,birthplace
48838,birthyear
48864,team
48869,birthplace
48872,birthyear
48913,birthplace
48914,birthyear
48925,birthyear
48935,birthplace
48945,birthyear
48945,team
48956,birthplace
48960,birthplace
48966,birthplace
48972,team
48975,team
48980,team
49000,team
49001,team
49015,team
49042,birthyear
49043,team
49056,birthplace
49065,birthyear
49091,birthplace
49101,team
49137,team
49159,birthyear
49162,birthyear
49173,birthplace
49185,birthyear
49187,birthyear
49187,team
49235,birthyear
49242,birthplace
49298,team
49305,birthplace
49310,birthyear
49320,birthplace
49347,birthplace
49356,birthplace
49359,birthyear
49362,team
49394,birthyear
49394,team
49427,birthplace
49430,team
49431,birthplace
49437,team
49439,birthyear
49439,team
49447,team
49508,team
49520,team
49525,birthyear
49531,team
49549,team
49570,birthyear
49570,team
49574,birthplace
49582,team
49595,birthyear
49597,birthyear
49600,birthyear
49613,birthyear
49627,birthyear
49637,birthplace
49652,birthplace
49658,birthyear
49658,team
49677,birthplace
49698,birthplace
49732,team
49768,birthyear
49866,team
49871,team
49879,birthplace
49939,team
49941,birthplace
49942,birthplace
50001,birthplace
50002,birthplace
50046,team
50052,birthyear
50078,team
50095,team
50103,birthplace
50104,birthyear
50106,team
50107,birthplace
50108,birthplace
50123,birthyear
50171,team
50177,birthyear
50179,team
50189,team
50191,birthplace
50219,birthyear
50222,birthplace
50244,birthyear
50259,team
50264,team
50269,team
50321,birthplace
50327,team
50367,birthplace
50369,birthplace
50375,birthplace
50405,birthyear
50406,birthyear
50419,birthplace
50436,team
50451,birthyear
50460,birthyear
50528,birthplace
50531,birthplace
50542,birthplace
50553,team
50614,birthyear
50641,birthplace
50655,birthyear
50665,team
50680,team
50685,team
50686,birthplace
50724,birthplace
50727,birthyear
50731,birthplace
50733,team
50743,birthyear
50746,team
50753,birthplace
50761,birthyear
50783,team
50784,birthyear
50787,birthyear
50788,birthyear
50788,team
50801,team
50807,birthyear
50807,team
50813,birthyear
50845,team
50853,birthyear
50853,team
50888,birthplace
50890,team
50913,team
50916,birthyear
50921,birthyear
50934,birthplace
50957,birthyear
50976,team
50977,birthyear
50978,birthplace
50999,team
51001,birthplace
51010,birthyear
51035,birthyear
51036,birthyear
51053,team
51059,team
51070,birthplace
51080,birthyear
51089,birthplace
51124,birthplace
51136,team
51137,birthyear
51158,birthyear
51163,birthplace
51181,birthyear
51181,team
51185,birthplace
51222,team
51271,birthplace
51292,team
51310,birthplace
51351,birthyear
51352,team
51369,birthyear
51389,team
51391,birthyear
51430,birthyear
51446,team
51470,team
51472,birthplace
51475,team
51489,team
51497,team
51520,team
51522,team
51532,birthyear
51532,team
51537,birthyear
51544,birthyear
51577,team
51596,birthplace
51597,birthplace
51624,birthyear
51624,team
51625,birthplace
51672,birthplace
51679,birthplace
51682,birthplace
51704,team
51717,team
51741,birthyear
51771,birthyear
51781,birthyear
51803,birthplace
51815,team
51820,team
51830,birthplace
51837,team
51879,birthplace
51894,birthplace
51898,birthplace
51902,team
51971,birthplace
51976,birthplace
51999,team
52033,team
52081,birthplace
52097,team
52141,birthyear
52151,team
52176,birthplace
52180,team
52183,birthplace
52273,birthplace
52287,birthplace
52303,birthplace
52305,birthplace
52324,birthyear
52337,birthyear
52361,birthplace
52375,team
52397,team
52408,team
52423,birthplace
52425,team
52443,birthplace
52482,team
52485,team
52495,birthyear
52509,team
52511,birthplace
52529,team
52550,birthplace
52557,team
52571,team
52594,birthplace
52621,birthyear
52653,birthplace
52657,birthyear
52663,birthplace
52669,birthplace
52695,birthplace
52764,birthplace
52776,birthplace
52813,birthyear
52815,birthplace
52827,birthyear
52831,birthyear
52843,team
52847,birthplace
52858,birthyear
52872,team
52874,birthplace
52887,birthyear
52894,team
52900,team
52912,birthyear
52915,birthplace
52931,team
52933,birthyear
52992,birthyear
53001,team
53004,birthplace
53007,birthplace
53085,birthplace
53129,birthyear
53131,birthyear
53162,team
53165,team
53167,team
53172,birthyear
53174,birthplace
53182,birthplace
53183,birthplace
53188,birthplace
53197,team
53220,team
53227,birthplace
53240,birthplace
53273,team
53275,birthyear
53335,birthplace
53338,team
53427,team
53431,birthyear
53467,birthplace
53489,birthyear
53501,birthyear
53524,team
53541,birthyear
53573,birthyear
53582,birthplace
53594,birthyear
53604,team
53635,birthplace
53663,birthyear
53667,birthyear
53677,team
53686,birthplace
53719,birthplace
53723,birthyear
53727,birthyear
53727,team
53767,team
53769,birthyear
53771,team
53792,birthyear
53792,team
53798,team
53802,birthyear
53804,birthplace
53819,team
53821,birthplace
53828,birthyear
53860,team
53870,birthyear
53881,birthyear
53911,birthplace
53927,birthyear
53934,team
53938,team
53989,birthplace
54018,birthplace
54022,birthplace
54026,birthyear
54036,team
54056,birthplace
54059,birthyear
54119,team
54130,birthplace
54135,team
54175,birthyear
54175,team
54185,birthplace
54241,team
54301,birthyear
54333,team
54367,birthyear
54368,birthyear
54373,birthplace
54382,birthyear
54389,birthyear
54409,team
54418,team
54494,birthyear
54529,birthplace
54554,birthyear
54554,team
54566,birthyear
54582,birthyear
54586,team
54598,birthplace
54602,birthyear
54646,birthplace
54677,team
54691,birthplace
54705,team
54707,team
54730,birthplace
54748,birthplace
54750,birthplace
54769,birthyear
54770,team
54789,birthyear
54843,team
54851,birthyear
54881,birthyear
54886,team
54896,team
54901,birthyear
54909,birthplace
54933,team
54954,team
55027,team
55038,birthyear
55049,birthplace
55050,team
55064,team
55070,birthyear
55070,team
55075,birthplace
55087,birthplace
55105,team
55130,team
55141,birthyear
55150,team
55175,birthplace
55201,birthyear
55209,birthyear
55229,birthplace
55237,birthyear
55262,team
55271,birthplace
55288,birthyear
55292,birthplace
55301,birthplace
55364,birthyear
55372,birthplace
55399,birthplace
55404,team
55413,birthyear
55416,birthyear
55420,birthyear
55470,birthyear
55486,birthplace
55514,team
55518,birthplace
55537,team
55539,birthplace
55540,birthyear
55547,team
55575,birthplace
55619,birthyear
55619,team
55635,team
55647,team
55650,birthyear
55660,birthplace
55699,team
55723,birthyear
55731,team
55740,birthplace
55775,team
55784,birthplace
55823,birthplace
55833,team
55836,team
55852,birthyear
55856,birthplace
55861,birthplace
55886,team
55887,birthplace
55888,birthyear
55890,birthyear
55924,birthplace
55926,birthyear
55940,birthyear
55945,birthyear
55974,birthplace
55977,birthplace
56012,birthplace
56015,birthyear
56017,birthplace
56023,birthyear
56039,birthplace
56057,birthyear
56058,birthplace
56128,team
56161,birthyear
56175,birthplace
56202,birthplace
56225,birthyear
56248,birthyear
56259,birthplace
56289,birthyear
56333,team
56338,birthyear
56394,team
56424,birthplace
56429,birthplace
56441,birthyear
56462,birthyear
56463,team
56497,birthyear
56515,birthplace
56585,birthyear
56601,team
56610,birthyear
56622,team
56632,birthplace
56665,team
56689,team
56696,team
56722,birthyear
56740,birthyear
56740,team
56747,birthplace
56767,birthplace
56778,birthplace
56800,team
56813,birthyear
56818,birthyear
56837,team
56855,birthplace
56857,birthplace
56876,birthplace
56886,birthyear
56920,team
56924,birthyear
56929,team
56965,birthplace
56974,birthyear
56977,birthyear
56995,birthyear
56995,team
56998,birthplace
57002,birthplace
57008,birthyear
57013,team
57021,birthplace
57030,team
57037,team
57059,birthplace
57095,birthyear
57178,team
57209,birthplace
57230,team
57233,birthyear
57248,team
57249,team
57269,birthplace
57283,birthyear
57290,birthplace
57321,birthplace
57325,birthplace
57359,birthplace
57379,team
57380,birthyear
57383,birthyear
57430,birthplace
57444,birthyear
57462,birthyear
57468,birthyear
57474,birthyear
57484,birthyear
57509,birthyear
57513,team
57519,birthyear
57521,birthplace
57526,team
57539,birthyear
57569,team
57592,birthplace
57612,team
57694,birthyear
57698,birthplace
57714,birthplace
57748,team
57776,birthplace
57786,birthyear
57832,birthplace
57843,team
57846,birthplace
57850,birthyear
57850,team
57858,birthplace
57879,birthplace
57893,birthyear
57902,birthplace
57906,birthyear
57913,birthyear
57928,birthyear
57945,team
57947,birthplace
57954,birthyear
57966,birthyear
57966,team
57999,team
58019,birthplace
58020,birthplace
58031,birthyear
58044,birthplace
58057,birthyear
58061,birthplace
58110,birthplace
58117,birthyear
58120,birthplace
58126,birthyear
58126,team
58135,birthplace
58136,birthyear
58141,team
58154,birthplace
58183,team
58197,birthyear
58197,team
58199,birthplace
58266,birthyear
58283,team
58292,birthplace
58346,birthplace
58350,birthplace
58383,birthyear
58438,team
58459,birthyear
58507,team
58518,team
58527,birthyear
58527,team
58536,team
58558,birthplace
58568,team
58572,birthplace
58574,team
58582,team
58601,birthplace
58617,birthplace
58633,team
58645,birthplace
58682,birthplace
58687,birthplace
58697,birthyear
58701,birthplace
58713,birthyear
58737,birthplace
58786,team
58816,birthyear
58848,birthplace
58849,birthyear
58880,birthplace
58885,birthyear
58898,team
58903,birthyear
58904,team
58916,birthyear
58931,birthyear
58942,birthyear
58955,birthyear
58955,team
59017,birthyear
59017,team
59020,birthyear
59022,birthplace
59031,team
59056,birthyear
59065,team
59099,birthyear
59122,birthyear
59126,team
59130,birthyear
59136,team
59161,birthyear
59161,team
59176,birthyear
59209,team
59305,team
59326,birthplace
59346,birthplace
59371,team
59382,birthyear
59385,team
59487,birthyear
59505,birthplace
59549,birthplace
59551,birthyear
59604,birthyear
59610,team
59612,birthplace
59618,birthyear
59633,birthplace
59643,birthplace
59646,birthyear
59677,team
59708,team
59712,birthyear
59712,team
59718,birthyear
59764,birthplace
59767,birthyear
59784,birthyear
59791,birthyear
59795,birthyear
59799,birthyear
59850,birthyear
59891,birthplace
59932,team
59938,birthplace
59940,birthplace
59945,birthplace
59967,team
59985,team
59999,birthyear
60000,birthyear
60000,team
60007,birthplace
60042,birthplace
60051,birthplace
60065,team
60070,team
60073,birthplace
60080,birthplace
60104,team
60107,birthyear
60149,team
60159,birthyear
60159,team
60161,birthyear
60184,birthplace
60225,team
60295,birthplace
60305,team
60310,team
60314,birthplace
60321,birthplace
60324,birthplace
60325,birthplace
60343,birthplace
60355,birthyear
60361,team
60403,birthplace
60420,birthyear
60441,birthplace
60468,birthyear
60479,team
60497,birthplace
60527,birthplace
60558,birthplace
60575,birthplace
60612,team
60634,birthyear
60637,birthplace
60638,birthplace
60704,team
60718,team
60749,team
60755,birthplace
60766,birthyear
60861,birthyear
60863,birthyear
60885,birthplace
60894,birthplace
60914,birthyear
60918,team
60919,birthyear
60950,birthplace
60995,birthyear
60995,team
61029,team
61040,birthplace
61142,birthplace
61146,birthyear
61155,birthyear
61180,team
61185,team
61192,team
61208,birthplace
61235,birthyear
61236,birthyear
61236,team
61295,birthyear
61325,birthplace
61347,team
61358,team
61393,team
61424,birthyear
61477,team
61480,birthyear
61480,team
61494,team
61541,birthplace
61610,team
61647,team
61653,team
61680,team
61681,birthplace
61711,birthyear
61723,birthplace
61727,birthyear
61730,birthplace
61754,team
61769,birthyear
61817,birthyear
61834,birthplace
61865,birthyear
61891,birthplace
61928,birthyear
61952,birthplace
61967,birthplace
61982,birthyear
62007,team
62048,team
62054,birthplace
62073,birthyear
62081,birthplace
62091,team
62106,birthplace
62149,birthplace
62201,birthyear
62266,team
62329,birthyear
62338,birthplace
62363,birthplace
62379,team
62403,team
62420,team
62426,birthyear
62444,birthplace
62450,birthyear
62451,birthplace
62464,birthplace
62467,birthplace
62474,birthplace
62476,birthyear
62488,team
62501,birthplace
62518,birthplace
62553,birthyear
62574,birthyear
62601,birthplace
62620,birthplace
62657,birthyear
62702,birthyear
62764,birthyear
62769,team
62816,team
62826,birthplace
62841,team
62872,birthyear
62910,team
62923,birthplace
62929,birthyear
62934,birthplace
62942,birthyear
62952,birthyear
62974,birthyear
63016,birthplace
63021,team
63029,birthplace
63094,team
63096,birthyear
63131,team
63146,birthyear
63188,birthplace
63194,team
63243,birthyear
63245,birthyear
63251,team
63270,birthplace
63274,team
63328,team
63332,birthyear
63335,team
63343,birthyear
63346,team
63382,team
63388,birthplace
63427,team
63442,birthplace
63449,birthyear
63459,team
63462,birthyear
63471,team
63473,birthyear
63496,birthplace
63519,team
63544,team
63546,team
63620,team
63644,birthyear
63656,birthplace
63671,birthplace
63697,birthplace
63744,birthyear
63756,team
63783,birthyear
63784,birthplace
63795,birthyear
63797,birthplace
63834,birthyear
63841,team
63843,birthplace
63898,birthyear
63901,birthplace
63911,team
63926,birthplace
63935,team
63947,birthyear
63953,birthplace
63955,birthyear
63957,birthplace
63988,team
64015,birthyear
64022,birthyear
64034,team
64080,birthyear
64089,birthplace
64112,birthyear
64158,birthplace
64173,birthplace
64175,birthplace
64181,birthplace
64194,birthyear
64231,birthplace
64271,birthyear
64315,birthplace
64325,birthyear
64358,team
64365,team
64377,birthplace
64381,team
64391,birthplace
64393,birthyear
64397,team
64426,birthyear
64504,birthyear
64505,birthyear
64516,birthyear
64524,team
64537,birthyear
64541,birthplace
64568,birthplace
64572,birthplace
64583,birthyear
64606,team
64639,birthyear
64639,team
64641,birthplace
64666,birthyear
64680,team
64697,birthplace
64713,birthplace
64752,birthplace
64759,birthplace
64816,team
64823,team
64835,birthplace
64836,birthyear
64862,team
64878,birthyear
64881,birthplace
64894,birthplace
64904,birthyear
64922,birthplace
64940,team
64967,birthplace
64972,birthplace
64976,birthplace
65014,team
65056,team
65057,birthyear
65069,birthplace
65085,birthplace
65110,birthplace
65126,birthplace
65147,birthplace
65148,birthplace
65149,team
65167,birthplace
65180,birthyear
65192,team
65193,team
65226,birthplace
65233,birthyear
65234,birthplace
65262,birthyear
65278,birthplace
65284,birthplace
65287,team
65289,birthplace
65292,team
65332,birthyear
65341,team
65345,team
65355,birthyear
65398,birthyear
65408,team
65411,birthyear
65415,birthplace
65423,team
65435,birthplace
65456,birthyear
65548,birthplace
65575,birthplace
65589,birthyear
65595,birthplace
65633,birthplace
65635,birthyear
65647,birthplace
65693,birthyear
65704,team
65716,birthplace
65719,birthyear
65719,team
65725,birthyear
65725,team
65750,birthplace
65802,team
65824,team
65839,birthplace
65883,birthyear
65884,team
65904,birthyear
65911,birthyear
65930,birthplace
65944,birthplace
65950,birthyear
65966,birthplace
65990,birthplace
66047,birthplace
66072,team
66089,birthyear
66097,birthplace
66103,birthyear
66145,birthplace
66172,birthplace
66190,birthyear
66218,birthyear
66237,birthyear
66249,birthplace
66254,birthyear
66264,birthyear
66296,birthyear
66312,team
66318,birthplace
66320,team
66346,birthplace
66366,team
66401,birthplace
66411,birthplace
66417,birthyear
66417,team
66423,birthplace
66427,birthyear
66428,team
66442,team
66444,birthplace
66495,team
66504,birthplace
66518,birthyear
66553,birthplace
66555,birthplace
66560,birthplace
66564,birthplace
66565,birthplace
66571,team
66572,birthyear
66596,birthplace
66650,birthyear
66663,team
66687,birthplace
66713,birthyear
66715,team
66724,birthplace
66754,birthyear
66758,team
66764,birthyear
66771,birthyear
66785,birthyear
66813,birthplace
66818,birthplace
66831,team
66854,birthplace
66861,birthplace
66870,birthplace
66878,birthyear
66898,team
66901,birthyear
66902,team
66903,birthplace
66904,team
66915,birthplace
66952,birthyear
66973,birthplace
66986,birthplace
67013,birthplace
67017,team
67020,birthplace
67055,birthplace
67066,team
67105,birthplace
67152,team
67181,birthyear
67205,team
67223,team
67284,birthyear
67348,team
67367,birthyear
67442,birthplace
67447,birthplace
67460,birthplace
67466,team
67467,team
67484,birthplace
67522,team
67524,birthyear
67524,team
67549,team
67553,birthplace
67556,team
67557,birthyear
67576,birthplace
67611,team
67612,birthyear
67612,team
67652,birthplace
67680,birthyear
67688,birthyear
67715,team
67734,birthyear
67734,team
67748,birthplace
67771,birthyear
67788,birthyear
67790,birthyear
67793,team
67851,birthyear
67930,birthplace
67948,birthyear
67964,birthyear
67995,birthyear
68022,birthplace
68057,team
68061,birthyear
68065,birthplace
68072,birthplace
68095,birthplace
68109,birthyear
68121,birthyear
68128,birthplace
68207,birthyear
68214,team
68217,team
68229,team
68239,birthyear
68267,birthyear
68267,team
68276,birthyear
68281,birthplace
68304,team
68366,birthyear
68436,birthplace
68477,birthplace
68482,birthplace
68513,birthplace
68540,team
68543,birthplace
68560,birthyear
68581,birthyear
68583,birthyear
68596,birthplace
68633,birthplace
68647,birthyear
68674,team
68690,team
68700,team
68740,birthplace
68760,birthplace
68761,birthyear
68761,team
68783,birthyear
68825,birthyear
68843,team
68855,birthplace
68873,team
68877,birthyear
68902,team
68906,team
68919,birthyear
68919,team
68921,birthyear
68931,birthyear
68945,team
68956,birthyear
68961,birthplace
68975,birthplace
68997,birthplace
69007,birthyear
69008,birthplace
69019,team
69021,birthyear
69025,birthyear
69040,birthyear
69044,birthyear
69082,birthyear
69130,birthyear
69145,birthyear
69150,team
69163,team
69168,team
69183,team
69184,birthplace
69193,team
69203,birthyear
69215,birthplace
69261,birthplace
69283,birthplace
69298,birthplace
69379,birthyear
69379,team
69388,birthyear
69400,team
69408,birthyear
69408,team
69417,team
69434,birthplace
69466,team
69504,team
69508,birthplace
69524,birthyear
69545,birthyear
69549,birthyear
69574,birthplace
69595,team
69610,birthplace
69617,team
69622,birthplace
69632,team
69661,birthplace
69664,team
69682,team
69683,birthyear
69693,birthyear
69720,birthplace
69727,birthplace
69735,birthyear
69744,team
69749,team
69752,birthyear
69759,birthyear
69766,birthplace
69771,team
69779,birthplace
69800,team
69807,birthplace
69845,team
69878,birthyear
69938,team
69942,team
69958,birthplace
69960,birthplace
69975,birthyear
69983,birthyear
69987,team
70015,birthplace
70040,team
70125,birthplace
70145,birthplace
70153,team
70175,birthplace
70203,birthyear
70206,team
70211,birthplace
70220,birthyear
70249,birthplace
70259,birthplace
70279,team
70352,team
70357,birthplace
70360,birthplace
70361,birthyear
70376,team
70382,team
70403,birthplace
70415,birthplace
70426,birthyear
70437,team
70463,team
70474,birthplace
70482,birthyear
70497,birthyear
70497,team
70501,birthyear
70514,birthyear
70516,birthyear
70520,team
70522,birthplace
70596,birthyear
70627,birthyear
70665,birthplace
70708,birthplace
70709,birthyear
70744,birthplace
70786,birthyear
70790,birthplace
70809,birthyear
70841,birthplace
70845,team
70847,birthyear
70849,birthplace
70883,team
70899,birthyear
70901,team
70902,birthyear
70924,team
71023,birthplace
71034,birthplace
71052,birthplace
71070,birthplace
71073,birthplace
71080,birthyear
71080,team
71082,team
71100,birthplace
71103,birthplace
71123,birthplace
71127,birthplace
71133,birthplace
71168,team
71185,team
71209,birthyear
71218,birthyear
71218,team
71248,team
71259,birthplace
71292,birthplace
71341,birthyear
71342,birthyear
71383,team
71400,team
71429,team
71496,birthplace
71508,team
71529,birthyear
71535,birthplace
71546,birthyear
71580,birthyear
71586,team
71592,team
71626,birthplace
71630,birthyear
71635,birthyear
71635,team
71668,birthplace
71671,birthyear
71685,birthyear
71728,team
71735,birthyear
71735,team
71771,team
71798,team
71814,team
71829,birthplace
71903,birthyear
71905,team
71914,birthplace
71917,team
71956,birthplace
71977,birthplace
72016,team
72029,birthyear
72059,birthyear
72087,birthyear
72093,birthyear
72094,birthyear
72094,team
72104,team
72119,birthyear
72124,birthyear
72125,birthplace
72137,birthplace
72177,birthyear
72178,birthyear
72191,birthplace
72193,birthyear
72227,birthplace
72229,birthyear
72242,birthplace
72244,birthyear
72249,birthyear
72253,team
72287,birthyear
72319,team
72328,team
72364,birthplace
72376,team
72380,birthyear
72385,birthyear
72402,birthyear
72403,birthyear
72420,team
72423,birthplace
72426,team
72433,birthplace
72446,birthyear
72483,team
72507,birthyear
72509,team
72529,birthplace
72533,birthplace
72540,birthyear
72632,birthplace
72635,birthplace
72655,team
72662,team
72673,team
72675,birthyear
72682,birthplace
72688,birthplace
72716,birthyear
72736,team
72738,birthplace
72762,birthplace
72786,team
72806,team
72817,team
72820,birthplace
72834,birthyear
72842,birthyear
72868,birthyear
72874,team
72876,birthyear
72877,team
72899,birthplace
72905,birthyear
72906,team
72919,team
72927,birthplace
72942,birthyear
72949,birthyear
72975,birthyear
73005,team
73012,team
73014,birthyear
73032,birthyear
73040,birthyear
73051,birthyear
73059,team
73069,team
73098,birthyear
73122,team
73172,team
73187,birthyear
73187,team
73190,birthplace
73203,team
73218,birthplace
73226,team
73276,team
73283,birthplace
73309,birthyear
73324,birthplace
73335,team
73337,birthyear
73353,birthplace
73363,team
73377,team
73415,birthyear
73426,team
73455,birthplace
73463,birthplace
73489,birthplace
73495,team
73521,birthyear
73540,team
73558,team
73561,birthplace
73569,team
73572,team
73616,birthyear
73642,birthplace
73656,team
73663,birthyear
73682,birthyear
73686,birthplace
73720,birthplace
73748,team
73760,birthyear
73795,birthplace
73807,team
73819,team
73868,birthyear
73868,team
73869,team
73881,birthyear
74013,team
74091,birthyear
74105,birthplace
74148,birthplace
74165,birthplace
74167,birthplace
74180,birthyear
74203,birthplace
74207,team
74235,birthyear
74257,birthplace
74272,birthyear
74293,birthplace
74305,birthplace
74307,team
74315,birthyear
74332,birthyear
74337,birthplace
74358,birthyear
74400,team
74416,birthplace
74455,birthplace
74458,birthyear
74536,team
74562,birthyear
74583,team
74598,birthyear
74621,birthyear
74629,birthplace
74666,birthyear
74707,birthplace
74718,birthplace
74729,birthplace
74759,team
74763,team
74768,team
74793,birthyear
74801,birthplace
74805,team
74872,team
74889,birthyear
74893,team
74911,birthyear
75060,team
75081,birthyear
75095,birthyear
75113,birthyear
75143,birthplace
75153,birthplace
75155,team
75167,birthplace
75188,birthyear
75219,birthplace
75225,team
75272,birthplace
75275,birthyear
75279,birthyear
75279,team
75289,team
75295,birthyear
75322,birthplace
75340,team
75346,team
75381,birthplace
75400,birthplace
75411,birthplace
75412,team
75415,birthyear
75428,team
75440,birthplace
75492,team
75493,birthyear
75493,team
75495,birthyear
75496,birthyear
75496,team
75561,birthplace
75591,birthyear
75611,team
75625,birthyear
75637,birthyear
75641,birthplace
75656,birthplace
75667,birthplace
75675,birthplace
75685,birthyear
75687,birthplace
75695,birthplace
75715,birthplace
75745,birthplace
75757,birthyear
75758,team
75779,birthyear
75779,team
75780,birthplace
75793,birthplace
75803,birthyear
75803,team
75806,team
75813,birthplace
75851,team
75876,team
75905,team
75920,birthyear
75942,birthplace
75950,birthplace
75953,birthplace
75956,team
75960,birthyear
75961,birthplace
75980,team
75998,birthyear
76005,team
76082,birthplace
76111,birthyear
76111,team
76115,birthplace
76154,birthplace
76161,birthplace
76166,birthplace
76175,birthyear
76194,team
76199,birthyear
76202,team
76205,birthplace
76207,birthplace
76220,birthyear
76234,birthplace
76263,team
76266,birthplace
76272,team
76306,birthplace
76326,birthplace
76335,team
76349,birthplace
76352,team
76356,birthyear
76361,birthyear
76361,team
76411,birthyear
76411,team
76417,team
76429,birthplace
76461,birthplace
76473,birthyear
76473,team
76505,birthyear
76505,team
76509,birthyear
76516,birthplace
76522,birthyear
76540,birthyear
76566,birthplace
76568,birthplace
76666,birthyear
76681,team
76732,birthyear
76733,birthyear
76754,birthyear
76755,birthplace
76776,team
76784,team
76787,team
76802,birthyear
76802,team
76817,team
76847,birthyear
76851,team
76861,birthyear
76881,birthplace
76883,birthplace
76983,team
76999,birthyear
77024,birthplace
77026,team
77047,team
77051,team
77077,birthyear
77110,birthyear
77128,birthyear
77133,birthyear
77134,birthyear
77136,birthyear
77174,birthplace
77183,birthplace
77192,team
77204,birthyear
77205,birthplace
77232,team
77320,birthyear
77322,birthyear
77343,birthyear
77343,team
77348,team
77355,birthyear
77369,birthyear
77393,birthyear
77410,team
77431,team
77452,team
77454,birthyear
77471,birthplace
77472,team
77476,birthplace
77481,birthyear
77508,birthplace
77509,team
77522,birthyear
77543,birthplace
77562,birthplace
77586,birthplace
77633,team
77665,team
77671,team
77705,birthyear
77757,birthyear
77803,team
77866,birthyear
77870,birthyear
77872,birthyear
77881,birthyear
77881,team
77895,birthyear
77896,team
77907,birthplace
77932,birthyear
77934,birthplace
77974,birthplace
77980,birthyear
77984,birthplace
77998,birthplace
78003,team
78013,birthplace
78028,birthplace
78054,team
78075,birthyear
78083,birthplace
78091,birthplace
78113,birthplace
78134,birthplace
78175,birthplace
78191,birthplace
78193,birthyear
78194,birthplace
78247,team
78250,birthyear
78280,birthyear
78294,birthplace
78335,birthyear
78356,birthyear
78361,birthyear
78365,birthplace
78400,team
78452,team
78500,birthplace
78502,team
78517,team
78537,team
78554,birthyear
78575,team
78580,team
78588,birthplace
78593,birthyear
78596,team
78599,birthplace
78610,birthplace
78626,birthyear
78632,team
78642,birthyear
78664,birthyear
78664,team
78671,birthyear
78693,birthplace
78743,birthyear
78754,birthplace
78789,team
78832,birthplace
78867,birthyear
78869,birthyear
78887,birthplace
78898,birthyear
78908,birthplace
78944,birthplace
78967,team
78977,team
78981,team
78987,birthplace
79012,birthyear
79049,birthplace
79083,birthplace
79101,birthplace
79118,birthyear
79154,team
79161,birthyear
79175,birthplace
79187,team
79191,team
79234,birthyear
79258,birthplace
79289,team
79291,birthyear
79292,team
79314,birthyear
79322,birthplace
79324,team
79328,team
79334,birthplace
79355,birthyear
79404,birthyear
79408,birthyear
79433,team
79488,birthplace
79534,birthplace
79561,team
79599,birthplace
79617,birthyear
79685,birthyear
79695,birthyear
79759,birthplace
79762,birthplace
79767,birthyear
79784,birthplace
79806,birthplace
79807,birthyear
79813,birthplace
79824,birthyear
79825,team
79832,team
79844,team
79857,birthplace
79868,team
79878,team
79881,birthyear
79902,team
79947,birthyear
79953,team
79990,birthyear
79991,birthyear
79993,team
79994,team
79995,birthplace
80037,team
80063,birthyear
80065,team
80081,birthplace
80083,birthplace
80089,birthyear
80099,birthplace
80119,team
80124,birthyear
80135,team
80150,team
80157,birthyear
80158,birthyear
80183,birthplace
80207,birthplace
80220,team
80237,team
80252,team
80265,birthyear
80273,birthplace
80284,birthplace
80289,birthyear
80308,team
80324,birthyear
80337,birthplace
80384,birthyear
80420,birthyear
80425,birthyear
80477,birthyear
80480,birthplace
80483,birthyear
80524,team
80525,birthplace
80565,birthyear
80565,team
80579,birthplace
80584,team
80599,birthplace
80601,birthplace
80611,birthplace
80620,birthplace
80630,team
80665,birthplace
80700,birthplace
80705,birthyear
80709,birthyear
80709,team
80724,birthplace
80735,birthplace
80755,birthplace
80757,birthyear
80770,birthplace
80781,birthyear
80781,team
80782,team
80786,birthyear
80802,birthyear
80822,birthplace
80832,birthyear
80853,birthplace
80858,birthplace
80863,birthplace
80885,birthyear
80919,birthyear
80948,birthyear
80962,birthplace
80972,team
81025,birthyear
81032,birthyear
81035,team
81054,team
81057,birthplace
81063,birthyear
81102,birthyear
81112,birthplace
81113,birthyear
81120,birthplace
81138,birthplace
81142,team
81155,team
81194,team
81213,birthplace
81219,team
81238,team
81269,birthplace
81313,birthplace
81363,team
81374,birthyear
81394,team
81395,birthplace
81401,birthplace
81454,team
81481,birthplace
81520,birthplace
81524,birthyear
81524,team
81556,birthyear
81579,birthplace
81597,birthplace
81618,birthplace
81637,team
81642,birthplace
81654,team
81673,team
81677,birthyear
81717,birthplace
81720,team
81737,team
81752,birthplace
81812,birthyear
81905,team
81910,birthplace
81911,birthyear
81924,team
81930,birthyear
81930,team
81954,birthyear
81982,birthplace
82004,birthplace
82005,birthyear
82005,team
82018,birthplace
82059,birthyear
82059,team
82102,birthyear
82106,birthplace
82161,birthyear
82204,birthyear
82211,team
82234,birthyear
82254,birthplace
82326,team
82344,birthplace
82373,team
82379,birthplace
82403,birthyear
82410,birthplace
82419,team
82422,birthplace
82473,team
82478,team
82509,team
82521,birthplace
82527,birthyear
82537,birthyear
82548,birthyear
82562,birthyear
82570,birthyear
82574,team
82578,birthplace
82608,birthplace
82609,birthplace
82621,birthplace
82672,birthyear
82684,birthyear
82713,birthplace
82746,birthplace
82767,team
82796,birthyear
82797,birthplace
82802,birthyear
82806,team
82814,birthplace
82922,birthplace
82985,team
82988,birthplace
82995,birthplace
83029,team
83041,birthyear
83048,birthplace
83063,birthyear
83077,birthplace
83078,birthplace
83110,birthyear
83124,birthyear
83124,team
83127,birthyear
83135,birthplace
83151,birthplace
83153,birthyear
83155,team
83161,birthyear
83165,team
83212,birthplace
83222,birthyear
83226,birthyear
83240,team
83243,birthyear
83249,team
83251,birthyear
83258,birthplace
83264,team
83269,birthyear
83280,birthplace
83283,birthyear
83283,team
83287,birthyear
83329,birthyear
83330,birthplace
83374,birthyear
83385,birthyear
83415,team
83418,birthplace
83431,team
83432,birthyear
83451,birthplace
83515,birthplace
83566,birthplace
83579,birthplace
83582,team
83595,team
83596,birthplace
83598,birthplace
83610,birthplace
83614,team
83662,birthyear
83667,birthplace
83714,birthplace
83743,birthplace
83746,birthplace
83770,birthyear
83794,team
83818,birthplace
83819,team
83821,team
83826,birthyear
83828,birthyear
83828,team
83845,team
83883,birthplace
83892,birthplace
83907,birthplace
83971,birthplace
83984,birthplace
84013,birthyear
84019,team
84060,birthyear
84115,birthplace
84120,birthplace
84152,birthyear
84190,birthyear
84190,team
84195,birthyear
84212,birthyear
84217,birthyear
84221,team
84303,team
84318,team
84349,birthplace
84360,birthplace
84394,birthplace
84404,birthplace
84443,team
84534,team
84576,birthplace
84584,birthplace
84600,team
84633,birthplace
84663,team
84688,birthyear
84740,birthplace
84764,team
84783,team
84804,team
84847,birthyear
84851,team
84938,birthplace
84953,birthyear
84953,team
84962,birthyear
85001,birthplace
85024,team
85036,birthyear
85036,team
85054,team
85059,team
85072,birthyear
85079,birthplace
85083,birthplace
85119,birthyear
85119,team
85129,team
85159,birthplace
85171,birthplace
85182,birthyear
85182,team
85213,birthyear
85223,birthyear
85253,birthplace
85263,birthyear
85286,team
85325,birthyear
85333,birthplace
85355,birthyear
85359,birthplace
85366,birthplace
85372,team
85384,team
85385,birthplace
85402,birthplace
85417,birthplace
85466,birthplace
85469,team
85474,birthplace
85572,birthyear
85572,team
85575,team
85587,birthplace
85589,birthplace
85600,team
85607,birthplace
85632,birthyear
85741,birthplace
85742,team
85763,team
85853,team
85882,birthplace
85894,birthplace
85931,birthyear
85971,birthplace
85977,birthyear
85990,birthyear
85992,birthyear
85992,team
86018,birthyear
86066,team
86089,team
86098,birthyear
86148,birthplace
86182,team
86227,team
86239,team
86248,birthplace
86258,birthyear
86281,birthyear
86309,birthplace
86329,birthyear
86378,birthyear
86380,team
86397,birthyear
86397,team
86410,birthplace
86463,birthplace
86468,birthyear
86470,birthyear
86471,birthyear
86483,birthyear
86540,birthyear
86541,team
86599,birthyear
86625,team
86626,team
86668,team
86680,team
86681,birthyear
86681,team
86689,team
86699,birthyear
86699,team
86732,birthplace
86756,team
86788,birthyear
86788,team
86836,team
86850,birthplace
86868,team
86870,team
86886,birthplace
86940,birthplace
86941,birthyear
86941,team
86985,team
86996,birthplace
87027,birthyear
87038,birthplace
87049,birthplace
87063,team
87067,team
87079,team
87100,birthplace
87101,team
87114,birthplace
87119,birthplace
87155,birthplace
87187,birthyear
87206,birthplace
87208,birthplace
87217,birthyear
87245,team
87287,team
87301,birthplace
87322,birthplace
87349,birthyear
87351,birthplace
87379,team
87420,birthplace
87440,team
87446,team
87447,team
87449,team
87505,birthplace
87524,birthplace
87547,team
87573,team
87587,team
87589,birthplace
87591,birthplace
87620,birthplace
87651,birthyear
87663,team
87706,birthplace
87734,birthplace
87760,birthplace
87765,birthplace
87804,birthyear
87823,team
87830,team
87848,team
87857,team
87859,birthyear
87883,birthyear
87898,birthplace
87914,birthplace
87924,birthplace
87926,team
87952,team
88004,team
88006,team
88015,birthplace
88021,birthplace
88035,birthplace
88039,birthyear
88044,team
88050,birthplace
88053,team
88078,birthplace
88088,team
88105,birthplace
88141,team
88161,team
88182,birthplace
88183,birthyear
88201,team
88234,birthplace
88236,birthplace
88238,birthplace
88297,birthplace
88305,birthyear
88340,birthplace
88367,birthyear
88375,team
88394,team
88406,team
88413,birthplace
88500,birthyear
88509,birthplace
88519,birthyear
88551,birthplace
88582,birthplace
88590,birthyear
88605,birthyear
88605,team
88613,birthplace
88616,birthplace
88620,team
88641,birthyear
88641,team
88659,team
88685,team
88687,birthyear
88687,team
88691,team
88749,team
88752,team
88763,birthplace
88770,team
88774,birthyear
88778,birthplace
88809,team
88818,birthplace
88856,birthyear
88889,team
88919,team
88965,birthplace
89002,birthplace
89006,birthplace
89022,birthplace
89037,birthplace
89088,birthplace
89101,birthplace
89110,birthplace
89126,team
89127,team
89129,birthyear
89197,team
89226,birthyear
89230,team
89246,birthplace
89249,team
89273,birthplace
89274,birthplace
89292,birthplace
89303,team
89304,birthyear
89304,team
89313,birthyear
89313,team
89319,birthyear
89343,birthplace
89353,team
89357,birthplace
89360,birthplace
89378,team
89381,birthplace
89400,birthyear
89443,team
89447,birthyear
89450,birthyear
89451,team
89458,team
89462,team
89491,team
89503,birthyear
89523,birthplace
89533,birthplace
89566,team
89599,birthplace
89602,team
89605,birthplace
89629,birthplace
89634,team
89655,birthplace
89657,birthplace
89670,team
89691,team
89694,team
89731,birthplace
89766,birthyear
89766,team
89797,team
89803,birthplace
89809,team
89815,birthplace
89817,birthplace
89839,birthplace
89855,birthplace
89891,birthplace
89905,team
89917,birthyear
89917,team
89946,birthyear
89955,team
89956,team
89958,birthplace
89959,team
89963,team
89987,birthplace
89995,birthplace
90016,birthplace
90051,birthplace
90077,birthyear
90078,team
90114,team
90145,birthplace
90151,team
90168,birthyear
90168,team
90264,birthyear
90287,team
90336,birthplace
90341,team
90369,birthplace
90396,birthplace
90403,birthyear
90420,team
90440,birthplace
90461,birthyear
90461,team
90464,birthyear
90464,team
90479,birthyear
90479,team
90550,birthplace
90556,team
90583,birthyear
90616,birthyear
90621,team
90626,birthplace
90631,birthplace
90635,team
90641,team
90682,birthyear
90682,team
90721,birthplace
90724,team
90734,birthplace
90760,birthyear
90773,birthyear
90779,team
90786,team
90812,birthplace
90882,birthplace
90884,team
90889,birthplace
90901,birthplace
90935,birthplace
90942,team
90962,team
90984,birthplace
91027,team
91089,birthyear
91094,birthyear
91113,birthplace
91124,birthplace
91130,birthplace
91155,birthplace
91181,team
91183,team
91214,birthplace
91259,birthplace
91268,team
91287,team
91298,birthyear
91319,birthyear
91334,birthplace
91346,team
91361,team
91373,birthplace
91383,team
91400,team
91413,birthplace
91414,birthyear
91454,birthplace
91472,birthyear
91478,birthplace
91490,birthplace
91516,birthplace
91522,team
91524,birthyear
91524,team
91551,birthplace
91567,birthyear
91621,birthplace
91642,birthplace
91651,team
91666,birthplace
91680,birthplace
91693,birthplace
91731,birthplace
91733,birthyear
91745,team
91750,birthyear
91777,birthplace
91814,birthyear
91868,team
91940,team
92015,birthyear
92015,team
92045,birthyear
92056,birthplace
92058,team
92078,team
92086,birthyear
92102,birthplace
92107,birthplace
92139,birthyear
92157,team
92178,birthyear
92211,birthyear
92227,birthplace
92239,birthyear
92239,team
92240,birthplace
92242,birthplace
92252,team
92270,birthyear
92277,team
92318,birthplace
92319,birthyear
92330,birthyear
92370,team
92380,birthplace
92390,team
92394,birthplace
92395,birthplace
92418,birthyear
92451,team
92537,birthplace
92545,team
92548,birthplace
92551,birthyear
92594,birthyear
92613,birthplace
92642,birthplace
92691,team
92708,team
92729,birthyear
92730,team
92755,team
92769,birthplace
92780,team
92781,birthplace
92785,birthyear
92936,birthplace
92962,birthplace
93010,birthplace
93064,birthplace
93074,team
93081,team
93086,birthyear
93098,birthyear
93103,birthplace
93151,team
93219,team
93244,team
93258,team
93260,birthplace
93266,birthyear
93270,team
93278,birthplace
93296,team
93302,birthyear
93302,team
93330,birthplace
93337,birthplace
93367,birthplace
93390,birthplace
93394,birthplace
93400,birthyear
93429,team
93494,team
93509,birthyear
93527,team
93541,birthplace
93554,birthyear
93602,birthplace
93606,team
93609,birthplace
93623,birthyear
93674,birthplace
93703,birthplace
93712,birthyear
93721,birthplace
93729,birthplace
93751,birthyear
93751,team
93760,birthplace
93780,team
93815,team
93816,team
93827,team
93856,team
93857,birthplace
93861,birthplace
93879,birthplace
93895,birthplace
93911,birthplace
93923,birthyear
93952,team
94001,team
94018,birthyear
94109,birthyear
94109,team
94110,team
94115,birthyear
94115,team
94118,birthyear
94138,birthyear
94142,birthyear
94168,birthyear
94181,birthplace
94228,team
94239,team
94242,team
94338,team
94342,birthyear
94344,birthyear
94367,birthplace
94380,birthplace
94386,team
94394,birthyear
94402,birthplace
94403,birthplace
94404,birthplace
94408,birthplace
94411,birthplace
94437,team
94451,team
94457,birthyear
94475,birthplace
94480,birthplace
94485,birthplace
94492,birthplace
94495,birthyear
94506,team
94518,team
94525,birthplace
94656,birthplace
94662,birthplace
94675,team
94687,team
94692,team
94702,team
94783,birthplace
94793,birthyear
94814,birthyear
94818,birthplace
94853,birthplace
94877,team
94881,birthyear
94881,team
94896,team
94904,team
94911,team
94913,team
94914,birthplace
94946,team
94973,birthplace
94984,birthplace
94995,birthplace
94998,team
95048,team
95076,team
95099,birthplace
95120,birthplace
95123,team
95130,team
95134,birthplace
95149,birthyear
95156,birthplace
95165,birthyear
95165,team
95168,team
95189,birthplace
95196,team
95199,birthplace
95217,birthyear
95258,birthplace
95271,birthyear
95329,team
95334,team
95353,birthplace
95361,birthplace
95396,birthplace
95397,team
95430,birthplace
95443,team
95451,team
95455,birthplace
95468,birthyear
95485,birthplace
95533,birthplace
95553,birthplace
95560,birthyear
95572,birthyear
95577,birthyear
95601,team
95608,team
95610,team
95628,team
95677,team
95702,team
95704,team
95727,birthplace
95732,birthplace
95764,team
95779,birthplace
95805,birthyear
95875,birthplace
95878,birthyear
95950,birthplace
95991,birthplace
96016,birthplace
96031,birthyear
96059,birthyear
96130,birthplace
96161,birthplace
96187,birthplace
96234,birthplace
96256,team
96338,birthyear
96338,team
96347,team
96392,team
96402,birthplace
96407,birthyear
96418,team
96453,birthplace
96476,team
96501,birthyear
96502,birthyear
96508,birthyear
96539,team
96541,team
96544,birthplace
96546,birthyear
96578,birthyear
96578,team
96605,team
96620,team
96630,birthyear
96630,team
96644,birthyear
96654,birthplace
96699,birthplace
96701,birthplace
96708,birthplace
96715,birthyear
96721,birthplace
96785,team
96835,birthplace
96848,team
96852,birthplace
96859,team
96863,team
96893,birthyear
96893,team
96894,birthplace
96909,team
96955,birthyear
96995,birthplace
97004,team
97051,team
97092,team
97122,birthplace
97127,birthyear
97155,birthyear
97167,birthyear
97182,birthyear
97184,team
97185,team
97189,birthyear
97199,birthplace
97202,birthplace
97204,team
97206,birthplace
97289,birthplace
97326,birthyear
97338,birthplace
97359,birthplace
97382,birthplace
97408,birthplace
97414,team
97419,birthplace
97430,birthplace
97442,birthyear
97481,birthplace
97491,birthyear
97492,team
97496,birthplace
97515,birthplace
97537,team
97539,birthyear
97568,birthyear
97582,birthplace
97588,birthplace
97633,team
97641,birthyear
97658,birthyear
97674,birthyear
97676,team
97685,birthplace
97688,team
97716,team
97717,team
97720,birthplace
97731,birthplace
97760,birthplace
97767,birthyear
97782,team
97831,birthyear
97841,birthyear
97858,birthplace
97869,team
97903,birthplace
97934,birthplace
97978,birthplace
97996,birthplace
98004,birthplace
98081,team
98112,birthyear
98112,team
98120,birthyear
98137,team
98177,team
98207,birthplace
98217,birthplace
98259,team
98286,birthyear
98295,team
98301,birthplace
98317,birthplace
98318,birthyear
98349,birthplace
98419,birthplace
98420,birthyear
98440,birthyear
98455,team
98456,team
98464,team
98513,team
98534,birthplace
98557,team
98567,birthyear
98610,team
98611,birthplace
98628,birthplace
98648,team
98657,team
98670,birthyear
98715,birthplace
98717,birthplace
98767,team
98786,birthplace
98875,birthyear
98875,team
98886,birthyear
98905,team
98916,birthplace
98919,birthyear
98930,birthplace
98959,birthyear
99018,team
99029,birthplace
99036,birthyear
99064,birthplace
99117,team
99200,birthyear
99204,birthplace
99212,birthyear
99223,birthyear
99252,birthyear
99262,birthplace
99290,birthyear
99318,birthyear
99350,birthyear
99370,birthplace
99396,team
99423,birthplace
99460,team
99471,team
99506,team
99508,team
99511,birthyear
99526,birthyear
99562,team
99573,birthyear
99619,birthplace
99636,birthyear
99664,birthyear
99674,team
99715,team
99734,birthyear
99748,team
99755,team
99769,team
99772,birthplace
99780,birthplace
99811,team
99831,birthplace
99846,birthplace
99873,team
99879,birthyear
99896,birthyear
99969,team
99990,birthyear
100023,birthplace
100032,birthplace
100078,birthyear
100134,birthplace
100167,team
100220,birthplace
100261,birthplace
100269,birthyear
100322,birthplace
100334,team
100437,birthplace
100447,birthplace
100474,team
100505,team
100509,birthyear
100534,birthplace
100555,birthplace
100604,birthplace
100606,birthplace
100613,birthplace
100617,team
100625,birthplace
100633,team
100667,team
100687,birthyear
100689,birthplace
100711,birthplace
100745,birthplace
100746,birthplace
100765,birthyear
100799,birthplace
100832,team
100839,birthyear
100888,birthplace
100897,team
100932,birthplace
100933,team
101020,team
101058,birthplace
101094,birthplace
101099,birthplace
101149,birthyear
101165,team
101168,birthplace
101175,birthplace
101219,birthyear
101228,birthplace
101232,birthplace
101238,birthyear
101262,birthplace
101264,birthplace
101281,birthyear
101292,birthplace
101306,team
101309,team
101318,birthyear
101318,team
101389,team
101392,team
101418,team
101425,birthyear
101432,team
101452,team
101465,team
101487,team
101500,birthplace
101525,team
101540,birthyear
101544,birthyear
101550,birthplace
101554,team
101567,team
101630,birthplace
101703,birthyear
101738,birthplace
101740,birthplace
101743,birthyear
101743,team
101774,birthplace
101791,birthyear
101835,birthplace
101844,birthyear
101871,birthyear
101871,team
101894,birthyear
101896,team
101908,birthplace
101910,birthplace
101960,team
101973,birthplace
102008,birthyear
102019,birthplace
102029,team
102056,birthyear
102068,birthplace
102071,birthyear
102141,team
102202,team
102211,team
102232,birthyear
102253,birthyear
102269,team
102290,team
102297,birthplace
102301,birthplace
102317,team
102342,team
102350,birthplace
102362,team
102388,team
102397,team
102473,birthplace
102481,team
102506,birthplace
102521,birthplace
102531,birthyear
102556,team
102560,birthplace
102584,birthyear
102602,birthyear
102628,birthplace
102639,team
102668,birthplace
102725,birthyear
102763,birthplace
102806,team
102813,team
102822,birthyear
102826,birthplace
102843,birthyear
102843,team
102896,birthplace
102907,birthplace
102911,team
102912,team
102922,team
102926,birthyear
102938,birthyear
102962,team
102968,team
102974,birthplace
102988,team
103004,birthyear
103007,birthplace
103011,birthplace
103025,team
103028,birthplace
103049,birthplace
103056,birthyear
103063,birthyear
103068,birthplace
103083,team
103131,team
103134,birthplace
103135,birthplace
103139,birthplace
103142,birthyear
103142,team
103153,birthplace
103218,birthplace
103251,birthplace
103264,team
103266,birthplace
103274,birthyear
103275,birthyear
103294,birthplace
103300,team
103310,birthyear
103332,team
103333,birthplace
103369,birthplace
103399,birthplace
103407,team
103411,birthplace
103418,team
103419,birthplace
103480,team
103483,birthyear
103495,team
103502,team
103515,birthyear
103544,birthplace
103582,birthyear
103585,birthyear
103585,team
103605,team
103606,birthplace
103613,team
103625,birthplace
103657,birthplace
103660,birthyear
103670,team
103708,birthplace
103746,team
103768,birthplace
103847,birthplace
103878,team
103889,birthplace
103901,team
103916,birthplace
103917,birthyear
103973,birthyear
104056,birthplace
104137,team
104165,birthplace
104168,team
104191,birthplace
104203,team
104204,team
104253,birthyear
104271,team
104278,team
104289,birthplace
104326,team
104337,birthplace
104369,birthplace
104370,birthyear
104441,birthplace
104472,birthplace
104479,birthyear
104513,birthplace
104516,team
104537,birthyear
104549,team
104580,team
104592,birthplace
104621,birthplace
104664,team
104667,birthplace
104684,birthyear
104701,birthplace
104724,team
104733,team
104735,team
104748,birthyear
104785,team
104790,birthyear
104791,birthplace
104808,team
104819,birthplace
104871,birthyear
104882,birthyear
104904,team
104916,birthyear
104917,birthplace
104945,team
104961,birthplace
104985,birthyear
105003,birthplace
105039,birthyear
105047,team
105053,birthplace
105082,birthplace
105083,birthyear
105102,team
105118,birthyear
105118,team
105141,team
105152,birthplace
105213,birthplace
105344,birthplace
105368,birthplace
105385,birthplace
105394,team
105467,team
105473,birthplace
105481,team
105504,birthyear
105504,team
105521,birthplace
105531,birthyear
105559,birthplace
105565,birthplace
105578,team
105598,birthyear
105613,team
105626,birthyear
105687,birthplace
105716,birthplace
105764,team
105768,birthplace
105818,birthplace
105839,team
105868,birthplace
105888,birthplace
105892,birthplace
105916,team
105917,birthyear
105926,birthyear
105926,team
105934,birthplace
106000,team
106010,birthyear
106023,birthplace
106070,birthyear
106101,team
106135,team
106148,team
106182,birthyear
106187,birthplace
106214,birthyear
106230,team
106234,birthplace
106252,birthplace
106282,birthyear
106282,team
106307,birthyear
106307,team
106308,birthplace
106324,team
106342,birthplace
106377,birthplace
106381,birthplace
106395,team
106397,birthplace
106406,birthyear
106442,birthyear
106478,birthyear
106482,birthplace
106486,birthyear
106510,birthyear
106522,birthplace
106528,birthplace
106535,team
106536,team
106592,birthplace
106597,team
106601,birthyear
106601,team
106653,birthplace
106723,team
106738,birthyear
106785,team
106818,team
106850,team
106859,team
106921,birthyear
106928,birthyear
106933,team
106947,birthplace
106948,birthplace
106961,birthplace
107057,birthyear
107057,team
107061,team
107097,birthplace
107099,team
107120,team
107126,team
107133,birthplace
107137,birthyear
107138,team
107157,birthplace
107159,birthyear
107159,team
107168,birthplace
107190,birthyear
107192,team
107233,birthplace
107280,birthplace
107292,birthplace
107310,birthplace
107387,birthplace
107399,birthyear
107403,birthplace
107511,team
107513,team
107529,team
107550,birthplace
107577,birthplace
107583,birthplace
107608,birthplace
107612,birthplace
107622,birthyear
107622,team
107640,team
107650,team
107657,birthplace
107697,birthyear
107711,birthyear
107742,birthplace
107755,team
107756,team
107817,birthyear
107826,birthplace
107839,team
107857,team
107863,birthplace
107864,birthplace
107871,birthplace
107890,birthplace
107893,team
107930,birthplace
107958,birthyear
107963,birthplace
107968,birthplace
107978,birthplace
107999,team
108004,team
108015,birthplace
108051,birthyear
108051,team
108056,birthplace
108077,birthplace
108081,birthplace
108090,team
108102,birthplace
108123,birthplace
108127,birthplace
108175,birthplace
108214,birthplace
108247,birthplace
108248,birthyear
108248,team
108322,team
108332,birthplace
108341,team
108344,birthplace
108354,birthplace
108363,birthplace
108372,birthyear
108385,birthplace
108393,birthplace
108484,team
108490,birthyear
108497,birthyear
108501,birthyear
108501,team
108514,birthyear
108518,team
108537,birthplace
108575,birthyear
108678,birthyear
108688,team
108700,birthyear
108700,team
108717,birthyear
108723,birthplace
108742,birthplace
108766,team
108791,team
108804,team
108854,team
108868,team
108892,birthyear
108947,birthyear
108954,birthyear
108966,birthplace
108968,team
108978,birthyear
108978,team
108994,birthyear
109004,birthyear
109004,team
109095,team
109102,birthplace
109156,team
109158,team
109183,team
109187,birthyear
109198,birthplace
109203,birthplace
109204,birthplace
109247,birthyear
109285,team
109290,birthplace
109300,birthplace
109320,birthplace
109324,birthyear
109346,birthplace
109376,team
109409,birthyear
109409,team
109440,birthyear
109442,team
109447,birthplace
109501,birthplace
109517,team
109528,birthyear
109569,birthyear
109569,team
109643,birthplace
109662,team
109670,birthyear
109670,team
109671,birthplace
109688,birthyear
109688,team
109711,birthyear
109712,birthyear
109758,team
109776,birthplace
109788,birthplace
109799,birthyear
109852,birthyear
109854,team
109855,team
109862,birthplace
109897,birthplace
109910,birthplace
109952,birthplace
109967,birthyear
109972,birthyear
109975,birthplace
109987,birthplace
109997,birthplace
110025,birthplace
110078,birthyear
110098,birthyear
110123,birthplace
110154,birthplace
110200,birthyear
110294,team
110335,team
110341,birthyear
110344,birthplace
110425,birthyear
110460,team
110465,birthplace
110490,birthplace
110506,birthplace
110518,birthplace
110539,team
110552,birthyear
110553,team
110569,team
110573,birthplace
110624,team
110631,birthplace
110642,birthyear
110642,team
110645,team
110649,birthplace
110670,birthplace
110674,birthplace
110712,team
110733,birthyear
110764,birthplace
110769,team
110780,birthplace
110801,birthyear
110801,team
110827,birthplace
110835,team
110874,birthplace
110886,birthplace
110887,birthplace
110890,birthplace
110906,birthyear
110923,birthplace
110933,birthyear
110933,team
110945,birthplace
110954,birthplace
110956,team
110966,birthyear
110966,team
110968,birthyear
110989,birthplace
110990,team
111004,birthplace
111010,birthyear
111012,birthplace
111054,birthplace
111055,birthyear
111075,birthplace
111081,team
111111,team
111185,team
111193,birthplace
111258,team
111270,birthplace
111283,team
111326,birthyear
111338,birthplace
111352,birthyear
111356,team
111366,birthyear
111366,team
111401,birthplace
111412,birthyear
111427,birthplace
111442,team
111474,birthplace
111539,team
111544,birthyear
111545,birthplace
111551,birthyear
111595,birthyear
111605,team
111620,team
111621,birthplace
111680,team
111685,birthplace
111708,birthplace
111729,birthyear
111729,team
111731,birthyear
111741,birthplace
111769,birthplace
111784,team
111786,birthyear
111826,birthyear
111834,team
111835,birthyear
111839,team
111862,birthyear
111891,birthplace
111898,team
111911,team
111921,birthplace
111928,team
111939,birthplace
111945,birthplace
111958,team
111962,birthplace
111971,birthplace
111981,birthyear
111989,team
112015,birthplace
112025,birthyear
112025,team
112026,birthplace
112032,birthyear
112032,team
112048,team
112068,birthyear
112068,team
112093,birthyear
112093,team
112119,team
112125,team
112142,team
112156,birthplace
112168,birthplace
112173,team
112175,birthyear
112198,team
112215,team
112268,team
112269,team
112327,team
112334,team
112350,team
112381,team
112387,birthyear
112395,team
112411,birthyear
112460,birthplace
112479,birthplace
112504,birthyear
112517,birthplace
112534,birthplace
112542,birthyear
112563,birthplace
112566,birthplace
112568,team
112572,birthplace
112609,birthyear
112625,birthplace
112626,birthyear
112633,team
112651,team
112658,team
112726,birthyear
112756,birthplace
112764,birthyear
112788,team
112793,team
112823,birthyear
112832,birthplace
112844,birthplace
112851,team
112858,birthplace
112890,birthyear
112892,birthplace
112900,birthyear
112909,team
112921,birthyear
112945,team
112961,team
113001,birthyear
113014,birthplace
113061,team
113076,team
113091,birthplace
113093,birthplace
113112,team
113157,birthplace
113232,birthplace
113245,team
113262,birthplace
113264,birthplace
113268,birthplace
113272,team
113275,team
113282,birthyear
113341,birthplace
113353,birthplace
113362,birthyear
113408,birthplace
113480,birthplace
113495,birthplace
113501,birthyear
113548,birthplace
113555,birthplace
113584,birthplace
113585,team
113611,birthplace
113616,birthplace
113620,team
113621,birthplace
113627,birthplace
113632,birthplace
113643,team
113659,birthyear
113664,birthplace
113711,birthplace
113716,team
113738,birthplace
113767,birthyear
113781,birthplace
113793,team
113820,team
113839,team
113886,birthplace
113978,team
114002,birthplace
114003,team
114004,birthyear
114036,team
114050,birthplace
114053,team
114106,birthplace
114110,team
114114,team
114121,birthyear
114125,birthplace
114140,birthplace
114176,team
114184,team
114199,birthplace
114203,birthplace
114220,birthyear
114266,team
114308,birthyear
114309,team
114341,team
114365,team
114383,team
114399,birthyear
114404,birthyear
114408,team
114417,team
114418,birthplace
114435,team
114454,team
114459,birthplace
114468,team
114475,birthplace
114490,birthplace
114532,birthyear
114535,team
114548,team
114564,birthplace
114574,team
114592,birthyear
114620,birthplace
114629,birthplace
114682,birthyear
114728,team
114805,birthyear
114826,team
114848,birthplace
114870,birthyear
114883,birthyear
114883,team
114956,birthyear
114956,team
114971,birthplace
114999,birthplace
115043,birthplace
115062,team
115075,birthplace
115123,birthplace
115148,birthyear
115182,birthplace
115221,team
115321,birthyear
115325,birthplace
115340,team
115385,birthyear
115413,birthplace
115421,birthyear
115448,team
115495,birthplace
115530,birthyear
115537,birthplace
115541,birthplace
115551,birthplace
115558,team
115560,birthplace
115586,birthplace
115611,birthyear
115630,team
115641,birthplace
115673,birthyear
115674,birthyear
115681,team
115688,team
115702,birthyear
115702,team
115704,team
115716,birthplace
115733,birthplace
115781,birthplace
115814,birthplace
115817,team
115826,team
115829,team
115844,birthyear
115844,team
115858,birthplace
115895,birthyear
115927,team
115944,birthplace
115946,team
115951,birthplace
115990,team
116037,team
116044,team
116052,birthyear
116060,team
116074,team
116101,birthplace
116106,birthplace
116119,team
116128,team
116136,birthplace
116163,birthyear
116177,birthplace
116216,team
116237,birthplace
116290,birthplace
116302,team
116310,birthyear
116325,birthyear
116371,team
116378,birthplace
116383,team
116385,birthyear
116397,team
116433,team
116445,birthplace
116450,team
116465,team
116503,team
116519,birthyear
116538,birthplace
116568,birthyear
116579,team
116585,birthplace
116675,birthplace
116684,birthplace
116685,birthyear
116717,birthplace
116741,birthyear
116743,birthplace
116758,birthplace
116777,birthplace
116792,team
116803,team
116828,birthplace
116850,birthyear
116896,birthyear
116896,team
116947,birthplace
116969,birthplace
116980,birthyear
117015,birthyear
117019,birthyear
117072,birthyear
117072,team
117078,birthplace
117118,birthyear
117197,birthplace
117199,birthplace
117241,birthyear
117323,birthplace
117352,birthplace
117429,birthyear
117435,birthyear
117439,birthyear
117439,team
117488,team
117540,team
117546,birthplace
117547,birthyear
117567,birthyear
117584,birthyear
117598,birthplace
117658,team
117662,team
117746,team
117750,team
117783,birthyear
117815,birthyear
117857,team
117876,birthplace
117911,birthplace
117939,team
117943,birthplace
118027,birthyear
118073,birthyear
118073,team
118076,team
118077,team
118084,birthplace
118124,birthplace
118152,birthplace
118165,team
118173,birthyear
118173,team
118200,birthplace
118204,birthplace
118213,birthplace
118244,birthyear
118244,team
118261,team
118274,birthplace
118304,birthplace
118318,team
118321,team
118337,birthplace
118361,birthplace
118389,birthyear
118401,birthyear
118475,team
118530,birthplace
118534,birthplace
118598,team
118604,birthplace
118605,birthplace
118620,birthplace
118690,birthplace
118714,team
118726,birthyear
118733,birthyear
118734,birthplace
118760,birthyear
118782,team
118795,birthplace
118800,birthplace
118807,birthplace
118819,birthplace
118838,birthplace
118852,birthyear
118881,birthyear
118881,team
118884,team
118888,team
118931,birthplace
118938,birthplace
118992,birthplace
119004,team
119012,birthplace
119030,birthplace
119034,team
119041,birthyear
119047,birthplace
119055,birthplace
119060,team
119070,birthplace
119075,birthplace
119096,team
119103,team
119160,birthplace
119201,birthplace
119204,birthplace
119205,team
119233,birthplace
119260,birthplace
119264,team
119275,team
119291,team
119296,birthplace
119303,birthplace
119307,team
119323,birthplace
119333,team
119336,birthplace
119355,birthplace
119399,birthplace
119427,birthyear
119487,birthplace
119517,birthyear
119539,birthyear
119577,birthplace
119587,birthyear
119587,team
119596,birthyear
119608,team
119639,birthplace
119705,birthplace
119709,team
119730,birthplace
119755,birthyear
119760,birthyear
119765,birthyear
119782,team
119785,birthplace
119813,birthyear
119829,birthplace
119845,birthplace
119897,birthplace
119898,birthyear
119911,team
119921,birthplace
119925,birthplace
119934,team
119939,birthyear
119953,birthyear
119957,birthyear
119994,birthyear
120040,birthyear
120050,team
120054,team
120059,team
120107,team
120119,birthplace
120135,birthplace
120168,birthplace
120183,birthplace
120184,birthplace
120204,team
120210,birthplace
120211,birthyear
120213,birthyear
120250,birthyear
120251,team
120287,birthplace
120303,birthyear
120303,team
120305,birthplace
120329,team
120362,birthplace
120371,birthplace
120397,team
120412,birthyear
120435,team
120469,birthplace
120497,team
120569,birthplace
120625,team
120705,birthyear
120710,birthplace
120722,birthyear
120726,birthplace
120741,birthyear
120760,team
120800,birthyear
120823,team
120882,birthplace
120897,birthyear
120898,birthplace
120908,team
120922,birthyear
120930,birthyear
120961,birthyear
120973,birthplace
120974,birthplace
120980,team
121045,birthplace
121078,birthyear
121078,team
121082,team
121088,birthplace
121109,team
121169,birthyear
121169,team
121199,team
121239,team
121250,team
121264,birthplace
121292,birthplace
121303,team
121325,team
121336,birthplace
121394,birthplace
121422,team
121423,team
121433,team
121434,birthplace
121441,team
121450,team
121474,birthplace
121480,birthplace
121518,birthyear
121535,birthplace
121541,birthyear
121542,team
121550,birthyear
121553,birthyear
121553,team
121558,team
121578,birthplace
121619,birthplace
121631,birthyear
121660,birthplace
121661,team
121667,birthplace
121668,birthplace
121669,team
121676,birthyear
121689,team
121695,team
121707,birthplace
121727,team
121736,birthyear
121741,birthyear
121765,birthplace
121786,birthyear
121801,team
121818,team
121820,team
121833,birthplace
121857,birthyear
121861,birthplace
121872,team
121875,birthyear
121875,team
121891,birthyear
121896,birthplace
121929,birthyear
121949,birthplace
121992,birthplace
121993,birthplace
122018,birthyear
122020,team
122153,team
122163,birthplace
122165,team
122201,team
122212,birthplace
122249,team
122271,team
122275,birthplace
122278,birthplace
122312,birthplace
122318,birthplace
122328,birthplace
122363,birthyear
122371,birthyear
122441,birthyear
122444,birthyear
122448,birthyear
122473,birthyear
122473,team
122479,team
122480,birthyear
122499,birthyear
122499,team
122522,birthyear
122535,birthplace
122561,birthplace
122582,team
122589,team
122598,birthyear
122598,team
122623,birthplace
122633,team
122650,birthyear
122650,team
122701,birthplace
122703,team
122755,team
122765,birthyear
122788,birthplace
122796,birthyear
122819,birthplace
122820,birthyear
122830,team
122840,team
122915,birthplace
122970,birthplace
122986,birthplace
122991,birthplace
122992,team
123003,birthplace
123009,birthplace
123010,team
123045,team
123072,team
123076,team
123081,team
123095,birthplace
123147,birthyear
123158,birthyear
123180,birthplace
123222,birthyear
123230,birthplace
123243,birthplace
123278,birthplace
123304,birthplace
123308,team
123321,birthplace
123327,team
123342,birthplace
123370,birthplace
123372,team
123384,birthplace
123404,team
123414,birthplace
123424,team
123425,team
123443,birthyear
123461,birthplace
123483,birthplace
123597,birthyear
123597,team
123598,team
123616,birthyear
123616,team
123661,team
123700,team
123731,birthyear
123731,team
123746,birthplace
123812,team
123815,birthyear
123854,birthyear
123869,birthplace
123879,birthyear
123912,team
123940,birthplace
123955,birthplace
123975,team
124003,team
124022,birthplace
124030,birthyear
124030,team
124041,birthplace
124085,team
124087,team
124144,team
124156,birthplace
124196,birthyear
124275,team
124277,birthyear
124277,team
124296,team
124311,team
124368,team
124385,birthplace
124390,birthyear
124393,birthplace
124416,birthplace
124423,team
124435,birthplace
124457,team
124460,team
124513,birthplace
124514,birthplace
124664,birthplace
124675,birthplace
124676,team
124703,birthplace
124708,birthplace
124717,birthplace
124747,team
124751,birthyear
124759,birthplace
124783,birthyear
124824,birthyear
124824,team
124833,team
124844,team
124856,birthplace
124872,team
124881,birthplace
124889,birthplace
124904,team
124926,birthplace
124942,birthplace
124947,birthyear
124947,team
124962,birthplace
124973,team
124986,birthplace
125022,birthyear
125022,team
125044,team
125087,birthplace
125170,team
125171,birthplace
125174,birthplace
125208,birthplace
125215,birthplace
125252,birthyear
125274,team
125280,birthplace
125283,birthplace
125340,birthyear
125390,birthyear
125398,team
125427,birthplace
125432,birthplace
125449,birthyear
125465,birthplace
125474,birthplace
125494,team
125498,birthplace
125519,birthplace
125547,birthplace
125572,team
125624,birthplace
125629,team
125644,birthplace
125664,birthyear
125664,team
125676,birthyear
125681,birthplace
125695,team
125711,birthplace
125743,team
125763,birthyear
125763,team
125771,birthplace
125827,birthyear
125833,birthyear
125845,birthplace
125908,birthplace
125929,team
125930,birthplace
125944,birthyear
125968,birthyear
125976,team
126012,birthplace
126034,birthyear
126050,birthyear
126050,team
126125,birthyear
126171,team
126186,team
126188,birthyear
126214,team
126216,team
126217,team
126238,team
126265,birthplace
126277,team
126285,team
126286,birthyear
126295,birthyear
126326,birthyear
126370,birthyear
126370,team
126373,team
126448,birthyear
126459,birthplace
126463,birthplace
126512,birthplace
126527,birthplace
126537,birthplace
126545,birthyear
126545,team
126549,birthyear
126575,team
126581,birthplace
126633,birthplace
126644,birthplace
126648,team
126723,team
126725,birthplace
126770,team
126786,team
126849,birthplace
126890,birthplace
126907,team
126914,birthplace
126925,birthplace
126955,team
126985,birthyear
127027,birthplace
127059,team
127109,team
127114,birthplace
127115,birthyear
127115,team
127120,team
127134,team
127146,team
127166,team
127187,team
127193,birthplace
127195,team
127199,team
127232,team
127235,team
127238,team
127266,birthplace
127298,birthyear
127298,team
127336,birthplace
127349,birthplace
127389,birthplace
127412,team
127461,team
127463,birthyear
127469,birthplace
127488,team
127493,birthyear
127502,birthyear
127502,team
127525,team
127528,team
127532,birthyear
127551,birthyear
127568,birthplace
127570,birthplace
127595,team
127601,team
127638,birthyear
127645,team
127657,birthplace
127673,birthplace
127694,birthplace
127695,birthplace
127702,team
127721,team
127734,team
127743,birthplace
127828,birthyear
127840,team
127855,team
127869,team
127872,birthplace
127908,team
127914,birthyear
127916,birthplace
127941,birthplace
127947,birthplace
127951,birthplace
127969,birthyear
127975,birthplace
127980,birthplace
127996,birthyear
128010,birthplace
128018,birthyear
128025,team
128047,birthplace
128048,birthyear
128057,birthyear
128074,birthyear
128074,team
128100,birthyear
128155,birthplace
128159,birthyear
128171,birthplace
128183,team
128194,birthplace
128200,birthplace
128203,team
128216,birthyear
128231,team
128256,birthyear
128256,team
128257,birthplace
128261,birthplace
128298,team
128306,birthyear
128306,team
128309,team
128328,birthyear
128328,team
128344,birthplace
128379,birthyear
128450,birthyear
128459,birthplace
128468,birthyear
128494,birthplace
128496,team
128530,team
128533,birthplace
128539,birthyear
128539,team
128545,birthplace
128547,birthplace
128549,team
128564,birthplace
128581,birthyear
128581,team
128587,birthplace
128589,birthplace
128620,birthplace
128647,birthyear
128663,team
128670,team
128671,team
128719,team
128743,birthplace
128797,birthyear
128811,birthyear
128817,birthplace
128836,team
128841,team
128852,team
128865,birthplace
128878,team
128896,team
128907,team
128925,birthyear
128954,birthyear
128964,birthyear
128967,team
129047,birthyear
129047,team
129078,birthplace
129080,birthplace
129098,birthplace
129111,birthyear
129119,birthyear
129119,team
129124,team
129139,birthplace
129142,birthplace
129162,birthplace
129194,birthyear
129194,team
129221,birthplace
129227,birthyear
129261,birthplace
129279,birthplace
129356,birthplace
129357,birthplace
129379,team
129411,team
129439,birthplace
129458,birthplace
129475,team
129478,birthyear
129480,team
129495,birthyear
129495,team
129510,team
129525,birthyear
129525,team
129587,birthplace
129595,team
129606,birthyear
129624,team
129661,team
129683,team
129688,birthyear
129714,team
129812,team
129831,team
129845,birthplace
129865,birthplace
129891,team
129920,team
129940,birthplace
129956,birthyear
129960,team
129978,birthplace
130002,team
130003,team
130012,team
130021,birthyear
130022,team
130025,birthyear
130038,team
130064,birthplace
130080,team
130097,team
130119,birthplace
130174,team
130183,birthyear
130198,birthyear
130204,birthyear
130220,team
130264,team
130283,team
130293,birthplace
130300,birthplace
130303,birthplace
130331,birthplace
130425,birthplace
130459,team
130468,birthyear
130511,birthplace
130534,birthplace
130543,birthyear
130552,birthplace
130636,birthplace
130640,birthyear
130650,team
130666,team
130676,birthyear
130683,team
130730,team
130738,team
130754,birthyear
130840,birthyear
130858,birthplace
130909,birthplace
130918,team
130926,birthyear
130926,team
130935,birthplace
130949,birthplace
130997,birthplace
130999,birthplace
131018,birthplace
131069,birthplace
131132,birthplace
131146,birthplace
131162,team
131168,team
131188,team
131193,birthplace
131232,team
131248,birthyear
131248,team
131249,team
131250,birthplace
131253,birthplace
131278,birthplace
131279,team
131285,birthyear
131296,birthplace
131316,team
131322,birthyear
131323,birthplace
131327,birthyear
131349,birthplace
131356,birthyear
131356,team
131360,birthplace
131376,birthplace
131397,team
131504,birthplace
131511,team
131527,birthyear
131530,birthyear
131536,team
131555,birthyear
131564,team
131594,birthplace
131600,birthyear
131622,birthplace
131629,birthyear
131658,birthyear
131658,team
131709,birthplace
131806,birthyear
131806,team
131813,birthplace
131826,team
131848,birthplace
131903,birthplace
131938,birthplace
131942,birthplace
131981,birthyear
132021,team
132029,birthplace
132035,birthyear
132035,team
132099,team
132114,team
132127,birthyear
132127,team
132130,birthyear
132130,team
132139,birthplace
132184,team
132196,team
132262,birthyear
132269,team
132294,team
132306,team
132307,birthplace
132338,birthplace
132392,birthplace
132394,birthyear
132394,team
132395,team
132418,birthplace
132446,birthyear
132465,birthyear
132475,birthyear
132493,birthplace
132523,birthplace
132542,team
132544,birthplace
132555,team
132578,birthplace
132583,birthyear
132610,birthyear
132651,birthyear
132675,team
132709,team
132720,birthplace
132721,birthyear
132735,birthplace
132743,birthyear
132774,birthplace
132786,birthplace
132846,team
132849,team
132867,team
132875,birthplace
132878,birthplace
132917,team
132939,team
132979,team
133012,birthplace
133029,birthplace
133069,team
133085,birthyear
133111,birthplace
133141,team
133151,team
133155,team
133156,birthplace
133178,birthplace
133204,birthyear
133211,birthplace
133215,team
133225,birthplace
133239,birthyear
133259,team
133267,birthyear
133267,team
133268,team
133274,team
133276,team
133308,birthyear
133323,birthplace
133362,birthyear
133363,team
133372,birthplace
133375,birthyear
133389,team
133412,team
133421,birthplace
133442,team
133445,team
133484,birthyear
133491,birthyear
133494,team
133549,birthplace
133559,birthplace
133562,birthyear
133580,team
133596,birthyear
133619,birthplace
133623,birthyear
133624,birthplace
133631,team
133664,team
133687,team
133700,birthyear
133706,birthplace
133710,birthplace
133728,birthyear
133775,birthplace
133799,birthyear
133867,birthyear
133868,team
133893,team
133899,birthyear
133934,birthplace
133944,birthplace
133985,birthplace
133987,birthplace
133990,birthplace
134001,birthyear
134001,team
134006,birthyear
134009,team
134011,birthplace
134052,birthplace
134078,birthyear
134100,birthyear
134118,birthplace
134153,team
134162,birthyear
134166,birthplace
134189,birthplace
134214,birthyear
134217,team
134240,birthplace
134254,birthplace
134299,birthyear
134319,birthplace
134351,birthyear
134362,team
134382,team
134396,team
134453,birthplace
134464,birthplace
134485,birthyear
134517,birthplace
134571,birthyear
134603,team
134607,birthyear
134632,team
134652,team
134653,birthplace
134717,team
134720,team
134741,birthplace
134770,team
134800,birthplace
134807,birthyear
134835,birthplace
134868,team
134869,birthyear
134887,birthplace
134889,birthyear
134890,team
134900,team
134985,team
135008,birthplace
135098,birthplace
135099,birthplace
135124,team
135142,team
135165,birthyear
135175,birthplace
135180,birthyear
135182,team
135229,birthyear
135248,birthyear
135251,birthplace
135282,birthplace
135301,birthplace
135304,team
135352,birthyear
135363,birthplace
135419,birthplace
135435,team
135447,birthyear
135459,birthyear
135479,birthplace
135503,team
135504,birthyear
135531,birthyear
135535,birthyear
135549,birthplace
135581,birthyear
135630,birthplace
135675,team
135699,birthyear
135706,birthyear
135755,birthplace
135760,team
135786,team
135798,team
135829,birthyear
135829,team
135830,team
135843,birthyear
135857,team
135879,team
135892,birthplace
135893,birthplace
135894,team
135907,team
135929,team
135932,birthyear
135954,birthyear
135989,birthyear
136027,team
136039,team
136047,birthplace
136051,birthyear
136051,team
136058,team
136062,team
136098,birthyear
136125,birthplace
136133,birthyear
136145,birthyear
136158,birthyear
136158,team
136198,birthyear
136240,birthplace
136307,birthyear
136307,team
136328,birthyear
136342,birthplace
136370,birthplace
136401,birthplace
136409,birthyear
136478,birthplace
136515,birthplace
136559,birthplace
136590,birthyear
136618,birthplace
136626,birthplace
136660,birthplace
136665,birthyear
136706,birthplace
136724,birthplace
136734,birthplace
136735,birthyear
136746,birthplace
136810,birthplace
136842,birthplace
136856,birthyear
136889,birthplace
136923,birthyear
136960,birthyear
136976,birthplace
136987,birthplace
137023,birthyear
137062,birthyear
137073,birthyear
137094,birthplace
137096,birthplace
137108,birthplace
137118,birthplace
137200,birthyear
137323,birthyear
137325,birthplace
137426,birthyear
137449,birthplace
137463,birthplace
137490,birthyear
137530,birthplace
137535,birthplace
137549,birthyear
137559,birthplace
137612,birthyear
137628,birthplace
137654,birthplace
137828,birthplace
137836,birthplace
137841,birthplace
137992,birthyear
138082,birthplace
138118,birthyear
138122,birthplace
138152,birthplace
138154,birthyear
138188,birthplace
138190,birthyear
138204,birthplace
138205,birthyear
138274,birthyear
138287,birthyear
138404,birthyear
138410,birthyear
138414,birthplace
138448,birthyear
138468,birthplace
138633,birthyear
138639,birthyear
138644,birthplace
138652,birthplace
138660,birthyear
138668,birthyear
138689,birthplace
138707,birthyear
138741,birthplace
138756,birthplace
138789,birthplace
138797,birthplace
138802,birthplace
138821,birthplace
138882,birthplace
138903,birthyear
139006,birthyear
139033,birthyear
139068,birthplace
139082,birthyear
139094,birthplace
139115,birthplace
139127,birthplace
139161,birthyear
139308,birthplace
139314,birthplace
139350,birthyear
139358,birthyear
139384,birthplace
139405,birthplace
139450,birthplace
139454,birthyear
139462,birthplace
139481,birthplace
139548,birthplace
139551,birthplace
139552,birthplace
139583,birthplace
139591,birthplace
139604,birthplace
139622,birthyear
139698,birthyear
139710,birthplace
139726,birthplace
139747,birthyear
139751,birthplace
139790,birthplace
139828,birthyear
139842,birthyear
139848,birthplace
140008,birthplace
140015,birthplace
140042,birthyear
140077,birthyear
140078,birthplace
140093,birthplace
140196,birthplace
140198,birthplace
140219,birthplace
140380,birthyear
140424,birthyear
140440,birthyear
140494,birthplace
140501,birthplace
140507,birthplace
140533,birthplace
140573,birthplace
140611,birthyear
140634,birthplace
140729,birthplace
140761,birthplace
140768,birthyear
140809,birthplace
140835,birthyear
140852,birthyear
140880,birthplace
140883,birthplace
140970,birthyear
141093,birthyear
141119,birthyear
141127,birthplace
141182,birthplace
141183,birthplace
141188,birthplace
141211,birthplace
141222,birthplace
141240,birthplace
141248,birthplace
141250,birthyear
141254,birthplace
141265,birthplace
141285,birthplace
141319,birthplace
141333,birthyear
141406,birthplace
141425,birthyear
141503,birthplace
141514,birthyear
141545,birthplace
141557,birthplace
141590,birthplace
141608,birthplace
141647,birthplace
141658,birthyear
141705,birthyear
141726,birthplace
141815,birthplace
141850,birthplace
141946,birthplace
141956,birthplace
141965,birthyear
141966,birthplace
141987,birthyear
142010,birthplace
142019,birthplace
142028,birthplace
142029,birthplace
142169,birthyear
142301,birthplace
142377,birthplace
142416,birthplace
142435,birthplace
142472,birthplace
142476,birthplace
142485,birthyear
142495,birthplace
142539,birthyear
142577,birthplace
142627,birthyear
142633,birthplace
142771,birthplace
142780,birthplace
142785,birthplace
142816,birthplace
142823,birthplace
142832,birthyear
142844,birthyear
142872,birthplace
142888,birthyear
142893,birthyear
142942,birthplace
142950,birthyear
143051,birthplace
143121,birthplace
143130,birthplace
143146,birthyear
143153,birthyear
143164,birthplace
143170,birthyear
143191,birthyear
143208,birthplace
143209,birthyear
143279,birthyear
143280,birthplace
143298,birthyear
143321,birthyear
143341,birthplace
143376,birthyear
143383,birthplace
143389,birthyear
143411,birthyear
143443,birthplace
143502,birthplace
143536,birthyear
143577,birthyear
143675,birthplace
143819,birthplace
143829,birthyear
143904,birthplace
143913,birthplace
143963,birthplace
144010,birthplace
144052,birthplace
144194,birthplace
144264,birthplace
144342,birthplace
144348,birthplace
144364,birthplace
144373,birthplace
144375,birthplace
144404,birthplace
144407,birthyear
144437,birthplace
144536,birthyear
144607,birthplace
144637,birthyear
144651,birthyear
144668,birthplace
144733,birthyear
144742,birthplace
144777,birthplace
144812,birthplace
144819,birthyear
144860,birthplace
144939,birthplace
144953,birthplace
145000,birthplace
145025,birthplace
145069,birthyear
145085,birthplace
145245,birthplace
145267,birthplace
145296,birthplace
145308,birthplace
145392,birthplace
145393,birthyear
145396,birthyear
145407,birthplace
145410,birthplace
145429,birthplace
145434,birthplace
145464,birthplace
145470,birthyear
145471,birthplace
145475,birthplace
145505,birthplace
145544,birthplace
145547,birthplace
145593,birthyear
145594,birthplace
145667,birthyear
145676,birthplace
145680,birthplace
145696,birthyear
145705,birthplace
145734,birthplace
145756,birthplace
145819,birthplace
145836,birthyear
145875,birthplace
145881,birthplace
145928,birthplace
145937,birthplace
145955,birthplace
145956,birthplace
145965,birthyear
145969,birthplace
146029,birthplace
146044,birthplace
146048,birthplace
146072,birthplace
146132,birthyear
146140,birthyear
146166,birthyear
146191,birthplace
146209,birthplace
146304,birthplace
146336,birthplace
146352,birthplace
146387,birthyear
146428,birthplace
146445,birthplace
146448,birthyear
146535,birthplace
146565,birthplace
146596,birthyear
146600,birthplace
146640,birthyear
146724,birthyear
146761,birthplace
146766,birthyear
146778,birthyear
146845,birthyear
146865,birthplace
146942,birthplace
146969,birthplace
147013,birthplace
147034,birthplace
147059,birthplace
147089,birthplace
147097,birthplace
147142,birthplace
147160,birthplace
147174,birthplace
147187,birthplace
147192,birthyear
147214,birthplace
147278,birthplace
147291,birthyear
147312,birthplace
147322,birthplace
147341,birthyear
147353,birthplace
147372,birthplace
147387,birthyear
147427,birthplace
147583,birthplace
147640,birthyear
147667,birthyear
147683,birthyear
147686,birthyear
147741,birthyear
147759,birthyear
147768,birthplace
147838,birthplace
147848,birthplace
147857,birthyear
147883,birthplace
147895,birthplace
147976,birthplace
147981,birthplace
147994,birthplace
148074,birthplace
148097,birthyear
148133,birthplace
148221,birthplace
148234,birthplace
148289,birthyear
148301,birthplace
148304,birthplace
148305,birthyear
148313,birthplace
148353,birthyear
148365,birthplace
148420,birthplace
148462,birthplace
148463,birthyear
148480,birthplace
148557,birthyear
148559,birthplace
148578,birthyear
148585,birthplace
148619,birthyear
148668,birthplace
148671,birthplace
148717,birthplace
148736,birthplace
148776,birthplace
148824,birthplace
148835,birthplace
148838,birthyear
148869,birthplace
148913,birthplace
148914,birthyear
148925,birthyear
148935,birthplace
148945,birthplace
148956,birthplace
148960,birthplace
148966,birthplace
149056,birthplace
149091,birthplace
149173,birthplace
149185,birthyear
149187,birthplace
149242,birthplace
149305,birthplace
149310,birthyear
149320,birthplace
149347,birthplace
149356,birthplace
149359,birthyear
149394,birthplace
149427,birthplace
149431,birthplace
149439,birthplace
149525,birthyear
149570,birthplace
149574,birthplace
149600,birthyear
149627,birthyear
149637,birthplace
149652,birthplace
149658,birthplace
149677,birthplace
149698,birthplace
149768,birthyear
149879,birthplace
149941,birthplace
149942,birthplace
150001,birthplace
150002,birthplace
150052,birthyear
150103,birthplace
150104,birthyear
150107,birthplace
150108,birthplace
150123,birthyear
150191,birthplace
150222,birthplace
150321,birthplace
150367,birthplace
150369,birthplace
150375,birthplace
150405,birthyear
150406,birthyear
150419,birthplace
150451,birthyear
150460,birthyear
150528,birthplace
150531,birthplace
150542,birthplace
150614,birthyear
150641,birthplace
150655,birthyear
150686,birthplace
150724,birthplace
150731,birthplace
150753,birthplace
150761,birthyear
150784,birthyear
150787,birthyear
150788,birthplace
150807,birthplace
150813,birthyear
150853,birthplace
150888,birthplace
150921,birthyear
150934,birthplace
150957,birthyear
150977,birthyear
150978,birthplace
151001,birthplace
151036,birthyear
151070,birthplace
151080,birthyear
151089,birthplace
151124,birthplace
151137,birthyear
151163,birthplace
151181,birthplace
151185,birthplace
151271,birthplace
151310,birthplace
151369,birthyear
151391,birthyear
151430,birthyear
151472,birthplace
151532,birthplace
151537,birthyear
151596,birthplace
151597,birthplace
151624,birthplace
151625,birthplace
151672,birthplace
151679,birthplace
151682,birthplace
151771,birthyear
151781,birthyear
151803,birthplace
151830,birthplace
151879,birthplace
151894,birthplace
151898,birthplace
151971,birthplace
151976,birthplace
152081,birthplace
152141,birthyear
152176,birthplace
152183,birthplace
152273,birthplace
152287,birthplace
152303,birthplace
152305,birthplace
152324,birthyear
152337,birthyear
152361,birthplace
152423,birthplace
152443,birthplace
152511,birthplace
152550,birthplace
152594,birthplace
152621,birthyear
152653,birthplace
152657,birthyear
152663,birthplace
152669,birthplace
152695,birthplace
152764,birthplace
152776,birthplace
152813,birthyear
152815,birthplace
152847,birthplace
152858,birthyear
152874,birthplace
152915,birthplace
152933,birthyear
153004,birthplace
153007,birthplace
153085,birthplace
153129,birthyear
153131,birthyear
153172,birthyear
153174,birthplace
153182,birthplace
153183,birthplace
153188,birthplace
153227,birthplace
153240,birthplace
153275,birthyear
153335,birthplace
153431,birthyear
153467,birthplace
153501,birthyear
153541,birthyear
153582,birthplace
153594,birthyear
153635,birthplace
153663,birthyear
153686,birthplace
153719,birthplace
153723,birthyear
153727,birthplace
153769,birthyear
153792,birthplace
153804,birthplace
153821,birthplace
153828,birthyear
153870,birthyear
153911,birthplace
153927,birthyear
153989,birthplace
154018,birthplace
154022,birthplace
154026,birthyear
154056,birthplace
154130,birthplace
154175,birthplace
154185,birthplace
154301,birthyear
154367,birthyear
154368,birthyear
154373,birthplace
154389,birthyear
154494,birthyear
154529,birthplace
154554,birthplace
154566,birthyear
154582,birthyear
154598,birthplace
154646,birthplace
154691,birthplace
154730,birthplace
154748,birthplace
154750,birthplace
154769,birthyear
154789,birthyear
154851,birthyear
154901,birthyear
154909,birthplace
155038,birthyear
155049,birthplace
155070,birthplace
155075,birthplace
155087,birthplace
155141,birthyear
155175,birthplace
155201,birthyear
155209,birthyear
155229,birthplace
155237,birthyear
155271,birthplace
155288,birthyear
155292,birthplace
155301,birthplace
155364,birthyear
155372,birthplace
155399,birthplace
155416,birthyear
155486,birthplace
155518,birthplace
155539,birthplace
155575,birthplace
155619,birthplace
155650,birthyear
155660,birthplace
155740,birthplace
155784,birthplace
155823,birthplace
155856,birthplace
155861,birthplace
155887,birthplace
155888,birthyear
155890,birthyear
155924,birthplace
155926,birthyear
155945,birthyear
155974,birthplace
155977,birthplace
156012,birthplace
156015,birthyear
156017,birthplace
156023,birthyear
156039,birthplace
156058,birthplace
156161,birthyear
156175,birthplace
156202,birthplace
156225,birthyear
156248,birthyear
156259,birthplace
156289,birthyear
156338,birthyear
156424,birthplace
156429,birthplace
156441,birthyear
156497,birthyear
156515,birthplace
156585,birthyear
156632,birthplace
156722,birthyear
156740,birthplace
156747,birthplace
156767,birthplace
156778,birthplace
156818,birthyear
156855,birthplace
156857,birthplace
156876,birthplace
156886,birthyear
156924,birthyear
156965,birthplace
156974,birthyear
156977,birthyear
156995,birthplace
156998,birthplace
157002,birthplace
157008,birthyear
157021,birthplace
157059,birthplace
157095,birthyear
157209,birthplace
157269,birthplace
157283,birthyear
157290,birthplace
157321,birthplace
157325,birthplace
157359,birthplace
157380,birthyear
157383,birthyear
157430,birthplace
157444,birthyear
157474,birthyear
157519,birthyear
157521,birthplace
157539,birthyear
157592,birthplace
157694,birthyear
157698,birthplace
157714,birthplace
157776,birthplace
157832,birthplace
157846,birthplace
157850,birthplace
157858,birthplace
157879,birthplace
157893,birthyear
157902,birthplace
157928,birthyear
157947,birthplace
157954,birthyear
157966,birthplace
158019,birthplace
158020,birthplace
158031,birthyear
158044,birthplace
158061,birthplace
158110,birthplace
158117,birthyear
158120,birthplace
158126,birthplace
158135,birthplace
158154,birthplace
158197,birthplace
158199,birthplace
158266,birthyear
158292,birthplace
158346,birthplace
158350,birthplace
158459,birthyear
158527,birthplace
158558,birthplace
158572,birthplace
158601,birthplace
158617,birthplace
158645,birthplace
158682,birthplace
158687,birthplace
158697,birthyear
158701,birthplace
158737,birthplace
158816,birthyear
158848,birthplace
158849,birthyear
158880,birthplace
158885,birthyear
158931,birthyear
158942,birthyear
158955,birthplace
159017,birthplace
159020,birthyear
159022,birthplace
159122,birthyear
159130,birthyear
159161,birthplace
159326,birthplace
159346,birthplace
159382,birthyear
159505,birthplace
159549,birthplace
159551,birthyear
159604,birthyear
159612,birthplace
159618,birthyear
159633,birthplace
159643,birthplace
159646,birthyear
159712,birthplace
159764,birthplace
159784,birthyear
159795,birthyear
159799,birthyear
159850,birthyear
159891,birthplace
159938,birthplace
159940,birthplace
159945,birthplace
159999,birthyear
160000,birthplace
160007,birthplace
160042,birthplace
160051,birthplace
160073,birthplace
160080,birthplace
160159,birthplace
160161,birthyear
160184,birthplace
160295,birthplace
160314,birthplace
160321,birthplace
160324,birthplace
160325,birthplace
160343,birthplace
160403,birthplace
160420,birthyear
160441,birthplace
160468,birthyear
160497,birthplace
160527,birthplace
160558,birthplace
160575,birthplace
160634,birthyear
160637,birthplace
160638,birthplace
160755,birthplace
160766,birthyear
160885,birthplace
160894,birthplace
160950,birthplace
160995,birthplace
161040,birthplace
161142,birthplace
161146,birthyear
161155,birthyear
161208,birthplace
161236,birthplace
161295,birthyear
161325,birthplace
161424,birthyear
161480,birthplace
161541,birthplace
161681,birthplace
161723,birthplace
161727,birthyear
161730,birthplace
161769,birthyear
161817,birthyear
161834,birthplace
161865,birthyear
161891,birthplace
161928,birthyear
161952,birthplace
161967,birthplace
161982,birthyear
162054,birthplace
162081,birthplace
162106,birthplace
162149,birthplace
162329,birthyear
162338,birthplace
162363,birthplace
162444,birthplace
162450,birthyear
162451,birthplace
162464,birthplace
162467,birthplace
162474,birthplace
162476,birthyear
162501,birthplace
162518,birthplace
162601,birthplace
162620,birthplace
162702,birthyear
162826,birthplace
162923,birthplace
162934,birthplace
162942,birthyear
163016,birthplace
163029,birthplace
163096,birthyear
163146,birthyear
163188,birthplace
163243,birthyear
163245,birthyear
163270,birthplace
163332,birthyear
163343,birthyear
163388,birthplace
163442,birthplace
163449,birthyear
163462,birthyear
163473,birthyear
163496,birthplace
163656,birthplace
163671,birthplace
163697,birthplace
163744,birthyear
163783,birthyear
163784,birthplace
163795,birthyear
163797,birthplace
163834,birthyear
163843,birthplace
163898,birthyear
163901,birthplace
163926,birthplace
163947,birthyear
163953,birthplace
163955,birthyear
163957,birthplace
164015,birthyear
164022,birthyear
164080,birthyear
164089,birthplace
164112,birthyear
164158,birthplace
164173,birthplace
164175,birthplace
164181,birthplace
164194,birthyear
164231,birthplace
164271,birthyear
164315,birthplace
164325,birthyear
164377,birthplace
164391,birthplace
164505,birthyear
164516,birthyear
164537,birthyear
164541,birthplace
164568,birthplace
164572,birthplace
164583,birthyear
164639,birthplace
164641,birthplace
164666,birthyear
164697,birthplace
164713,birthplace
164752,birthplace
164759,birthplace
164835,birthplace
164878,birthyear
164881,birthplace
164894,birthplace
164922,birthplace
164967,birthplace
164972,birthplace
164976,birthplace
165057,birthyear
165069,birthplace
165085,birthplace
165110,birthplace
165126,birthplace
165147,birthplace
165148,birthplace
165167,birthplace
165180,birthyear
165226,birthplace
165234,birthplace
165262,birthyear
165278,birthplace
165284,birthplace
165289,birthplace
165355,birthyear
165398,birthyear
165411,birthyear
165415,birthplace
165435,birthplace
165456,birthyear
165548,birthplace
165575,birthplace
165595,birthplace
165633,birthplace
165635,birthyear
165647,birthplace
165716,birthplace
165719,birthplace
165725,birthplace
165750,birthplace
165839,birthplace
165904,birthyear
165911,birthyear
165930,birthplace
165944,birthplace
165950,birthyear
165966,birthplace
165990,birthplace
166047,birthplace
166089,birthyear
166097,birthplace
166103,birthyear
166145,birthplace
166172,birthplace
166190,birthyear
166218,birthyear
166237,birthyear
166249,birthplace
166254,birthyear
166264,birthyear
166296,birthyear
166318,birthplace
166346,birthplace
166401,birthplace
166411,birthplace
166417,birthplace
166423,birthplace
166427,birthyear
166444,birthplace
166504,birthplace
166518,birthyear
166553,birthplace
166555,birthplace
166560,birthplace
166564,birthplace
166565,birthplace
166572,birthyear
166596,birthplace
166650,birthyear
166687,birthplace
166724,birthplace
166754,birthyear
166764,birthyear
166813,birthplace
166818,birthplace
166854,birthplace
166861,birthplace
166870,birthplace
166878,birthyear
166901,birthyear
166903,birthplace
166915,birthplace
166952,birthyear
166973,birthplace
166986,birthplace
167013,birthplace
167020,birthplace
167055,birthplace
167105,birthplace
167181,birthyear
167284,birthyear
167367,birthyear
167442,birthplace
167447,birthplace
167460,birthplace
167484,birthplace
167524,birthplace
167553,birthplace
167557,birthyear
167576,birthplace
167612,birthplace
167652,birthplace
167680,birthyear
167734,birthplace
167748,birthplace
167788,birthyear
167790,birthyear
167930,birthplace
167948,birthyear
167995,birthyear
168022,birthplace
168065,birthplace
168072,birthplace
168095,birthplace
168109,birthyear
168128,birthplace
168207,birthyear
168239,birthyear
168267,birthplace
168281,birthplace
168366,birthyear
168436,birthplace
168477,birthplace
168482,birthplace
168513,birthplace
168543,birthplace
168560,birthyear
168581,birthyear
168583,birthyear
168596,birthplace
168633,birthplace
168647,birthyear
168740,birthplace
168760,birthplace
168761,birthplace
168783,birthyear
168825,birthyear
168855,birthplace
168877,birthyear
168919,birthplace
168931,birthyear
168961,birthplace
168975,birthplace
168997,birthplace
169008,birthplace
169021,birthyear
169025,birthyear
169040,birthyear
169044,birthyear
169082,birthyear
169145,birthyear
169184,birthplace
169215,birthplace
169261,birthplace
169283,birthplace
169298,birthplace
169379,birthplace
169388,birthyear
169408,birthplace
169434,birthplace
169508,birthplace
169545,birthyear
169549,birthyear
169574,birthplace
169610,birthplace
169622,birthplace
169661,birthplace
169683,birthyear
169720,birthplace
169727,birthplace
169735,birthyear
169752,birthyear
169759,birthyear
169766,birthplace
169779,birthplace
169807,birthplace
169878,birthyear
169958,birthplace
169960,birthplace
169983,birthyear
170015,birthplace
170125,birthplace
170145,birthplace
170175,birthplace
170211,birthplace
170220,birthyear
170249,birthplace
170259,birthplace
170357,birthplace
170360,birthplace
170361,birthyear
170403,birthplace
170415,birthplace
170426,birthyear
170474,birthplace
170482,birthyear
170497,birthplace
170514,birthyear
170516,birthyear
170522,birthplace
170596,birthyear
170665,birthplace
170708,birthplace
170709,birthyear
170744,birthplace
170790,birthplace
170841,birthplace
170849,birthplace
170899,birthyear
170902,birthyear
171023,birthplace
171034,birthplace
171052,birthplace
171070,birthplace
171073,birthplace
171080,birthplace
171100,birthplace
171103,birthplace
171123,birthplace
171127,birthplace
171133,birthplace
171209,birthyear
171218,birthplace
171259,birthplace
171292,birthplace
171342,birthyear
171496,birthplace
171535,birthplace
171626,birthplace
171630,birthyear
171635,birthplace
171668,birthplace
171671,birthyear
171685,birthyear
171735,birthplace
171829,birthplace
171914,birthplace
171956,birthplace
171977,birthplace
172059,birthyear
172093,birthyear
172094,birthplace
172119,birthyear
172125,birthplace
172137,birthplace
172177,birthyear
172191,birthplace
172227,birthplace
172229,birthyear
172242,birthplace
172244,birthyear
172249,birthyear
172287,birthyear
172364,birthplace
172380,birthyear
172385,birthyear
172403,birthyear
172423,birthplace
172433,birthplace
172507,birthyear
172529,birthplace
172533,birthplace
172540,birthyear
172632,birthplace
172635,birthplace
172682,birthplace
172688,birthplace
172738,birthplace
172762,birthplace
172820,birthplace
172834,birthyear
172842,birthyear
172868,birthyear
172876,birthyear
172899,birthplace
172905,birthyear
172927,birthplace
172942,birthyear
173040,birthyear
173098,birthyear
173187,birthplace
173190,birthplace
173218,birthplace
173283,birthplace
173309,birthyear
173324,birthplace
173337,birthyear
173353,birthplace
173415,birthyear
173455,birthplace
173463,birthplace
173489,birthplace
173521,birthyear
173561,birthplace
173642,birthplace
173686,birthplace
173720,birthplace
173760,birthyear
173795,birthplace
173868,birthplace
173881,birthyear
174091,birthyear
174105,birthplace
174148,birthplace
174165,birthplace
174167,birthplace
174203,birthplace
174235,birthyear
174257,birthplace
174293,birthplace
174305,birthplace
174332,birthyear
174337,birthplace
174358,birthyear
174416,birthplace
174455,birthplace
174458,birthyear
174562,birthyear
174598,birthyear
174621,birthyear
174629,birthplace
174707,birthplace
174718,birthplace
174729,birthplace
174793,birthyear
174801,birthplace
174889,birthyear
174911,birthyear
175081,birthyear
175095,birthyear
175143,birthplace
175153,birthplace
175167,birthplace
175188,birthyear
175219,birthplace
175272,birthplace
175275,birthyear
175279,birthplace
175295,birthyear
175322,birthplace
175381,birthplace
175400,birthplace
175411,birthplace
175415,birthyear
175440,birthplace
175493,birthplace
175495,birthyear
175496,birthplace
175561,birthplace
175591,birthyear
175625,birthyear
175637,birthyear
175641,birthplace
175656,birthplace
175667,birthplace
175675,birthplace
175685,birthyear
175687,birthplace
175695,birthplace
175715,birthplace
175745,birthplace
175779,birthplace
175780,birthplace
175793,birthplace
175803,birthplace
175813,birthplace
175920,birthyear
175942,birthplace
175950,birthplace
175953,birthplace
175961,birthplace
176082,birthplace
176111,birthplace
176115,birthplace
176154,birthplace
176161,birthplace
176166,birthplace
176175,birthyear
176199,birthyear
176205,birthplace
176207,birthplace
176234,birthplace
176266,birthplace
176306,birthplace
176326,birthplace
176349,birthplace
176356,birthyear
176361,birthplace
176411,birthplace
176429,birthplace
176461,birthplace
176473,birthplace
176505,birthplace
176509,birthyear
176516,birthplace
176540,birthyear
176566,birthplace
176568,birthplace
176666,birthyear
176754,birthyear
176755,birthplace
176802,birthplace
176847,birthyear
176881,birthplace
176883,birthplace
176999,birthyear
177024,birthplace
177077,birthyear
177110,birthyear
177128,birthyear
177133,birthyear
177134,birthyear
177136,birthyear
177174,birthplace
177183,birthplace
177204,birthyear
177205,birthplace
177322,birthyear
177343,birthplace
177355,birthyear
177393,birthyear
177471,birthplace
177476,birthplace
177508,birthplace
177522,birthyear
177543,birthplace
177562,birthplace
177586,birthplace
177705,birthyear
177757,birthyear
177870,birthyear
177881,birthplace
177895,birthyear
177907,birthplace
177932,birthyear
177934,birthplace
177974,birthplace
177980,birthyear
177984,birthplace
177998,birthplace
178013,birthplace
178028,birthplace
178083,birthplace
178091,birthplace
178113,birthplace
178134,birthplace
178175,birthplace
178191,birthplace
178193,birthyear
178194,birthplace
178250,birthyear
178280,birthyear
178294,birthplace
178335,birthyear
178356,birthyear
178361,birthyear
178365,birthplace
178500,birthplace
178554,birthyear
178588,birthplace
178593,birthyear
178599,birthplace
178610,birthplace
178626,birthyear
178664,birthplace
178671,birthyear
178693,birthplace
178743,birthyear
178754,birthplace
178832,birthplace
178867,birthyear
178869,birthyear
178887,birthplace
178898,birthyear
178908,birthplace
178944,birthplace
178987,birthplace
179012,birthyear
179049,birthplace
179083,birthplace
179101,birthplace
179118,birthyear
179154,team
179161,birthyear
179175,birthplace
179187,team
179191,team
179258,birthplace
179289,team
179291,birthyear
179292,team
179314,birthyear
179322,birthplace
179324,team
179328,team
179334,birthplace
179404,birthyear
179408,birthyear
179433,team
179488,birthplace
179534,birthplace
179561,team
179599,birthplace
179617,birthyear
179685,birthyear
179759,birthplace
179762,birthplace
179784,birthplace
179806,birthplace
179807,birthyear
179813,birthplace
179825,team
179832,team
179844,team
179857,birthplace
179868,team
179878,team
179881,birthyear
179902,team
179947,birthyear
179953,team
179991,birthyear
179993,team
179994,team
179995,birthplace
180037,team
180063,birthyear
180065,team
180081,birthplace
180083,birthplace
180089,birthyear
180099,birthplace
180119,team
180124,birthyear
180135,team
180150,team
180158,birthyear
180183,birthplace
180207,birthplace
180220,team
180237,team
180252,team
180265,birthyear
180273,birthplace
180284,birthplace
180289,birthyear
180308,team
180324,birthyear
180337,birthplace
180384,birthyear
180420,birthyear
180425,birthyear
180477,birthyear
180480,birthplace
180483,birthyear
180524,team
180525,birthplace
180565,birthyear
180565,team
180579,birthplace
180584,team
180599,birthplace
180601,birthplace
180611,birthplace
180620,birthplace
180630,team
180665,birthplace
180700,birthplace
180705,birthyear
180709,birthyear
180709,team
180724,birthplace
180735,birthplace
180755,birthplace
180757,birthyear
180770,birthplace
180781,birthyear
180781,team
180782,team
180786,birthyear
180822,birthplace
180832,birthyear
180853,birthplace
180858,birthplace
180863,birthplace
180885,birthyear
180919,birthyear
180948,birthyear
180962,birthplace
180972,team
181025,birthyear
181035,team
181054,team
181057,birthplace
181063,birthyear
181112,birthplace
181113,birthyear
181120,birthplace
181138,birthplace
181142,team
181155,team
181194,team
181213,birthplace
181219,team
181238,team
181269,birthplace
181313,birthplace
181363,team
181374,birthyear
181394,team
181395,birthplace
181401,birthplace
181454,team
181481,birthplace
181520,birthplace
181524,birthyear
181524,team
181556,birthyear
181579,birthplace
181597,birthplace
181618,birthplace
181637,team
181642,birthplace
181654,team
181673,team
181677,birthyear
181717,birthplace
181720,team
181737,team
181752,birthplace
181905,team
181910,birthplace
181911,birthyear
181924,team
181930,birthyear
181930,team
181982,birthplace
182004,birthplace
182005,birthyear
182005,team
182018,birthplace
182059,birthyear
182059,team
182102,birthyear
182106,birthplace
182161,birthyear
182211,team
182254,birthplace
182326,team
182344,birthplace
182373,team
182379,birthplace
182403,birthyear
182410,birthplace
182419,team
182422,birthplace
182473,team
182478,team
182509,team
182521,birthplace
182537,birthyear
182574,team
182578,birthplace
182608,birthplace
182609,birthplace
182621,birthplace
182684,birthyear
182713,birthplace
182746,birthplace
182767,team
182796,birthyear
182797,birthplace
182806,team
182814,birthplace
182922,birthplace
182985,team
182988,birthplace
182995,birthplace
183029,team
183041,birthyear
183048,birthplace
183063,birthyear
183077,birthplace
183078,birthplace
183124,birthyear
183124,team
183135,birthplace
183151,birthplace
183155,team
183161,birthyear
183165,team
183212,birthplace
183240,team
183243,birthyear
183249,team
183251,birthyear
183258,birthplace
183264,team
183269,birthyear
183280,birthplace
183283,birthyear
183283,team
183329,birthyear
183330,birthplace
183374,birthyear
183385,birthyear
183415,team
183418,birthplace
183431,team
183432,birthyear
183451,birthplace
183515,birthplace
183566,birthplace
183579,birthplace
183582,team
183595,team
183596,birthplace
183598,birthplace
183610,birthplace
183614,team
183662,birthyear
183667,birthplace
183714,birthplace
183743,birthplace
183746,birthplace
183794,team
183818,birthplace
183819,team
183821,team
183826,birthyear
183828,birthyear
183828,team
183845,team
183883,birthplace
183892,birthplace
183907,birthplace
183971,birthplace
183984,birthplace
184019,team
184060,birthyear
184115,birthplace
184120,birthplace
184190,birthyear
184190,team
184212,birthyear
184221,team
184303,team
184318,team
184349,birthplace
184360,birthplace
184394,birthplace
184404,birthplace
184443,team
184534,team
184576,birthplace
184584,birthplace
184600,team
184633,birthplace
184663,team
184688,birthyear
184740,birthplace
184764,team
184783,team
184804,team
184851,team
184938,birthplace
184953,birthyear
184953,team
184962,birthyear
185001,birthplace
185024,team
185036,birthyear
185036,team
185054,team
185059,team
185072,birthyear
185079,birthplace
185083,birthplace
185119,birthyear
185119,team
185129,team
185159,birthplace
185171,birthplace
185182,birthyear
185182,team
185213,birthyear
185223,birthyear
185253,birthplace
185263,birthyear
185286,team
185325,birthyear
185333,birthplace
185355,birthyear
185359,birthplace
185366,birthplace
185372,team
185384,team
185385,birthplace
185402,birthplace
185417,birthplace
185466,birthplace
185469,team
185474,birthplace
185572,birthyear
185572,team
185575,team
185587,birthplace
185589,birthplace
185600,team
185607,birthplace
185632,birthyear
185741,birthplace
185742,team
185763,team
185853,team
185882,birthplace
185894,birthplace
185971,birthplace
185977,birthyear
185990,birthyear
185992,birthyear
185992,team
186066,team
186089,team
186098,birthyear
186148,birthplace
186182,team
186227,team
186239,team
186248,birthplace
186258,birthyear
186281,birthyear
186309,birthplace
186329,birthyear
186380,team
186397,birthyear
186397,team
186410,birthplace
186463,birthplace
186470,birthyear
186471,birthyear
186540,birthyear
186541,team
186625,team
186626,team
186668,team
186680,team
186681,birthyear
186681,team
186689,team
186699,birthyear
186699,team
186732,birthplace
186756,team
186788,birthyear
186788,team
186836,team
186850,birthplace
186868,team
186870,team
186886,birthplace
186940,birthplace
186941,birthyear
186941,team
186985,team
186996,birthplace
187027,birthyear
187038,birthplace
187049,birthplace
187063,team
187067,team
187079,team
187100,birthplace
187101,team
187114,birthplace
187119,birthplace
187155,birthplace
187187,birthyear
187206,birthplace
187208,birthplace
187217,birthyear
187245,team
187287,team
187301,birthplace
187322,birthplace
187349,birthyear
187351,birthplace
187379,team
187420,birthplace
187440,team
187446,team
187447,team
187449,team
187505,birthplace
187524,birthplace
187547,team
187573,team
187587,team
187589,birthplace
187591,birthplace
187620,birthplace
187651,birthyear
187663,team
187706,birthplace
187734,birthplace
187760,birthplace
187765,birthplace
187804,birthyear
187823,team
187830,team
187848,team
187857,team
187859,birthyear
187883,birthyear
187898,birthplace
187914,birthplace
187924,birthplace
187926,team
187952,team
188004,team
188006,team
188015,birthplace
188021,birthplace
188035,birthplace
188039,birthyear
188044,team
188050,birthplace
188053,team
188078,birthplace
188088,team
188105,birthplace
188141,team
188161,team
188182,birthplace
188183,birthyear
188201,team
188234,birthplace
188236,birthplace
188238,birthplace
188297,birthplace
188305,birthyear
188340,birthplace
188367,birthyear
188375,team
188394,team
188406,team
188413,birthplace
188500,birthyear
188509,birthplace
188519,birthyear
188551,birthplace
188582,birthplace
188590,birthyear
188605,birthyear
188605,team
188613,birthplace
188616,birthplace
188620,team
188641,birthyear
188641,team
188659,team
188685,team
188687,birthyear
188687,team
188691,team
188749,team
188752,team
188763,birthplace
188770,team
188774,birthyear
188778,birthplace
188809,team
188818,birthplace
188856,birthyear
188889,team
188919,team
188965,birthplace
189002,birthplace
189006,birthplace
189022,birthplace
189037,birthplace
189088,birthplace
189101,birthplace
189110,birthplace
189126,team
189127,team
189129,birthyear
189197,team
189226,birthyear
189230,team
189246,birthplace
189249,team
189273,birthplace
189274,birthplace
189292,birthplace
189303,team
189304,birthyear
189304,team
189313,birthyear
189313,team
189319,birthyear
189343,birthplace
189353,team
189357,birthplace
189360,birthplace
189378,team
189381,birthplace
189400,birthyear
189443,team
189447,birthyear
189450,birthyear
189451,team
189458,team
189462,team
189491,team
189503,birthyear
189523,birthplace
189533,birthplace
189566,team
189599,birthplace
189602,team
189605,birthplace
189629,birthplace
189634,team
189655,birthplace
189657,birthplace
189670,team
189691,team
189694,team
189731,birthplace
189766,birthyear
189766,team
189797,team
189803,birthplace
189809,team
189815,birthplace
189817,birthplace
189839,birthplace
189855,birthplace
189891,birthplace
189905,team
189917,birthyear
189917,team
189946,birthyear
189955,team
189956,team
189958,birthplace
189959,team
189963,team
189987,birthplace
189995,birthplace
190016,birthplace
190051,birthplace
190077,birthyear
190078,team
190114,team
190145,birthplace
190151,team
190168,birthyear
190168,team
190264,birthyear
190287,team
190336,birthplace
190341,team
190369,birthplace
190396,birthplace
190403,birthyear
190420,team
190440,birthplace
190461,birthyear
190461,team
190464,birthyear
190464,team
190479,birthyear
190479,team
190550,birthplace
190556,team
190583,birthyear
190616,birthyear
190621,team
190626,birthplace
190631,birthplace
190635,team
190641,team
190682,birthyear
190682,team
190721,birthplace
190724,team
190734,birthplace
190760,birthyear
190773,birthyear
190779,team
190786,team
190812,birthplace
190882,birthplace
190884,team
190889,birthplace
190901,birthplace
190935,birthplace
190942,team
190962,team
190984,birthplace
191027,team
191089,birthyear
191094,birthyear
191113,birthplace
191124,birthplace
191130,birthplace
191155,birthplace
191181,team
191183,team
191214,birthplace
191259,birthplace
191268,team
191287,team
191298,birthyear
191319,birthyear
191334,birthplace
191346,team
191361,team
191373,birthplace
191383,team
191400,team
191413,birthplace
191414,birthyear
191454,birthplace
191472,birthyear
191478,birthplace
191490,birthplace
191516,birthplace
191522,team
191524,birthyear
191524,team
191551,birthplace
191567,birthyear
191621,birthplace
191642,birthplace
191651,team
191666,birthplace
191680,birthplace
191693,birthplace
191731,birthplace
191733,birthyear
191745,team
191750,birthyear
191777,birthplace
191814,birthyear
191868,team
191940,team
192015,birthyear
192015,team
192045,birthyear
192056,birthplace
192058,team
192078,team
192086,birthyear
192102,birthplace
192107,birthplace
192139,birthyear
192157,team
192178,birthyear
192211,birthyear
192227,birthplace
192239,birthyear
192239,team
192240,birthplace
192242,birthplace
192252,team
192270,birthyear
192277,team
192318,birthplace
192319,birthyear
192330,birthyear
192370,team
192380,birthplace
192390,team
192394,birthplace
192395,birthplace
192418,birthyear
192451,team
192537,birthplace
192545,team
192548,birthplace
192551,birthyear
192594,birthyear
192613,birthplace
192642,birthplace
192691,team
192708,team
192729,birthyear
192730,team
192755,team
192769,birthplace
192780,team
192781,birthplace
192785,birthyear
192936,birthplace
192962,birthplace
193010,birthplace
193064,birthplace
193074,team
193081,team
193086,birthyear
193098,birthyear
193103,birthplace
193151,team
193219,team
193244,team
193258,team
193260,birthplace
193266,birthyear
193270,team
193278,birthplace
193296,team
193302,birthyear
193302,team
193330,birthplace
193337,birthplace
193367,birthplace
193390,birthplace
193394,birthplace
193400,birthyear
193429,team
193494,team
193509,birthyear
193527,team
193541,birthplace
193554,birthyear
193602,birthplace
193606,team
193609,birthplace
193623,birthyear
193674,birthplace
193703,birthplace
193712,birthyear
193721,birthplace
193729,birthplace
193751,birthyear
193751,team
193760,birthplace
193780,team
193815,team
193816,team
193827,team
193856,team
193857,birthplace
193861,birthplace
193879,birthplace
193895,birthplace
193911,birthplace
193923,birthyear
193952,team
194001,team
194018,birthyear
194109,birthyear
194109,team
194110,team
194115,birthyear
194115,team
194118,birthyear
194138,birthyear
194142,birthyear
194168,birthyear
194181,birthplace
194228,team
194239,team
194242,team
194338,team
194342,birthyear
194344,birthyear
194367,birthplace
194380,birthplace
194386,team
194394,birthyear
194402,birthplace
194403,birthplace
194404,birthplace
194408,birthplace
194411,birthplace
194437,team
194451,team
194457,birthyear
194475,birthplace
194480,birthplace
194485,birthplace
194492,birthplace
194495,birthyear
194506,team
194518,team
194525,birthplace
194656,birthplace
194662,birthplace
194675,team
194687,team
194692,team
194702,team
194783,birthplace
194793,birthyear
194814,birthyear
194818,birthplace
194853,birthplace
194877,team
194881,birthyear
194881,team
194896,team
194904,team
194911,team
194913,team
194914,birthplace
194946,team
194973,birthplace
194984,birthplace
194995,birthplace
194998,team
195048,team
195076,team
195099,birthplace
195120,birthplace
195123,team
195130,team
195134,birthplace
195149,birthyear
195156,birthplace
195165,birthyear
195165,team
195168,team
195189,birthplace
195196,team
195199,birthplace
195217,birthyear
195258,birthplace
195271,birthyear
195329,team
195334,team
195353,birthplace
195361,birthplace
195396,birthplace
195397,team
195430,birthplace
195443,team
195451,team
195455,birthplace
195468,birthyear
195485,birthplace
195533,birthplace
195553,birthplace
195560,birthyear
195572,birthyear
195577,birthyear
195601,team
195608,team
195610,team
195628,team
195677,team
195702,team
195704,team
195727,birthplace
195732,birthplace
195764,team
195779,birthplace
195805,birthyear
195875,birthplace
195878,birthyear
195950,birthplace
195991,birthplace
196016,birthplace
196031,birthyear
196059,birthyear
196130,birthplace
196161,birthplace
196187,birthplace
196234,birthplace
196256,team
196338,birthyear
196338,team
196347,team
196392,team
196402,birthplace
196407,birthyear
196418,team
196453,birthplace
196476,team
196501,birthyear
196502,birthyear
196508,birthyear
196539,team
196541,team
196544,birthplace
196546,birthyear
196578,birthyear
196578,team
196605,team
196620,team
196630,birthyear
196630,team
196644,birthyear
196654,birthplace
196699,birthplace
196701,birthplace
196708,birthplace
196715,birthyear
196721,birthplace
196785,team
196835,birthplace
196848,team
196852,birthplace
196859,team
196863,team
196893,birthyear
196893,team
196894,birthplace
196909,team
196955,birthyear
196995,birthplace
197004,team
197051,team
197092,team
197122,birthplace
197127,birthyear
197155,birthyear
197167,birthyear
197182,birthyear
197184,team
197185,team
197189,birthyear
197199,birthplace
197202,birthplace
197204,team
197206,birthplace
197289,birthplace
197326,birthyear
197338,birthplace
197359,birthplace
197382,birthplace
197408,birthplace
197414,team
197419,birthplace
197430,birthplace
197442,birthyear
197481,birthplace
197491,birthyear
197492,team
197496,birthplace
197515,birthplace
197537,team
197539,birthyear
197568,birthyear
197582,birthplace
197588,birthplace
197633,team
197641,birthyear
197658,birthyear
197674,birthyear
197676,team
197685,birthplace
197688,team
197716,team
197717,team
197720,birthplace
197731,birthplace
197760,birthplace
197767,birthyear
197782,team
197831,birthyear
197841,birthyear
197858,birthplace
197869,team
197903,birthplace
197934,birthplace
197978,birthplace
197996,birthplace
198004,birthplace
198081,team
198112,birthyear
198112,team
198120,birthyear
198137,team
198177,team
198207,birthplace
198217,birthplace
198259,team
198286,birthyear
198295,team
198301,birthplace
198317,birthplace
198318,birthyear
198349,birthplace
198419,birthplace
198420,birthyear
198440,birthyear
198455,team
198456,team
198464,team
198513,team
198534,birthplace
198557,team
198567,birthyear
198610,team
198611,birthplace
198628,birthplace
198648,team
198657,team
198670,birthyear
198715,birthplace
198717,birthplace
198767,team
198786,birthplace
198875,birthyear
198875,team
198886,birthyear
198905,team
198916,birthplace
198919,birthyear
198930,birthplace
198959,birthyear
199018,team
199029,birthplace
199036,birthyear
199064,birthplace
199117,team
199200,birthyear
199204,birthplace
199212,birthyear
199223,birthyear
199252,birthyear
199262,birthplace
199290,birthyear
199318,birthyear
199350,birthyear
199370,birthplace
199396,team
199423,birthplace
199460,team
199471,team
199506,team
199508,team
199511,birthyear
199526,birthyear
199562,team
199573,birthyear
199619,birthplace
199636,birthyear
199664,birthyear
199674,team
199715,team
199734,birthyear
199748,team
199755,team
199769,team
199772,birthplace
199780,birthplace
199811,team
199831,birthplace
199846,birthplace
199873,team
199879,birthyear
199896,birthyear
199969,team
199990,birthyear
